genes	protein	compartment	reactions	uniprot
A4galt	protein_A4galt	c	A4GALTc	Q67BJ4
Aars1	protein_Aars1	c	ALATRS	Q8BGQ7
Aasdhppt	protein_Aasdhppt	c	AASDHPPT	Q9CQF6
Abca1	protein_Abca1	pm	PCFLOPt;PSFLOPt;SMFLOPt	P41233
Abca7	protein_Abca7	pm	PCFLOPt;PEFLOPt;PSFLOPt;SMFLOPt	Q91V24
Abcb1a	protein_Abcb1a	pm	PCFLOPt;PEFLOPt;PRGNABCte;PRGNSABCte;SMFLOPt	P21447
Abcb1b	protein_Abcb1b	pm	PCFLOPt;PEFLOPt;PRGNABCte;PRGNSABCte;SMFLOPt	P06795
Abcb4	protein_Abcb4	pm	PCFLOPt;PEFLOPt;SMFLOPt	P21440
Abcb6	protein_Abcb6	pm	CPPP1ABCte;CPPP3ABCte;CPPPG3ABCte;FE2PHEMEABCte;HEMATINABCte;PPP9ABCte;UPP1ABCte;UPP3ABCte	Q9DC29
Abcc1	protein_Abcc1	pm	PCFLOPt;SMFLOPt;1SGTH2OHE1ABCte;1SGTH2OHE2ABCte;23CGAMPABCte;2SGTH4OHE1ABCte;2SGTH4OHE2ABCte;4GTH56DHIABCte;4SGTH2OHE1ABCte;4SGTH2OHE2ABCte;56DHIGTHABCte;ADRNLGTHABCte;ARSSELDIGTHABCte;DOPAGTHABCte;DPAMGTHABCte;E217BGLCRABCte;GTHNOABCte;GTHOXABCte;LADRNCHRGTHABCte;LDPCHRGTHABCte;LNRPPHRCHRGTHABCte;NRPPHRGTHABCte;PGA1GTHABC;PGA2GTHABC;PGA3GTHABC;SPHS1PABCte	O35379
Abcc4	protein_Abcc4	pm	1SGTH2OHE1ABCte;1SGTH2OHE2ABCte;2SGTH4OHE1ABCte;2SGTH4OHE2ABCte;4GTH56DHIABCte;4SGTH2OHE1ABCte;4SGTH2OHE2ABCte;56DHIGTHABCte;5FLURAABCte;5FTHFABCte;5MTHFABCte;ADRNLGTHABCte;ARSSELDIGTHABCte;BILRUBABCte;CAMPABCte;CGMPABCte;CHOLATEGTHABCte;CIMPABCte;DGCHOGTHABCte;DHEASABCte;DOPAGTHABCte;DPAMGTHABCte;E217BGLCRABCte;GCHOGTHABCte;GDCHOGTHABCte;GTHNOABCte;GTHOXABCte;GUDCHOGTHABCte;LADRNCHRGTHABCte;LDPCHRGTHABCte;LEUKTRB4ABCte;LEUKTRB5ABCte;LEUKTRC4ABCte;LEUKTRC5ABCte;LNRPPHRCHRGTHABCte;NRPPHRGTHABCte;PGA1GTHABC;PGA2GTHABC;PGA3GTHABC;PGE1ABCte;PGE2ABCte;PGE3ABCte;PGF1ABCte;PGF2ABCte;PGF3ABCte;TCHOGTHABCte;TDCHOGTHABCte;THGMPABCte;THIMPABCte;THXMPABCte;TUDCHOGTHABCte;URATEABCte	E9Q236
Abcc5	protein_Abcc5	pm	5FLURAABCte;CAMPABCte;CGMPABCte;CIMPABCte;LLACPHEABCte;SAICAABCte;THGMPABCte;THIMPABCte;THXMPABCte	Q9R1X5
Abce1	protein_Abce1	c	NTPA;NTPC;NTPG;NTPU	P61222
Abcg2	protein_Abcg2	pm	5FLURAABCte;5FTHFABCte;5MTHFABCte;DHEASABCte;E217BGLCRABCte;FE2PHEMEABCte;HEMATINABCte;INDSABCte;PPP9ABCte;RIBFLVABCte;SPHS1PABCte;URATEABCte	Q7TMS5
Abcg3	protein_Abcg3	pm	5FLURAABCte;5FTHFABCte;5MTHFABCte;DHEASABCte;E217BGLCRABCte;FE2PHEMEABCte;HEMATINABCte;INDSABCte;PPP9ABCte;RIBFLVABCte;SPHS1PABCte;URATEABCte	Q99P81
Abhd14b	protein_Abhd14b	c	PROTKDAC	Q8VCR7
Abhd16a	protein_Abhd16a	c	MAGL1;MAGL2;PAPLA2;PCOPLA2;PCPLA2;PCPPLA2;PEPLA2;PEPPLA2;PGD21GH;PIPLA2;PSPLA2	Q9Z1Q2
Abhd17b	protein_Abhd17b	c	PROTCSAE_14_0;PROTCSAE_16_0;PROTCSAE_18_0	Q7M759
Abo	protein_Abo	c	ABO1A;ABO1B;ABO2A;ABO2B;ABO3A;ABO3AB;ABO4A;ABO4B;ABO5A;ABO5B	P38649
Acat2	protein_Acat2	c	ACACT1	Q8CAY6
Acer2	protein_Acer2	c	ACER	Q8VD53
Acer3	protein_Acer3	c	ACER	Q9D099
Ache	protein_Ache	pm	ACHEe	P21836
Acly	protein_Acly	c	ACITL	Q91V92
Aco1	protein_Aco1	c	ACONT	P28271
Acot7	protein_Acot7	c	FACOAE_10_0;FACOAE_11_0;FACOAE_12_0;FACOAE_13_0;FACOAE_14_0;FACOAE_14_5Z;FACOAE_14_7Z;FACOAE_14_9Z;FACOAE_15_0;FACOAE_16_0;FACOAE_16_7Z;FACOAE_16_9Z;FACOAE_17_0;FACOAE_17_10Z;FACOAE_17_9Z;FACOAE_18_0;FACOAE_18_11Z;FACOAE_18_13Z;FACOAE_18_6Z9Z;FACOAE_18_6Z9Z12Z;FACOAE_18_6Z9Z12Z15Z;FACOAE_18_7Z;FACOAE_18_9E;FACOAE_18_9Z;FACOAE_18_9Z12Z;FACOAE_18_9Z12Z15Z;FACOAE_19_0;FACOAE_20_0;FACOAE_20_11Z;FACOAE_20_11Z14Z;FACOAE_20_11Z14Z17Z;FACOAE_20_13Z;FACOAE_20_5Z8Z11Z;FACOAE_20_5Z8Z11Z14Z;FACOAE_20_5Z8Z11Z14Z17Z;FACOAE_20_8Z11Z;FACOAE_20_8Z11Z14Z;FACOAE_20_8Z11Z14Z17Z;FACOAE_20_9Z;FACOAE_8_0;FACOAE_9_0	Q91V12
Acp1	protein_Acp1	c	FMNPH;PROTKRU5PPP;PROTYPP;THMMPP	Q9D358
Acsl1	protein_Acsl1	c	FACOAL_12_0;FACOAL_13_0;FACOAL_14_0;FACOAL_14_5Z;FACOAL_14_7Z;FACOAL_14_9Z;FACOAL_15_0;FACOAL_16_0;FACOAL_16_7Z;FACOAL_16_9Z;FACOAL_17_0;FACOAL_17_10Z;FACOAL_17_9Z;FACOAL_18_0;FACOAL_18_11Z;FACOAL_18_13Z;FACOAL_18_6Z9Z;FACOAL_18_6Z9Z12Z;FACOAL_18_6Z9Z12Z15Z;FACOAL_18_7Z;FACOAL_18_9E;FACOAL_18_9Z;FACOAL_18_9Z12Z;FACOAL_18_9Z12Z15Z;FACOAL_19_0;FACOAL_20_0;FACOAL_20_11Z;FACOAL_20_11Z14Z;FACOAL_20_11Z14Z17Z;FACOAL_20_13Z;FACOAL_20_5Z8Z11Z;FACOAL_20_5Z8Z11Z14Z;FACOAL_20_5Z8Z11Z14Z17Z;FACOAL_20_8Z11Z;FACOAL_20_8Z11Z14Z;FACOAL_20_8Z11Z14Z17Z;FACOAL_20_9Z;FACOAL_21_0;FACOAL_22_0;FACOAL_22_10Z13Z16Z;FACOAL_22_10Z13Z16Z19Z;FACOAL_22_11Z;FACOAL_22_13Z;FACOAL_22_13Z16Z;FACOAL_22_13Z16Z19Z;FACOAL_22_4Z7Z10Z13Z16Z;FACOAL_22_4Z7Z10Z13Z16Z19Z;FACOAL_22_7Z10Z13Z16Z;FACOAL_22_7Z10Z13Z16Z19Z;FACOAL_23_0;FACOAL_24_0;FACOAL_24_12Z15Z18Z21Z;FACOAL_24_15Z;FACOAL_24_6Z9Z12Z15Z18Z;FACOAL_24_6Z9Z12Z15Z18Z21Z;FACOAL_24_9Z12Z15Z18Z;FACOAL_24_9Z12Z15Z18Z21Z;FACOAL_26_0;FACOAL_26_17Z	P41216
Acsl3	protein_Acsl3	c	FACOAL_12_0;FACOAL_13_0;FACOAL_14_0;FACOAL_14_5Z;FACOAL_14_7Z;FACOAL_14_9Z;FACOAL_15_0;FACOAL_16_0;FACOAL_16_7Z;FACOAL_16_9Z;FACOAL_17_0;FACOAL_17_10Z;FACOAL_17_9Z;FACOAL_18_0;FACOAL_18_11Z;FACOAL_18_13Z;FACOAL_18_6Z9Z;FACOAL_18_6Z9Z12Z;FACOAL_18_6Z9Z12Z15Z;FACOAL_18_7Z;FACOAL_18_9E;FACOAL_18_9Z;FACOAL_18_9Z12Z;FACOAL_18_9Z12Z15Z;FACOAL_19_0;FACOAL_20_0;FACOAL_20_11Z;FACOAL_20_11Z14Z;FACOAL_20_11Z14Z17Z;FACOAL_20_13Z;FACOAL_20_5Z8Z11Z;FACOAL_20_5Z8Z11Z14Z;FACOAL_20_5Z8Z11Z14Z17Z;FACOAL_20_8Z11Z;FACOAL_20_8Z11Z14Z;FACOAL_20_8Z11Z14Z17Z;FACOAL_20_9Z;FACOAL_21_0;FACOAL_22_0;FACOAL_22_10Z13Z16Z;FACOAL_22_10Z13Z16Z19Z;FACOAL_22_11Z;FACOAL_22_13Z;FACOAL_22_13Z16Z;FACOAL_22_13Z16Z19Z;FACOAL_22_4Z7Z10Z13Z16Z;FACOAL_22_4Z7Z10Z13Z16Z19Z;FACOAL_22_7Z10Z13Z16Z;FACOAL_22_7Z10Z13Z16Z19Z;FACOAL_23_0;FACOAL_24_0;FACOAL_24_12Z15Z18Z21Z;FACOAL_24_15Z;FACOAL_24_6Z9Z12Z15Z18Z;FACOAL_24_6Z9Z12Z15Z18Z21Z;FACOAL_24_9Z12Z15Z18Z;FACOAL_24_9Z12Z15Z18Z21Z;FACOAL_26_0;FACOAL_26_17Z	Q9CZW4
Acsl4	protein_Acsl4	c	FACOAL_12_0;FACOAL_13_0;FACOAL_14_0;FACOAL_14_5Z;FACOAL_14_7Z;FACOAL_14_9Z;FACOAL_15_0;FACOAL_16_0;FACOAL_16_7Z;FACOAL_16_9Z;FACOAL_17_0;FACOAL_17_10Z;FACOAL_17_9Z;FACOAL_18_0;FACOAL_18_11Z;FACOAL_18_13Z;FACOAL_18_6Z9Z;FACOAL_18_6Z9Z12Z;FACOAL_18_6Z9Z12Z15Z;FACOAL_18_7Z;FACOAL_18_9E;FACOAL_18_9Z;FACOAL_18_9Z12Z;FACOAL_18_9Z12Z15Z;FACOAL_19_0;FACOAL_20_0;FACOAL_20_11Z;FACOAL_20_11Z14Z;FACOAL_20_11Z14Z17Z;FACOAL_20_13Z;FACOAL_20_5Z8Z11Z;FACOAL_20_5Z8Z11Z14Z;FACOAL_20_5Z8Z11Z14Z17Z;FACOAL_20_8Z11Z;FACOAL_20_8Z11Z14Z;FACOAL_20_8Z11Z14Z17Z;FACOAL_20_9Z;FACOAL_21_0;FACOAL_22_0;FACOAL_22_10Z13Z16Z;FACOAL_22_10Z13Z16Z19Z;FACOAL_22_11Z;FACOAL_22_13Z;FACOAL_22_13Z16Z;FACOAL_22_13Z16Z19Z;FACOAL_22_4Z7Z10Z13Z16Z;FACOAL_22_4Z7Z10Z13Z16Z19Z;FACOAL_22_7Z10Z13Z16Z;FACOAL_22_7Z10Z13Z16Z19Z;FACOAL_23_0;FACOAL_24_0;FACOAL_24_12Z15Z18Z21Z;FACOAL_24_15Z;FACOAL_24_6Z9Z12Z15Z18Z;FACOAL_24_6Z9Z12Z15Z18Z21Z;FACOAL_24_9Z12Z15Z18Z;FACOAL_24_9Z12Z15Z18Z21Z;FACOAL_26_0;FACOAL_26_17Z	Q9QUJ7
Acsl6	protein_Acsl6	c	FACOAL_12_0;FACOAL_13_0;FACOAL_14_0;FACOAL_14_5Z;FACOAL_14_7Z;FACOAL_14_9Z;FACOAL_15_0;FACOAL_16_0;FACOAL_16_7Z;FACOAL_16_9Z;FACOAL_17_0;FACOAL_17_10Z;FACOAL_17_9Z;FACOAL_18_0;FACOAL_18_11Z;FACOAL_18_13Z;FACOAL_18_6Z9Z;FACOAL_18_6Z9Z12Z;FACOAL_18_6Z9Z12Z15Z;FACOAL_18_7Z;FACOAL_18_9E;FACOAL_18_9Z;FACOAL_18_9Z12Z;FACOAL_18_9Z12Z15Z;FACOAL_19_0;FACOAL_20_0;FACOAL_20_11Z;FACOAL_20_11Z14Z;FACOAL_20_11Z14Z17Z;FACOAL_20_13Z;FACOAL_20_5Z8Z11Z;FACOAL_20_5Z8Z11Z14Z;FACOAL_20_5Z8Z11Z14Z17Z;FACOAL_20_8Z11Z;FACOAL_20_8Z11Z14Z;FACOAL_20_8Z11Z14Z17Z;FACOAL_20_9Z;FACOAL_21_0;FACOAL_22_0;FACOAL_22_10Z13Z16Z;FACOAL_22_10Z13Z16Z19Z;FACOAL_22_11Z;FACOAL_22_13Z;FACOAL_22_13Z16Z;FACOAL_22_13Z16Z19Z;FACOAL_22_4Z7Z10Z13Z16Z;FACOAL_22_4Z7Z10Z13Z16Z19Z;FACOAL_22_7Z10Z13Z16Z;FACOAL_22_7Z10Z13Z16Z19Z;FACOAL_23_0;FACOAL_24_0;FACOAL_24_12Z15Z18Z21Z;FACOAL_24_15Z;FACOAL_24_6Z9Z12Z15Z18Z;FACOAL_24_6Z9Z12Z15Z18Z21Z;FACOAL_24_9Z12Z15Z18Z;FACOAL_24_9Z12Z15Z18Z21Z;FACOAL_26_0;FACOAL_26_17Z	Q91WC3
Acss2	protein_Acss2	c	FACOAL_2_0;FACOAL_3_0	Q9QXG4
Acta1	protein_Acta1	c	NTPA	P68134
Actb	protein_Actb	c	NTPA	P60710
Actc1	protein_Actc1	c	NTPA	P68033
Actg1	protein_Actg1	c	NTPA	P63260
Actg2	protein_Actg2	c	NTPA	P63268
Acy1	protein_Acy1	c	ACMDAC;NACCYSDAC	Q99JW2
Acyp1	protein_Acyp1	c	ACYP;ACYP2;E14BPP	P56376
Acyp2	protein_Acyp2	c	ACYP;ACYP2;E14BPP	P56375
Ada	protein_Ada	c	ADA;DADA;RBVDA	P03958
Adcy10	protein_Adcy10	c	ADNCYC	Q8C0T9
Adcy2	protein_Adcy2	c	ADNCYC	Q80TL1
Adh5	protein_Adh5	c	ALCD2x;FAWOXx_10_10OH;FAWOXx_10_10OXO;FAWOXx_12_12OH;FAWOXx_12_12OXO;FAWOXx_14_14OH;FAWOXx_14_14OXO;FAWOXx_16_016OH;FAWOXx_16_016OXO;FAWOXx_20_5Z8Z11Z14Z20OH;FAWOXx_20_5Z8Z11Z14Z20OXO;FAWOXx_22_22OH;FAWOXx_22_22OXO;GTHNORDx;HMGTHDH;LALDO;LCARR;LCARS	P28474
Adi1	protein_Adi1	c	ARDFE2;ARDNI2	Q99JT9
Adk	protein_Adk	c	4PYRNK;ADNK1;AICAK;DADNK1;NRHK;RBVK	P55264
Ado	protein_Ado	c	CYSAMO	Q6PDY2
Adpgk	protein_Adpgk	c	ADPGK;ADPGKa	Q8VDL4
Adprs	protein_Adprs	c	ADPRDACAC1;NADN2;POLYADPRH;PROTSADPRH	Q8CG72
Adsl	protein_Adsl	c	ADSL1;ADSL2	P54822
Adss2	protein_Adss2	c	ADSS	P46664
Afmid	protein_Afmid	c	FKYNH	Q8K4H1
Agpat1	protein_Agpat1	c	LPAAT	O35083
Agpat3	protein_Agpat3	c	LPAAT;LPCAT;LPIAT;LPSAT	Q9D517
Agpat4	protein_Agpat4	c	LPAAT	Q8K4X7
Agt	protein_Agt	c	ANGIO1THOP;ANGIO2ASPH;ANGIO2DDP;ANGIO3ARGH;ANGIO4DDP;ANGIO58PEP	P11859
Ahcy	protein_Ahcy	c	AHC;SEAHCYSHYD	P50247
Ak1	protein_Ak1	c	ADK1;ADK3;ADK4;ADK5;ADK6;ADK7;DADK1;DADK3;DADK4;DADK5;DADK6;DADK7;NDPK1;NDPK2;NDPK3	Q9R0Y5
Akr1a1	protein_Akr1a1	c	3DGRy;ALCD19y;ALR2y;ALR3y;ARABR_Ly;GALOR;GHBDHy;GTHNORDy;GULND;PPDOy;SBTRa;SNOCOARD	Q9JII6
Akr1b1	protein_Akr1b1	c	3DGRy;6HOPTHPDH;6PTHPDH;ALCD19y;ALR2y;ALR3y;ARABR_Ly;ESTRADIOL23Q2ERy;ESTRADIOL34Q2ERy;ESTRONE23Q2ERy;ESTRONE34Q2ERy;GALOR;LALD_Ly;PGH2Ry;PPDOy;SBTRa;XYLR_Dy	P45376
Akr1c13	protein_Akr1c13	c	5ADHTRy;6PTHPDH2;ANDRSTNDNRy;ANDRSTRNRy;ESTRADIOL23Q2ERy;ESTRADIOL34Q2ERy;ESTRONE23Q2ERy;ESTRONE34Q2ERy;ESTRONEDHy;PGD2Ry;PGH2Ry;PRGSTRNRy;RDH2y	Q8VC28
Akr1c18	protein_Akr1c18	c	5ADHTRy;6PTHPDH2;ANDRSTNDNRy;ANDRSTRNRy;ESTRADIOL23Q2ERy;ESTRADIOL34Q2ERy;ESTRONE23Q2ERy;ESTRONE34Q2ERy;ESTRONEDHy;PGD2Ry;PGH2Ry;PRGSTRNRy;RDH2y	Q8K023
Akr1c21	protein_Akr1c21	c	5ADHTRy;6PTHPDH2;ANDRSTNDNRy;ANDRSTRNRy;ESTRADIOL23Q2ERy;ESTRADIOL34Q2ERy;ESTRONE23Q2ERy;ESTRONE34Q2ERy;ESTRONEDHy;PGD2Ry;PGH2Ry;PRGSTRNRy;RDH2y	Q91WR5
Akr1c6	protein_Akr1c6	c	5ADHTRy;6PTHPDH2;ANDRSTNDNRy;ANDRSTRNRy;ESTRADIOL23Q2ERy;ESTRADIOL34Q2ERy;ESTRONE23Q2ERy;ESTRONE34Q2ERy;ESTRONEDHy;PGD2Ry;PGH2Ry;PRGSTRNRy;RDH2y	P70694
Akr7a5	protein_Akr7a5	c	ALR2y;ALR3y;ARABR_Ly;ESTRADIOL23Q2ERy;ESTRADIOL34Q2ERy;ESTRONE23Q2ERy;ESTRONE34Q2ERy;GHBDHy;PPDOy;SBTRa	Q8CG76
Alad	protein_Alad	c	PPBNGS	P10518
Aldh1a1	protein_Aldh1a1	c	3DGDH;4H2HXEAL2EDHx;4H2NNEAL2EDHx;ABUTDx;ALDD2x;BZALDHx;HPTALDHx;HPTEAL2EDHx;HXALDHx;HXEAL2EDHx;MALDHx;NONALDHx;NONEAL2EDHx;OCTALDHx;OCTEAL2EDHx;PPALDHx;RADH1x;RADH2x;RADH3x;RADH4x	P24549
Aldh1a7	protein_Aldh1a7	c	3DGDH;4H2HXEAL2EDHx;4H2NNEAL2EDHx;ABUTDx;ALDD2x;BZALDHx;HPTALDHx;HPTEAL2EDHx;HXALDHx;HXEAL2EDHx;MALDHx;NONALDHx;NONEAL2EDHx;OCTALDHx;OCTEAL2EDHx;PPALDHx;RADH1x;RADH2x;RADH3x;RADH4x	O35945
Aldh3a1	protein_Aldh3a1	c	34DHALDDx;34DHALDDy;34DHXMANDACOXx;34DHXMANDACOXy;3M4HDXPACx;3M4HDXPACy;4H2HXEAL2EDHx;4H2NNEAL2EDHx;4HOXPACDORx;4HOXPACDORy;ALDD19x;ALDD19y;ALDD2x;ALDD2y;BZALDHx;HPTALDHx;HPTEAL2EDHx;HXALDHx;HXEAL2EDHx;MACOXO;NONALDHx;NONEAL2EDHx;OCTALDHx;OCTEAL2EDHx;RBTDG_Dx	P47739
Aldh3a2	protein_Aldh3a2	c	5HOXINDACTOX;ABUTDx;ALDD2x;BAMPPALDOXx;FRNSL2E6EDH;GLACOx;GLYALDD;HPTALDHx;HPTEAL2EDHx;HXALDHx;HXDCAL2EDHx;HXDCAL2EDHy;HXDCALDHx;HXDCALDHy;HXEAL2EDHx;IMACTD;MACOXO;MMALNDHx;NABTNO;NONALDHx;NONEAL2EDHx;OCTALDHx;OCTEAL2EDHx;PPALDHx;TMABADH	P47740
Aldh3b1	protein_Aldh3b1	c	34DHALDDx;34DHALDDy;34DHXMANDACOXx;34DHXMANDACOXy;3M4HDXPACx;3M4HDXPACy;4H2HXEAL2EDHx;4H2NNEAL2EDHx;4HOXPACDORx;4HOXPACDORy;ALDD19x;ALDD19y;ALDD2x;ALDD2y;BAMPPALDOXx;BZALDHx;HPTALDHx;HPTEAL2EDHx;HXALDHx;HXDCAL2EDHx;HXDCAL2EDHy;HXDCALDHx;HXDCALDHy;HXEAL2EDHx;LCAD;MACOXO;NONALDHx;NONEAL2EDHx;OCTALDHx;OCTEAL2EDHx;RBTDG_Dx	Q80VQ0
Aldh9a1	protein_Aldh9a1	c	5HOXINDACTOX;ABUTDx;ALDD20x;ALDD2x;BAMPPALDOXx;BETALDDHx;BZALDHx;GLACOx;GLYALDD;HPTALDHx;HPTEAL2EDHx;HXALDHx;HXEAL2EDHx;IMACTD;MMALNDHx;NABTNO;NONALDHx;NONEAL2EDHx;OCTALDHx;OCTEAL2EDHx;PPALDHx;TMABADH	Q9JLJ2
Aldoa	protein_Aldoa	c	FBA;FBA2;FBA3;FBA6	P05064
Aldob	protein_Aldob	c	FBA;FBA2;FBA3;FBA6	Q91Y97
Aldoc	protein_Aldoc	c	FBA;FBA2;FBA3;FBA6	P05063
Alpl	protein_Alpl	c	AHDTPPPH;ALKP;CRTNP;THMMPP	P09242
Alpl	protein_Alpl	pm	CRTNPe;ETHPe;NDPADPe;NTDAMPe;NTPAe;PPAe;PYDXPPe;THMMPPe	P09242
Amdhd2	protein_Amdhd2	c	AGDC	Q8JZV7
Ampd3	protein_Ampd3	c	AMPDA	O08739
Ank	protein_Ank	pm	ATPte;CITt	Q9JHZ2
Ano6	protein_Ano6	pm	LPCSCRt;PCSCRt;PSSCRt	Q6P9J9
Anpep	protein_Anpep	c	ANGIO3ARGH	P97449
Apeh	protein_Apeh	c	ACMAH	Q8R146
Apip	protein_Apip	c	MDRPD	Q9WVQ5
Aprt	protein_Aprt	c	ADPT;AICRT	P08030
Aqp1	protein_Aqp1	pm	CO2t;H2Ot;NH3t;NH4t;NOt;O2St;O2t	Q02013
Aqp3	protein_Aqp3	pm	ARSNIt;GLYCt;H2Ot;NH3t;NH4t	Q8R2N1
Arf1	protein_Arf1	c	NTPG	P84078
Arf6	protein_Arf6	c	NTPG	P62331
Arg1	protein_Arg1	c	ARGN	Q61176
Armt1	protein_Armt1	c	E4PP;F1PP;F6PP;GAPP;PROTGMT;R5PP	A6H630
Art4	protein_Art4	pm	PROTRADPRTe	Q9CRA0
Asl	protein_Asl	c	ARGSL	Q91YI0
Atg14	protein_Atg14	c	PI3K	Q8CDJ3
Atic	protein_Atic	c	AICART;IMPC	Q9CWJ9
Atp11a	protein_Atp11a	pm	PEFLIPt;PSFLIPt	P98197
Atp11b	protein_Atp11b	pm	PEFLIPt;PSFLIPt	Q6DFW5
Atp11c	protein_Atp11c	pm	PEFLIPt;PSFLIPt	Q9QZW0
Atp1a1	protein_Atp1a1	pm	NaKt	Q8VDN2
Atp1a3	protein_Atp1a3	pm	NaKt	Q6PIC6
Atp1a4	protein_Atp1a4	pm	NaKt	Q9WV27
Atp1b1	protein_Atp1b1	pm	NaKt	P14094
Atp1b2	protein_Atp1b2	pm	NaKt	P14231
Atp1b3	protein_Atp1b3	pm	NaKt	P97370
Atp2b1	protein_Atp2b1	pm	CAATPS1	G5E829
Atp2b4	protein_Atp2b4	pm	CAATPS1	Q6Q477
Atp6ap1	protein_Atp6ap1	pm	VATPASEte	Q9R1Q9
Atp6ap2	protein_Atp6ap2	pm	VATPASEte	Q9CYN9
Atp6v0a1	protein_Atp6v0a1	pm	VATPASEte	Q9Z1G4
Atp6v0b	protein_Atp6v0b	pm	VATPASEte	Q91V37
Atp6v0c	protein_Atp6v0c	pm	VATPASEte	P63082
Atp6v0d1	protein_Atp6v0d1	pm	VATPASEte	P51863
Atp6v0e	protein_Atp6v0e	pm	VATPASEte	Q9CQD8
Atp6v1a	protein_Atp6v1a	pm	VATPASEte	P50516
Atp6v1b2	protein_Atp6v1b2	pm	VATPASEte	P62814
Atp6v1c1	protein_Atp6v1c1	pm	VATPASEte	Q9Z1G3
Atp6v1d	protein_Atp6v1d	pm	VATPASEte	P57746
Atp6v1e1	protein_Atp6v1e1	pm	VATPASEte	P50518
Atp6v1f	protein_Atp6v1f	pm	VATPASEte	Q9D1K2
Atp6v1g1	protein_Atp6v1g1	pm	VATPASEte	Q9CR51
Atp6v1h	protein_Atp6v1h	pm	VATPASEte	Q8BVE3
Atp7a	protein_Atp7a	pm	CU1ABCte	Q64430
Atp7b	protein_Atp7b	pm	CU1ABCte	Q64446
B3galnt1	protein_B3galnt1	c	B3GALNT1c	Q920V1
Becn1	protein_Becn1	c	PI3K	O88597
Bhmt	protein_Bhmt	c	BHMT	O35490
Blvra	protein_Blvra	c	BILIREDx;BILIREDy	Q9CY64
Blvrb	protein_Blvrb	c	BILIREDx;BILIREDy;FADRy;FLVRy;FMNRy;PROTCSNOCOANT	Q923D2
Bmp2k	protein_Bmp2k	c	PROTSK;PROTTK	Q91Z96
Bpgm	protein_Bpgm	c	DPGM;DPGase;PGM	P15327
Bpnt1	protein_Bpnt1	c	BPNT;BPNT2;MI14P1PP	Q9Z0S1
Bsg	protein_Bsg	pm	2HB_5OXPROtex;2HB_ACACtex;2HB_ACtex;2HB_BUTtex;2HB_DLACtex;2HB_GLYCLTtex;2HB_PPAtex;2HBt2;2OBUT_2HBtex;2OBUT_5OXPROtex;2OBUT_ACACtex;2OBUT_ACtex;2OBUT_BUTtex;2OBUT_DLACtex;2OBUT_GLYCLTtex;2OBUT_LLACtex;2OBUT_PPAtex;2OBUTt;3MOBt2;4MOPt2;5OXPRO_ACACtex;5OXPRO_ACtex;5OXPRO_BUTtex;5OXPRO_DLACtex;5OXPRO_GLYCLTtex;5OXPRO_PPAtex;5OXPROt2;ACAC_ACtex;ACAC_GLYCLTtex;ACACt2;AC_GLYCLTtex;ACt2;BUT_ACACtex;BUT_ACtex;BUT_GLYCLTtex;BUT_PPAtex;BUTt2r;DLAC_ACACtex;DLAC_ACtex;DLAC_BUTtex;DLAC_GLYCLTtex;DLAC_PPAtex;D_LACt2;GLYCLTt2;H2SUCCt;LLAC_2HBtex;LLAC_5OXPROtex;LLAC_ACACtex;LLAC_ACtex;LLAC_BUTtex;LLAC_DLACtex;LLAC_GLYCLTtex;LLAC_PPAtex;L_LACt2;PPA_ACACtex;PPA_ACtex;PPA_GLYCLTtex;PPAt2r;PYR_2HBtex;PYR_2OBUTtex;PYR_5OXPROtex;PYR_ACACtex;PYR_ACtex;PYR_BUTtex;PYR_DLACtex;PYR_GLYCLTtex;PYR_LLACtex;PYR_PPAtex;PYRt2	P18572
C1galt1	protein_C1galt1	c	PROTKTnAgGALT;PROTSTnAgGALT	Q9JJ06
C1galt1c1	protein_C1galt1c1	c	PROTKTnAgGALT;PROTSTnAgGALT	Q9JMG2
Cab39	protein_Cab39	c	PROTSK;PROTTK	Q06138
Cab39l	protein_Cab39l	c	PROTSK;PROTTK	Q9DB16
Cacna1a	protein_Cacna1a	pm	CA2t	P97445
Cad	protein_Cad	c	ASPCT;DHORTS	B2RQC6
Cand1	protein_Cand1	c	NEDD8E2CONJT	Q6ZQ38
Car1	protein_Car1	c	HCO3E;UREAHYDL	P13634
Car2	protein_Car2	c	HCO3E;UREAHYDL	P00920
Car3	protein_Car3	c	HCO3E;UREAHYDL	P16015
Car4	protein_Car4	pm	HCO3Ee	Q64444
Carm1	protein_Carm1	c	PRMTMMA;PRMTSDMA	Q9WVG6
Cars1	protein_Cars1	c	CYSTRS	Q9ER72
Cat	protein_Cat	c	56DHIPX;ADRNLPX_L;CAT;DOPAPX_L;DPAMPX_L;LADRNCHRPX;LDPAMCHRPX;LDPCHRPX_L;LNRPPHRCHRPX;MEOHP;NRPPHRPX_L	P24270
Cbr1	protein_Cbr1	c	6PTHPDH;ADRNCHR2ERy;ADRNLQ2ERy_L;CRTSLRy;CRTSTRNRy;DOPAQ2ERy_L;DPAMCHR2ERy;DPAMQ2ERy_L;DPCHR2ERy_L;GTHNORDy;IND56Q2ERy;MNDN2ERy;NRPPHRCHR2ERy;NRPPHRQ2ERy_L;PGE1DHy;PGE1Ry;PGE2DHy;PGE2Ry;PGE3DHy;PGE3Ry;PGF1DHy;PGF2DHy;PGF3DHy;SPPTDH	P48758
Cbr3	protein_Cbr3	c	ADRNCHR2ERy;ADRNLQ2ERy_L;DOPAQ2ERy_L;DPAMCHR2ERy;DPAMQ2ERy_L;DPCHR2ERy_L;IND56Q2ERy;NRPPHRCHR2ERy;NRPPHRQ2ERy_L	Q8K354
Cd36	protein_Cd36	pm	FAt_16_0;FAt_16_2E;FAt_18_0;FAt_18_9Z;FAt_18_9Z12Z;FAt_20_5Z8Z11Z14Z;FAt_hs_10_0;FAt_hs_11_0;FAt_hs_12_0;FAt_hs_13_0;FAt_hs_14_0;FAt_hs_14_5Z;FAt_hs_14_7Z;FAt_hs_14_9Z;FAt_hs_15_0;FAt_hs_16_7Z;FAt_hs_16_9Z;FAt_hs_17_0;FAt_hs_17_10Z;FAt_hs_17_9Z;FAt_hs_18_11Z;FAt_hs_18_13Z;FAt_hs_18_6Z9Z;FAt_hs_18_6Z9Z12Z;FAt_hs_18_6Z9Z12Z15Z;FAt_hs_18_7Z;FAt_hs_18_9E;FAt_hs_18_9Z12Z15Z;FAt_hs_19_0;FAt_hs_20_0;FAt_hs_20_11Z;FAt_hs_20_11Z14Z;FAt_hs_20_11Z14Z17Z;FAt_hs_20_13Z;FAt_hs_20_5Z8Z11Z;FAt_hs_20_5Z8Z11Z14Z17Z;FAt_hs_20_8Z11Z;FAt_hs_20_8Z11Z14Z;FAt_hs_20_8Z11Z14Z17Z;FAt_hs_20_9Z;FAt_hs_21_0;FAt_hs_22_0;FAt_hs_22_10Z13Z16Z;FAt_hs_22_10Z13Z16Z19Z;FAt_hs_22_11Z;FAt_hs_22_13Z;FAt_hs_22_13Z16Z;FAt_hs_22_13Z16Z19Z;FAt_hs_22_4Z7Z10Z13Z16Z;FAt_hs_22_4Z7Z10Z13Z16Z19Z;FAt_hs_22_7Z10Z13Z16Z;FAt_hs_22_7Z10Z13Z16Z19Z;FAt_hs_23_0;FAt_hs_24_0;FAt_hs_24_12Z15Z18Z21Z;FAt_hs_24_15Z;FAt_hs_24_6Z9Z12Z15Z18Z;FAt_hs_24_6Z9Z12Z15Z18Z21Z;FAt_hs_24_9Z12Z15Z18Z;FAt_hs_24_9Z12Z15Z18Z21Z;FAt_hs_26_0;FAt_hs_26_17Z;FAt_hs_4_0;FAt_hs_5_0;FAt_hs_6_0;FAt_hs_7_0;FAt_hs_8_0;FAt_hs_9_0	Q08857
Cd38	protein_Cd38	c	CADPRBPH;CADPRIBH;DNADPL;NADL;NADN;NADPL;NADPN;NMNN	P56528
Cd38	protein_Cd38	pm	CADPRIBtec;CADPRBPHe;CADPRIBHe;DNADPLe;NADLe;NADNe;NADPLe;NADPNe;NMNNe	P56528
Cdc34	protein_Cdc34	c	UBIQE1E2T;UBIQE1T	Q8CFI2
Cdc37	protein_Cdc37	c	NTPA	Q61081
Cdc42	protein_Cdc42	c	NTPG	P60766
Cdipt	protein_Cdipt	c	CDIPT	Q8VDP6
Cdk2	protein_Cdk2	c	PROTSK;PROTTK	P97377
Cdk4	protein_Cdk4	c	PROTSK;PROTTK	P30285
Cdk5	protein_Cdk5	c	PROTSK;PROTTK	P49615
Cdk6	protein_Cdk6	c	PROTSK;PROTTK	Q64261
Cds2	protein_Cds2	c	CDS	Q99L43
Cftr	protein_Cftr	pm	Clt;NTPA	P26361
Chac2	protein_Chac2	c	GGCLUT2	Q9CQG1
Ckb	protein_Ckb	c	CK	Q04447
Ckb	protein_Ckb	pm	CKe	Q04447
Ckm	protein_Ckm	c	CK	P07310
Ckm	protein_Ckm	pm	CKe	P07310
Clcn2	protein_Clcn2	pm	Clt;H_2Clt;It;NO3t	Q9R0A1
Clcn3	protein_Clcn3	pm	H_2Clt	P51791
Clcn4	protein_Clcn4	pm	H_2Clt	Q61418
Clcn5	protein_Clcn5	pm	H_2Clt	Q9WVD4
Clic1	protein_Clic1	pm	Clt;It;NO3t	Q9Z1Q5
Clic3	protein_Clic3	pm	Clt	Q9D7P7
Clic4	protein_Clic4	pm	Clt;It;NO3t	Q9QYB1
Clns1a	protein_Clns1a	c	PRMTMMA;PRMTSDMA	Q61189
Cmpk1	protein_Cmpk1	c	5FLUMPK;CYTK1;CYTK13;CYTK2;CYTK8;NDPK1;NDPK3;UMPK1;UMPK5	Q9DBP5
Cmpk2	protein_Cmpk2	c	CYTK1;CYTK13;CYTK2;CYTK8;NDPK1;NDPK3;UMPK1;UMPK5	Q3U5Q7
Cndp2	protein_Cndp2	c	2ABUTGLYDP;AMPTASECG;FLDPP;FYDPP;GFDPP;GGDPP;GLDPP;GWDPP;KLDPP;LADPP;LGDPP;LLACPHEHYD;LLDPP;PFDPP;PLDPP;VLDPP	Q9D1A2
Cnp	protein_Cnp	c	23CN3PA;23CN3PC;23CN3PG;23CN3PU	P16330
Coasy	protein_Coasy	c	DPCOAK;PTPAT	Q9DBL7
Comt	protein_Comt	c	2OHE1MT;2OHE1MT2;2OHE2MT;2OHE2MT2;34DHOXMANDMT;34DHPHAMT;4OHE1MT;4OHE2MT;LDOPAMT;LDPAMMT;SALMCOM;SALMCOM2	O88587
Cp	protein_Cp	pm	FEROXe	Q61147
Cpped1	protein_Cpped1	c	PROTSPP;PROTTPP	Q8BFS6
Cpt1a	protein_Cpt1a	c	CRNAT_10_0;CRNAT_10_2E;CRNAT_10_2E6Z;CRNAT_10_3OH_S;CRNAT_10_DC;CRNAT_11_0;CRNAT_12_0;CRNAT_12_2E;CRNAT_12_3OH_S;CRNAT_12_DC;CRNAT_13_0;CRNAT_14_0;CRNAT_14_2E;CRNAT_14_3OH_S;CRNAT_14_5E8Z;CRNAT_14_5E8Z3OH_S;CRNAT_14_5Z;CRNAT_14_7Z;CRNAT_14_7Z3OH_S;CRNAT_14_9Z;CRNAT_15_0;CRNAT_16_0;CRNAT_16_2E;CRNAT_16_3OH_S;CRNAT_16_7E10Z3OH_S;CRNAT_16_7Z;CRNAT_16_9Z;CRNAT_16_9Z3OH_S;CRNAT_16_DC;CRNAT_17_0;CRNAT_17_10Z;CRNAT_17_9Z;CRNAT_18_0;CRNAT_18_11Z;CRNAT_18_13Z;CRNAT_18_2E;CRNAT_18_3OH_S;CRNAT_18_6Z9Z;CRNAT_18_6Z9Z12Z;CRNAT_18_6Z9Z12Z15Z;CRNAT_18_7Z;CRNAT_18_9E;CRNAT_18_9Z;CRNAT_18_9Z12Z;CRNAT_18_9Z12Z15Z;CRNAT_18_9Z12Z3OH_S;CRNAT_18_9Z3OH_S;CRNAT_19_0;CRNAT_20_0;CRNAT_20_11Z;CRNAT_20_11Z14Z;CRNAT_20_11Z14Z17Z;CRNAT_20_13Z;CRNAT_20_5Z8Z11Z;CRNAT_20_5Z8Z11Z14Z;CRNAT_20_5Z8Z11Z14Z17Z;CRNAT_20_8Z11Z;CRNAT_20_8Z11Z14Z;CRNAT_20_8Z11Z14Z17Z;CRNAT_20_9Z;CRNAT_21_0;CRNAT_22_0;CRNAT_22_10Z13Z16Z;CRNAT_22_10Z13Z16Z19Z;CRNAT_22_11Z;CRNAT_22_13Z;CRNAT_22_13Z16Z;CRNAT_22_13Z16Z19Z;CRNAT_22_4Z7Z10Z13Z16Z;CRNAT_22_4Z7Z10Z13Z16Z19Z;CRNAT_22_7Z10Z13Z16Z;CRNAT_22_7Z10Z13Z16Z19Z;CRNAT_6_0;CRNAT_6_2E;CRNAT_6_3OH_S;CRNAT_6_DC;CRNAT_7_0;CRNAT_7_3OH_S;CRNAT_7_DC;CRNAT_8_0;CRNAT_8_2E;CRNAT_8_3OH_S;CRNAT_8_DC;CRNAT_9_0;CRNAT_9_3OH_S;PROTKSUCT	P97742
Crppa	protein_Crppa	c	R5PCT;RBTCT;RU5PCT	Q5RJG7
Cryl1	protein_Cryl1	c	GULN3D	Q99KP3
Csnk1a1	protein_Csnk1a1	c	PROTSK;PROTTK	Q8BK63
Csnk1g1	protein_Csnk1g1	c	PROTSK;PROTTK	Q8BTH8
Csnk1g2	protein_Csnk1g2	c	PROTSK;PROTTK	Q8BVP5
Csnk1g3	protein_Csnk1g3	c	PROTSK;PROTTK	Q8C4X2
Csnk2a1	protein_Csnk2a1	c	PROTSK;PROTTK	Q60737
Csnk2a2	protein_Csnk2a2	c	PROTSK;PROTTK	O54833
Csnk2b	protein_Csnk2b	c	PROTSK;PROTTK	P67871
Cth	protein_Cth	c	CYSIL2;CYSL2;CYSLNET;CYSTL1;CYSTL2;SELCYSTL1;SELMETHL1	Q8VCN5
Ctps1	protein_Ctps1	c	CTPS1;CTPS2;GLUN	P70698
Ctps2	protein_Ctps2	c	CTPS1;CTPS2;GLUN	P70303
Cul1	protein_Cul1	c	NEDD8E2CONJT;UBIQE2CONJT	Q9WTX6
Cul2	protein_Cul2	c	UBIQE2CONJT	Q9D4H8
Cul3	protein_Cul3	c	UBIQE2CONJT	Q9JLV5
Cul4a	protein_Cul4a	c	UBIQE2CONJT	Q3TCH7
Cul4b	protein_Cul4b	c	UBIQE2CONJT	A2A432
Cul5	protein_Cul5	c	UBIQE2CONJT	Q9D5V5
Cyb561d2	protein_Cyb561d2	pm	TMASCBOXt;TMASCBOXt2;TMASCBOXt3	Q9WUE3
Cyb5a	protein_Cyb5a	c	ADRNCHR1ERx;ADRNLQ1ERx_L;AVITE1RCYTB5R;CYTB5ASCBR;CYTBFADSD5_20_8Z11Z14Z;CYTBFADSD5_20_8Z11Z14Z17Z;CYTBFADSD6_18_9Z;CYTBFADSD6_18_9Z12Z;CYTBFADSD6_18_9Z12Z15Z;CYTBFADSD6_20_11Z14Z;CYTBFADSD6_20_11Z14Z17Z;CYTBFADSD9_16_0;CYTBFADSD9_18_0;DOPAQ1ERx_L;DPAMCHR1ERx;DPAMQ1ERx_L;DPCHR1ERx_L;ESTRADIOL23Q1ERx;ESTRADIOL34Q1ERx;ESTRONE23Q1ERx;ESTRONE34Q1ERx;FCYTOB5OXR;IND56Q1ERx;METHBCYTBR;NRPPHRCHR1ERx;NRPPHRQ1ERx_L	P56395
Cyb5b	protein_Cyb5b	c	ADRNCHR1ERx;ADRNLQ1ERx_L;AVITE1RCYTB5R;CYTB5ASCBR;CYTBFADSD5_20_8Z11Z14Z;CYTBFADSD5_20_8Z11Z14Z17Z;CYTBFADSD6_18_9Z;CYTBFADSD6_18_9Z12Z;CYTBFADSD6_18_9Z12Z15Z;CYTBFADSD6_20_11Z14Z;CYTBFADSD6_20_11Z14Z17Z;CYTBFADSD9_16_0;CYTBFADSD9_18_0;DOPAQ1ERx_L;DPAMCHR1ERx;DPAMQ1ERx_L;DPCHR1ERx_L;ESTRADIOL23Q1ERx;ESTRADIOL34Q1ERx;ESTRONE23Q1ERx;ESTRONE34Q1ERx;FCYTOB5OXR;IND56Q1ERx;METHBCYTBR;NRPPHRCHR1ERx;NRPPHRQ1ERx_L	Q9CQX2
Cyb5r3	protein_Cyb5r3	c	ADRNCHR1ERx;ADRNLQ1ERx_L;AVITE1RCYTB5R;CYTB5ASCBR;DOPAQ1ERx_L;DPAMCHR1ERx;DPAMQ1ERx_L;DPCHR1ERx_L;ESTRADIOL23Q1ERx;ESTRADIOL34Q1ERx;ESTRONE23Q1ERx;ESTRONE34Q1ERx;FCYTOB5OXR;IND56Q1ERx;NRPPHRCHR1ERx;NRPPHRQ1ERx_L	Q9DCN2
Cybrd1	protein_Cybrd1	pm	TMASCBOXt;TMASCBOXt2;TMASCBOXt3	Q925G2
Dagla	protein_Dagla	c	DAGL1;DAGL2;TAGL	Q6WQJ1
Daglb	protein_Daglb	c	DAGL1;DAGL2;TAGL	Q91WC9
Dars1	protein_Dars1	c	ASPTRS	Q922B2
Dcaf11	protein_Dcaf11	c	UBIQE2CONJT	Q91VU6
Dcaf6	protein_Dcaf6	c	UBIQE2CONJT	Q9DC22
Dcaf7	protein_Dcaf7	c	UBIQE2CONJT	P61963
Dctpp1	protein_Dctpp1	c	NDPC;NTPPDC	Q9QY93
Dcxr	protein_Dcxr	c	XYLUR_Ly	Q91X52
Ddb1	protein_Ddb1	c	UBIQE2CONJT	Q3U1J4
Ddt	protein_Ddt	c	DOPACHRMDC_D	O35215
Dera	protein_Dera	c	DRPA	Q91YP3
Derl1	protein_Derl1	c	NTPA	Q99J56
Dgka	protein_Dgka	c	DAGK;DAGOACK;DAGOK;MAGOK	O88673
Dhfr	protein_Dhfr	c	DHFRy	P00375
Dhrs11	protein_Dhrs11	c	5ADHTRy;ANDRSTNDNRy;ESTRONEDHy;PRGSTRNRy	Q3U0B3
Dnm2	protein_Dnm2	c	NTPG	P39054
Dnm3	protein_Dnm3	c	NTPG	Q8BZ98
Dnpep	protein_Dnpep	c	ANGIO2ASPH	Q9Z2W0
Dnph1	protein_Dnph1	c	DAMPNH;DCMPNH;DGMPNH;DIMPNH;DTMPNH;DUMPNH	Q80VJ3
Dpp3	protein_Dpp3	c	ANGIO2DDP;ANGIO3ARGH;ANGIO4DDP	Q99KK7
Dpyd	protein_Dpyd	c	D5FURADy;DTHYMy;DURADy	Q8CHR6
Dtymk	protein_Dtymk	c	DTMPK1;DTMPK2;DUMPK1;DUMPK2	P97930
Dusp23	protein_Dusp23	c	PROTSPP;PROTTPP;PROTYPP	Q6NT99
Ebp	protein_Ebp	c	CHLSTD78I;CHLSTI1	P70245
Echdc1	protein_Echdc1	c	EMCD;MMCD	Q9D9V3
Eef2	protein_Eef2	c	NTPG	P58252
Elob	protein_Elob	c	UBIQE2CONJT	P62869
Eloc	protein_Eloc	c	UBIQE2CONJT	P83940
Emb	protein_Emb	pm	2HB_5OXPROtex;2HB_ACACtex;2HB_ACtex;2HB_BUTtex;2HB_DLACtex;2HB_GLYCLTtex;2HB_PPAtex;2HBt2;2OBUT_2HBtex;2OBUT_5OXPROtex;2OBUT_ACACtex;2OBUT_ACtex;2OBUT_BUTtex;2OBUT_DLACtex;2OBUT_GLYCLTtex;2OBUT_LLACtex;2OBUT_PPAtex;2OBUTt;3MOBt2;4MOPt2;5OXPRO_ACACtex;5OXPRO_ACtex;5OXPRO_BUTtex;5OXPRO_DLACtex;5OXPRO_GLYCLTtex;5OXPRO_PPAtex;5OXPROt2;ACAC_ACtex;ACAC_GLYCLTtex;ACACt2;AC_GLYCLTtex;ACt2;BUT_ACACtex;BUT_ACtex;BUT_GLYCLTtex;BUT_PPAtex;BUTt2r;DLAC_ACACtex;DLAC_ACtex;DLAC_BUTtex;DLAC_GLYCLTtex;DLAC_PPAtex;D_LACt2;GLYCLTt2;H2SUCCt;LLAC_2HBtex;LLAC_5OXPROtex;LLAC_ACACtex;LLAC_ACtex;LLAC_BUTtex;LLAC_DLACtex;LLAC_GLYCLTtex;LLAC_PPAtex;L_LACt2;PPA_ACACtex;PPA_ACtex;PPA_GLYCLTtex;PPAt2r;PYR_2HBtex;PYR_2OBUTtex;PYR_5OXPROtex;PYR_ACACtex;PYR_ACtex;PYR_BUTtex;PYR_DLACtex;PYR_GLYCLTtex;PYR_LLACtex;PYR_PPAtex;PYRt2	P21995
Eno1	protein_Eno1	c	ENO	P17182
Eno2	protein_Eno2	c	ENO	P17183
Eno3	protein_Eno3	c	ENO	P21550
Enoph1	protein_Enoph1	c	ENOPH	Q8BGB7
Entpd1	protein_Entpd1	pm	NDPADPe;NTPAe	P55772
Ephx1	protein_Ephx1	c	EDP1011EPHX;EDP1314EPHX;EDP1617EPHX;EDP1920EPHX;EDP78EPHX;EEQ1112EPHX;EEQ1415EPHX;EEQ1718EPHX;EEQ56EPHX;EEQ89EPHX;EET1112EPHX;EET1314EPHX;EET56EPHX;EET89EPHX;EPOME1213EPHX;EPOME910EPHX	Q9D379
Ephx2	protein_Ephx2	c	EDP1011EPHX;EDP1314EPHX;EDP1617EPHX;EDP1920EPHX;EDP78EPHX;EEQ1112EPHX;EEQ1415EPHX;EEQ1718EPHX;EEQ56EPHX;EEQ89EPHX;EET1112EPHX;EET1314EPHX;EET56EPHX;EET89EPHX;EPOME1213EPHX;EPOME910EPHX	P34914
Eprs1	protein_Eprs1	c	GLUTRS;PROTRS	Q8CGC7
Esd	protein_Esd	c	AC4OACNAMDC;AC9OACNAMDC;SFGTH	Q9R0P3
Fabp1	protein_Fabp1	pm	FAt_16_0;FAt_16_2E;FAt_18_0;FAt_18_9Z;FAt_18_9Z12Z;FAt_20_5Z8Z11Z14Z;FAt_hs_10_0;FAt_hs_11_0;FAt_hs_12_0;FAt_hs_13_0;FAt_hs_14_0;FAt_hs_14_5Z;FAt_hs_14_7Z;FAt_hs_14_9Z;FAt_hs_15_0;FAt_hs_16_7Z;FAt_hs_16_9Z;FAt_hs_17_0;FAt_hs_17_10Z;FAt_hs_17_9Z;FAt_hs_18_11Z;FAt_hs_18_13Z;FAt_hs_18_6Z9Z;FAt_hs_18_6Z9Z12Z;FAt_hs_18_6Z9Z12Z15Z;FAt_hs_18_7Z;FAt_hs_18_9E;FAt_hs_18_9Z12Z15Z;FAt_hs_19_0;FAt_hs_20_0;FAt_hs_20_11Z;FAt_hs_20_11Z14Z;FAt_hs_20_11Z14Z17Z;FAt_hs_20_13Z;FAt_hs_20_5Z8Z11Z;FAt_hs_20_5Z8Z11Z14Z17Z;FAt_hs_20_8Z11Z;FAt_hs_20_8Z11Z14Z;FAt_hs_20_8Z11Z14Z17Z;FAt_hs_20_9Z;FAt_hs_21_0;FAt_hs_22_0;FAt_hs_22_10Z13Z16Z;FAt_hs_22_10Z13Z16Z19Z;FAt_hs_22_11Z;FAt_hs_22_13Z;FAt_hs_22_13Z16Z;FAt_hs_22_13Z16Z19Z;FAt_hs_22_4Z7Z10Z13Z16Z;FAt_hs_22_4Z7Z10Z13Z16Z19Z;FAt_hs_22_7Z10Z13Z16Z;FAt_hs_22_7Z10Z13Z16Z19Z;FAt_hs_23_0;FAt_hs_24_0;FAt_hs_24_12Z15Z18Z21Z;FAt_hs_24_15Z;FAt_hs_24_6Z9Z12Z15Z18Z;FAt_hs_24_6Z9Z12Z15Z18Z21Z;FAt_hs_24_9Z12Z15Z18Z;FAt_hs_24_9Z12Z15Z18Z21Z;FAt_hs_26_0;FAt_hs_26_17Z;FAt_hs_4_0;FAt_hs_5_0;FAt_hs_6_0;FAt_hs_7_0;FAt_hs_8_0;FAt_hs_9_0	P12710
Fabp5	protein_Fabp5	pm	FAt_16_0;FAt_16_2E;FAt_18_0;FAt_18_9Z;FAt_18_9Z12Z;FAt_20_5Z8Z11Z14Z;FAt_hs_10_0;FAt_hs_11_0;FAt_hs_12_0;FAt_hs_13_0;FAt_hs_14_0;FAt_hs_14_5Z;FAt_hs_14_7Z;FAt_hs_14_9Z;FAt_hs_15_0;FAt_hs_16_7Z;FAt_hs_16_9Z;FAt_hs_17_0;FAt_hs_17_10Z;FAt_hs_17_9Z;FAt_hs_18_11Z;FAt_hs_18_13Z;FAt_hs_18_6Z9Z;FAt_hs_18_6Z9Z12Z;FAt_hs_18_6Z9Z12Z15Z;FAt_hs_18_7Z;FAt_hs_18_9E;FAt_hs_18_9Z12Z15Z;FAt_hs_19_0;FAt_hs_20_0;FAt_hs_20_11Z;FAt_hs_20_11Z14Z;FAt_hs_20_11Z14Z17Z;FAt_hs_20_13Z;FAt_hs_20_5Z8Z11Z;FAt_hs_20_5Z8Z11Z14Z17Z;FAt_hs_20_8Z11Z;FAt_hs_20_8Z11Z14Z;FAt_hs_20_8Z11Z14Z17Z;FAt_hs_20_9Z;FAt_hs_21_0;FAt_hs_22_0;FAt_hs_22_10Z13Z16Z;FAt_hs_22_10Z13Z16Z19Z;FAt_hs_22_11Z;FAt_hs_22_13Z;FAt_hs_22_13Z16Z;FAt_hs_22_13Z16Z19Z;FAt_hs_22_4Z7Z10Z13Z16Z;FAt_hs_22_4Z7Z10Z13Z16Z19Z;FAt_hs_22_7Z10Z13Z16Z;FAt_hs_22_7Z10Z13Z16Z19Z;FAt_hs_23_0;FAt_hs_24_0;FAt_hs_24_12Z15Z18Z21Z;FAt_hs_24_15Z;FAt_hs_24_6Z9Z12Z15Z18Z;FAt_hs_24_6Z9Z12Z15Z18Z21Z;FAt_hs_24_9Z12Z15Z18Z;FAt_hs_24_9Z12Z15Z18Z21Z;FAt_hs_26_0;FAt_hs_26_17Z;FAt_hs_4_0;FAt_hs_5_0;FAt_hs_6_0;FAt_hs_7_0;FAt_hs_8_0;FAt_hs_9_0	Q05816
Fads1	protein_Fads1	c	CYTBFADSD5_20_8Z11Z14Z;CYTBFADSD5_20_8Z11Z14Z17Z	Q920L1
Fads2	protein_Fads2	c	CYTBFADSD6_18_9Z;CYTBFADSD6_18_9Z12Z;CYTBFADSD6_18_9Z12Z15Z;CYTBFADSD6_20_11Z14Z;CYTBFADSD6_20_11Z14Z17Z	Q9Z0R9
Faf1	protein_Faf1	c	NTPA	P54731
Faf2	protein_Faf2	c	NTPA	Q3TDN2
Fah	protein_Fah	c	FUMAC;FUMAC2	P35505
Fahd1	protein_Fahd1	c	OAADC	Q8R0F8
Farsa	protein_Farsa	c	PHETRS	Q8C0C7
Farsb	protein_Farsb	c	PHETRS	Q9WUA2
Fasn	protein_Fasn	c	3OHAACPDH1;3OHAACPDH2;3OHAACPDH3;3OHAACPDH4;3OHAACPDH5;3OHAACPDH6;3OHAACPDH7;3OHAACPDH8;3OXAACPR1y;3OXAACPR2y;3OXAACPR3y;3OXAACPR4y;3OXAACPR5y;3OXAACPR6y;3OXAACPR7y;3OXAACPR8y;ACOATA;BKAACPSYN1;BKAACPSYN2;BKAACPSYN3;BKAACPSYN4;BKAACPSYN5;BKAACPSYN6;BKAACPSYN7;BKAACPSYN8;EACPR1y;EACPR2y;EACPR3y;EACPR4y;EACPR5y;EACPR6y;EACPR7y;EACPR8y;FA120ACPH;FA140ACPH;FA160ACPH;FA180ACPH;MCOATA	P19096
Fbxl20	protein_Fbxl20	c	UBIQE2CONJT	Q9CZV8
Fbxo4	protein_Fbxo4	c	UBIQE2CONJT	Q8CHQ0
Fbxo7	protein_Fbxo7	c	UBIQE2CONJT	Q3U7U3
Fcsk	protein_Fcsk	c	FK	Q7TMC8
Fdps	protein_Fdps	c	DMATT;GRTT	Q920E5
Fh1	protein_Fh1	c	FUM	P97807
Fig4	protein_Fig4	c	PI345P5P;PI35P5P;PI45P5P	Q91WF7
Fkbp1a	protein_Fkbp1a	c	PEPTDPROI	P26883
Fkbp2	protein_Fkbp2	c	PEPTDPROI	P45878
Fkbp3	protein_Fkbp3	c	PEPTDPROI	Q62446
Fkbp4	protein_Fkbp4	c	PEPTDPROI	P30416
Fkbp5	protein_Fkbp5	c	PEPTDPROI	Q64378
Flad1	protein_Flad1	c	FMNAT	Q8R123
Flvcr1	protein_Flvcr1	pm	PHEMEt	B2RXV4
Fn3k	protein_Fn3k	c	FRU3K;PROTKFRU3K;PROTKRBLK	Q9ER35
Fn3krp	protein_Fn3krp	c	PROTKRBLK	Q8K274
Fth1	protein_Fth1	c	FISC	P09528
Ftl1	protein_Ftl1	c	FISC	P29391
Ftl2_ps	protein_Ftl2_ps	c	FISC	P49945
Fut1	protein_Fut1	c	FUTGAL2A;FUTGLOBO1;FUTINLC8CER1;FUTINLC8CER2;FUTLC4CER;FUTLC5CER;FUTNLC5CER;FUTNLC6CER;FUTNLC7CER;FUTPGBSIDE	O09160
Fxn	protein_Fxn	c	FEROX	O35943
Fyn	protein_Fyn	c	PROTYK	P39688
G6pd2	protein_G6pd2	c	G6PDH2	P97324
G6pdx	protein_G6pdx	c	G6PDH2	Q00612
Gale	protein_Gale	c	UAG4E;UDPG4E	Q8R059
Galk1	protein_Galk1	c	GALK	Q9R0N0
Galk2	protein_Galk2	c	GALK	Q68FH4
Galm	protein_Galm	c	GALM;GLCM	Q8K157
Galnt10	protein_Galnt10	c	PROTSACGALT;PROTTACGALT	Q6P9S7
Galnt2	protein_Galnt2	c	PROTSACGALT;PROTTACGALT	Q6PB93
Galnt4	protein_Galnt4	c	PROTSACGALT;PROTTACGALT	O08832
Galnt5	protein_Galnt5	c	PROTSACGALT;PROTTACGALT	Q8C102
Galnt6	protein_Galnt6	c	PROTSACGALT;PROTTACGALT	Q8C7U7
Galnt7	protein_Galnt7	c	PROTSACGALT;PROTTACGALT	Q80VA0
Galt	protein_Galt	c	UGLT	Q03249
Gapdh	protein_Gapdh	c	E4PD;GAPD;NADHHR;NADHHS	P16858
Gapdhs	protein_Gapdhs	c	GAPD	Q64467
Gars1	protein_Gars1	c	AP4ASYN;GLYTRS	Q9CZD3
Gart	protein_Gart	c	GARFT;PRAGS;PRAIS	Q64737
Gbe1	protein_Gbe1	c	GLBRAN	Q9D6Y9
Gch1	protein_Gch1	c	GTPCH1;GTPCH2;GTPCH3;GTPCH4	Q05915
Gclc	protein_Gclc	c	GLU2ABUTS;GLUCYS	P97494
Gclm	protein_Gclm	c	GLU2ABUTS;GLUCYS	O09172
Gcnt2	protein_Gcnt2	c	ACGAMNT2	P97402
Gde1	protein_Gde1	c	GPDDA2;GPDDA3;GPDDA5;GPDDA6	Q9JL56
Gdpd1	protein_Gdpd1	c	GPDDA6;LNAPELPLD;LPCLPLD;LPCOLPLD;LPELPLD	Q9CRY7
Gfus	protein_Gfus	c	GFUCSx;GFUCSy	P23591
Ggct	protein_Ggct	c	GGLUCT2ABUT;GGLUCTC	Q9D7X8
Glo1	protein_Glo1	c	LGTHL	Q9CPU0
Glrx	protein_Glrx	c	GRDX2CGTHR;GRDX2CGTHRDG;GTHNODN;PRDX1GRDX2CDG;SNOCYSDN;SRDX1GRDX2CDG	Q9QUH0
Glul	protein_Glul	c	GLNS	P15105
Gmds	protein_Gmds	c	GMAND	Q8K0C9
Gmppa	protein_Gmppa	c	MAN1PT	Q922H4
Gmppb	protein_Gmppb	c	MAN1PT	Q8BTZ7
Gmpr	protein_Gmpr	c	GMPR	Q9DCZ1
Gmpr2	protein_Gmpr2	c	GMPR	Q99L27
Gmps	protein_Gmps	c	GLUN;GMPS;GMPS2;THIOGMPS;THIOGMPS2	Q3THK7
Gnpda1	protein_Gnpda1	c	G6PDA	O88958
Gnpda2	protein_Gnpda2	c	G6PDA	Q9CRC9
Got1	protein_Got1	c	2ABUTTA;3SALATA;ASPTA;CYSTA;EHGLAT;GOATA;GTHGLXTA;GTHOXATA;LCYSTAT;OPHGLXTA;OPHOXATA;PHETA1;TYRTA;UNK3	P05201
Got2	protein_Got2	c	3HKYNAKGAT;CYSTA;KYNAKGAT;LCYSTAT;PHETA1;TYRTA	P05202
Gpcpd1	protein_Gpcpd1	c	GPDDA1;GPDDA2	Q8C0L9
Gphn	protein_Gphn	c	MPMOBDT;MPTAT	Q8BUV3
Gpi1	protein_Gpi1	c	G6PM;PGI	P06745
Gpt	protein_Gpt	c	ALATA_L;VANILPYR	Q8QZR5
Gpx1	protein_Gpx1	c	GTHP;HPDHA10GTHR;HPDHA11GTHR;HPDHA13GTHR;HPDHA14GTHR;HPDHA16GTHR;HPDHA17GTHR;HPDHA20GTHR;HPDHA4GTHR;HPDHA7GTHR;HPDHA8GTHR;HPEPE11GTHR;HPEPE12GTHR;HPEPE15GTHR;HPEPE18GTHR;HPEPE5GTHR;HPEPE8GTHR;HPEPE9GTHR;HPETE11GTHR;HPETE12GTHR;HPETE15GTHR;HPETE5GTHR;HPETE8GTHR;HPETE9GTHR;HPODE13GTHR;HPODE9GTHR;PGG1GTHR;PGG2GTHR;PGG3GTHR;SELDIGTHOXy;SELGTHGTHR	P11352
Gpx4	protein_Gpx4	c	GTHP;HPDHA10GTHR;HPDHA11GTHR;HPDHA13GTHR;HPDHA14GTHR;HPDHA16GTHR;HPDHA17GTHR;HPDHA20GTHR;HPDHA4GTHR;HPDHA7GTHR;HPDHA8GTHR;HPEPE11GTHR;HPEPE12GTHR;HPEPE15GTHR;HPEPE18GTHR;HPEPE5GTHR;HPEPE8GTHR;HPEPE9GTHR;HPETE11GTHR;HPETE12GTHR;HPETE15GTHR;HPETE5GTHR;HPETE8GTHR;HPETE9GTHR;HPODE13GTHR;HPODE9GTHR;PGG1GTHR;PGG2GTHR;PGG3GTHR	O70325
Grhpr	protein_Grhpr	c	GLYCLTDy;HPYRRx_R;HPYRRy_R;LALDO2x;LALDO2y	Q91Z53
Gria1	protein_Gria1	pm	CA2t;Kt1;LIt;MG2tec;NAt	P23818
Gsk3a	protein_Gsk3a	c	PROTSK;PROTTK	Q2NL51
Gsr	protein_Gsr	c	GTHOx;GTHOy	P47791
Gss	protein_Gss	c	GTHS;GTHS2	P51855
Gstm1	protein_Gstm1	c	23E1QN1GST;23E1QN4GST;23E2QN1GST;23E2QN4GST;34E1QN2GST;34E2QN2GST;ADRNCHRGST;ADRNLQGST_L;DOPAQGST_L;DPAMCHRGST;DPAMQGST_L;DPCHRGST_L;IND56QNGST;NRPPHRCHRGST;NRPPHRQGST_L;PROSTGA1GST;PROSTGA2GST;PROSTGA3GST	P10649
Gstm2	protein_Gstm2	c	23E1QN1GST;23E1QN4GST;23E2QN1GST;23E2QN4GST;34E1QN2GST;34E2QN2GST;ADRNCHRGST;ADRNLQGST_L;DOPAQGST_L;DPAMCHRGST;DPAMQGST_L;DPCHRGST_L;IND56QNGST;NRPPHRCHRGST;NRPPHRQGST_L;PROSTGA1GST;PROSTGA2GST;PROSTGA3GST	P15626
Gstm3	protein_Gstm3	c	23E1QN1GST;23E1QN4GST;23E2QN1GST;23E2QN4GST;34E1QN2GST;34E2QN2GST;ADRNCHRGST;ADRNLQGST_L;DOPAQGST_L;DPAMCHRGST;DPAMQGST_L;DPCHRGST_L;IND56QNGST;NRPPHRCHRGST;NRPPHRQGST_L;PROSTGA1GST;PROSTGA2GST;PROSTGA3GST	P19639
Gstm4	protein_Gstm4	c	23E1QN1GST;23E1QN4GST;23E2QN1GST;23E2QN4GST;34E1QN2GST;34E2QN2GST;ADRNCHRGST;ADRNLQGST_L;DOPAQGST_L;DPAMCHRGST;DPAMQGST_L;DPCHRGST_L;GTHLEUKTRA4;GTHLEUKTRA5;IND56QNGST;NRPPHRCHRGST;NRPPHRQGST_L;PROSTGA1GST;PROSTGA2GST;PROSTGA3GST	Q8R5I6
Gstm5	protein_Gstm5	c	23E1QN1GST;23E1QN4GST;23E2QN1GST;23E2QN4GST;34E1QN2GST;34E2QN2GST;ADRNCHRGST;ADRNLQGST_L;DOPAQGST_L;DPAMCHRGST;DPAMQGST_L;DPCHRGST_L;IND56QNGST;NRPPHRCHRGST;NRPPHRQGST_L;PROSTGA1GST;PROSTGA2GST;PROSTGA3GST	P48774
Gstm6	protein_Gstm6	c	23E1QN1GST;23E1QN4GST;23E2QN1GST;23E2QN4GST;34E1QN2GST;34E2QN2GST;ADRNCHRGST;ADRNLQGST_L;DOPAQGST_L;DPAMCHRGST;DPAMQGST_L;DPCHRGST_L;IND56QNGST;NRPPHRCHRGST;NRPPHRQGST_L;PROSTGA1GST;PROSTGA2GST;PROSTGA3GST	O35660
Gstm7	protein_Gstm7	c	23E1QN1GST;23E1QN4GST;23E2QN1GST;23E2QN4GST;34E1QN2GST;34E2QN2GST;ADRNCHRGST;ADRNLQGST_L;DOPAQGST_L;DPAMCHRGST;DPAMQGST_L;DPCHRGST_L;IND56QNGST;NRPPHRCHRGST;NRPPHRQGST_L;PROSTGA1GST;PROSTGA2GST;PROSTGA3GST	Q80W21
Gsto1	protein_Gsto1	c	23E1QN1GST;23E1QN4GST;23E2QN1GST;23E2QN4GST;34E1QN2GST;34E2QN2GST;ADRNCHRGST;ADRNLQGST_L;DOPAQGST_L;DPAMCHRGST;DPAMQGST_L;DPCHRGST_L;GTHDH;IND56QNGST;NRPPHRCHRGST;NRPPHRQGST_L;PROSTGA1GST;PROSTGA2GST;PROSTGA3GST	O09131
Gstp1	protein_Gstp1	c	23E1QN1GST;23E1QN4GST;23E2QN1GST;23E2QN4GST;34E1QN2GST;34E2QN2GST;ADRNCHRGST;ADRNLQGST_L;DOPAQGST_L;DPAMCHRGST;DPAMQGST_L;DPCHRGST_L;IND56QNGST;NRPPHRCHRGST;NRPPHRQGST_L;PRDX1GTHG;PROSTGA1GST;PROSTGA2GST;PROSTGA3GST	P19157
Gstp2	protein_Gstp2	c	23E1QN1GST;23E1QN4GST;23E2QN1GST;23E2QN4GST;34E1QN2GST;34E2QN2GST;ADRNCHRGST;ADRNLQGST_L;DOPAQGST_L;DPAMCHRGST;DPAMQGST_L;DPCHRGST_L;IND56QNGST;NRPPHRCHRGST;NRPPHRQGST_L;PRDX1GTHG;PROSTGA1GST;PROSTGA2GST;PROSTGA3GST	P46425
Gstt1	protein_Gstt1	c	23E1QN1GST;23E1QN4GST;23E2QN1GST;23E2QN4GST;34E1QN2GST;34E2QN2GST;ADRNCHRGST;ADRNLQGST_L;DOPAQGST_L;DPAMCHRGST;DPAMQGST_L;DPCHRGST_L;IND56QNGST;NRPPHRCHRGST;NRPPHRQGST_L;PROSTGA1GST;PROSTGA2GST;PROSTGA3GST	Q64471
Gstz1	protein_Gstz1	c	MACACI	Q9WVL0
Gucy1a1	protein_Gucy1a1	c	GUACYC;GUACYC2	Q9ERL9
Gucy1b1	protein_Gucy1b1	c	GUACYC;GUACYC2	O54865
Guk1	protein_Guk1	c	DGK1;DGK2;GK1;GK2;GK3;RBVMPK;THGMPK	Q64520
Gusb	protein_Gusb	pm	E217BGLCRHYD	P12265
Gyg1	protein_Gyg1	c	GGNG;GLGNS1	Q9R062
Gys1	protein_Gys1	c	GGNG;GLGNS1	Q9Z1E4
Hacd3	protein_Hacd3	c	FACOA3OHDH_16_3OH;FACOA3OHDH_17_3OH;FACOA3OHDH_18_3OH;FACOA3OHDH_19_3OH;FACOA3OHDH_20_11Z14Z17Z3OH;FACOA3OHDH_20_11Z14Z3OH;FACOA3OHDH_20_11Z3OH;FACOA3OHDH_20_13Z3OH;FACOA3OHDH_20_3OH;FACOA3OHDH_20_5Z8Z11Z14Z3OH;FACOA3OHDH_20_8Z11Z14Z3OH;FACOA3OHDH_20_8Z11Z3OH;FACOA3OHDH_20_9Z3OH;FACOA3OHDH_21_3OH;FACOA3OHDH_22_10Z13Z16Z19Z3OH;FACOA3OHDH_22_10Z13Z16Z3OH;FACOA3OHDH_22_11Z3OH;FACOA3OHDH_22_13Z16Z19Z3OH;FACOA3OHDH_22_13Z16Z3OH;FACOA3OHDH_22_13Z3OH;FACOA3OHDH_22_3OH;FACOA3OHDH_22_7Z10Z13Z16Z19Z3OH;FACOA3OHDH_22_7Z10Z13Z16Z3OH;FACOA3OHDH_23_3OH;FACOA3OHDH_24_12Z15Z18Z21Z3OH;FACOA3OHDH_24_15Z3OH;FACOA3OHDH_24_3OH;FACOA3OHDH_24_9Z12Z15Z18Z21Z3OH;FACOA3OHDH_24_9Z12Z15Z18Z3OH;FACOA3OHDH_26_17Z3OH;FACOA3OHDH_26_3OH	Q8K2C9
Hagh	protein_Hagh	c	GLYOX	Q99KB8
Hal	protein_Hal	c	HISD	P35492
Hars1	protein_Hars1	c	HISTRS	Q61035
Hba_a1	protein_Hba_a1	c	CCLMETHBH;GLOBINRCCL;HB23DPGB;HBCOB;HBFE4OAR;HBFE4OCPP;HBFE4OPX;HBFE4ORPX;HBGLYC;HBNO2R;HBNONT;HBNOOXDNT;HBO2B1;HBO2B2;HEMEGTHOHDEG;METHBCYTBR;METHBFMNR;METHBHEMED;METHBNO2A;METHBONOOD1;METHBONOOD2;METHBONOOX;METHBPX;METHBRCCL;METHBRHEMED;OXYHBAOX;OXYHBNO2OX;OXYHBNOD;OXYHBONOOX;OXYHBPX;SNOHBCYSTN;SNOHBGTHTN;SNOHBNO	P01942
Hba_x	protein_Hba_x	c	CCLMETHBH;GLOBINRCCL;HB23DPGB;HBCOB;HBFE4OAR;HBFE4OCPP;HBFE4OPX;HBFE4ORPX;HBGLYC;HBNO2R;HBNONT;HBNOOXDNT;HBO2B1;HBO2B2;HEMEGTHOHDEG;METHBCYTBR;METHBFMNR;METHBHEMED;METHBNO2A;METHBONOOD1;METHBONOOD2;METHBONOOX;METHBPX;METHBRCCL;METHBRHEMED;OXYHBAOX;OXYHBNO2OX;OXYHBNOD;OXYHBONOOX;OXYHBPX;SNOHBCYSTN;SNOHBGTHTN;SNOHBNO	P06467
Hbb_b1	protein_Hbb_b1	c	CCLMETHBH;GLOBINRCCL;HB23DPGB;HBCOB;HBFE4OAR;HBFE4OCPP;HBFE4OPX;HBFE4ORPX;HBGLYC;HBNO2R;HBNONT;HBNOOXDNT;HBO2B1;HBO2B2;HEMEGTHOHDEG;METHBCYTBR;METHBFMNR;METHBHEMED;METHBNO2A;METHBONOOD1;METHBONOOD2;METHBONOOX;METHBPX;METHBRCCL;METHBRHEMED;OXYHBAOX;OXYHBNO2OX;OXYHBNOD;OXYHBONOOX;OXYHBPX;SNOHBCYSTN;SNOHBGTHTN;SNOHBNO	P02088
Hbb_b2	protein_Hbb_b2	c	CCLMETHBH;GLOBINRCCL;HB23DPGB;HBCOB;HBFE4OAR;HBFE4OCPP;HBFE4OPX;HBFE4ORPX;HBGLYC;HBNO2R;HBNONT;HBNOOXDNT;HBO2B1;HBO2B2;HEMEGTHOHDEG;METHBCYTBR;METHBFMNR;METHBHEMED;METHBNO2A;METHBONOOD1;METHBONOOD2;METHBONOOX;METHBPX;METHBRCCL;METHBRHEMED;OXYHBAOX;OXYHBNO2OX;OXYHBNOD;OXYHBONOOX;OXYHBPX;SNOHBCYSTN;SNOHBGTHTN;SNOHBNO	P02089
Hbb_bh0	protein_Hbb_bh0	c	CCLMETHBH;GLOBINRCCL;HB23DPGB;HBCOB;HBFE4OAR;HBFE4OCPP;HBFE4OPX;HBFE4ORPX;HBGLYC;HBNO2R;HBNONT;HBNOOXDNT;HBO2B1;HBO2B2;HEMEGTHOHDEG;METHBCYTBR;METHBFMNR;METHBHEMED;METHBNO2A;METHBONOOD1;METHBONOOD2;METHBONOOX;METHBPX;METHBRCCL;METHBRHEMED;OXYHBAOX;OXYHBNO2OX;OXYHBNOD;OXYHBONOOX;OXYHBPX;SNOHBCYSTN;SNOHBGTHTN;SNOHBNO	P04443
Hbb_bh1	protein_Hbb_bh1	c	CCLMETHBH;GLOBINRCCL;HB23DPGB;HBCOB;HBFE4OAR;HBFE4OCPP;HBFE4OPX;HBFE4ORPX;HBGLYC;HBNO2R;HBNONT;HBNOOXDNT;HBO2B1;HBO2B2;HEMEGTHOHDEG;METHBCYTBR;METHBFMNR;METHBHEMED;METHBNO2A;METHBONOOD1;METHBONOOD2;METHBONOOX;METHBPX;METHBRCCL;METHBRHEMED;OXYHBAOX;OXYHBNO2OX;OXYHBNOD;OXYHBONOOX;OXYHBPX;SNOHBCYSTN;SNOHBGTHTN;SNOHBNO	P04444
Hbb_y	protein_Hbb_y	c	CCLMETHBH;GLOBINRCCL;HB23DPGB;HBCOB;HBFE4OAR;HBFE4OCPP;HBFE4OPX;HBFE4ORPX;HBGLYC;HBNO2R;HBNONT;HBNOOXDNT;HBO2B1;HBO2B2;HEMEGTHOHDEG;METHBCYTBR;METHBFMNR;METHBHEMED;METHBNO2A;METHBONOOD1;METHBONOOD2;METHBONOOX;METHBPX;METHBRCCL;METHBRHEMED;OXYHBAOX;OXYHBNO2OX;OXYHBNOD;OXYHBONOOX;OXYHBPX;SNOHBCYSTN;SNOHBGTHTN;SNOHBNO	P02104
Hck	protein_Hck	c	PROTYK	P08103
Hddc2	protein_Hddc2	c	NTDDAMP;NTDDCMP;NTDDGMP;NTDDTMP	Q3SXD3
Hddc3	protein_Hddc3	c	NADPHPPS;PPGPPDP	Q9D114
Hexa	protein_Hexa	c	HEXGA2;HEXGBSIDE;HEXGM2	P29416
Hexb	protein_Hexb	c	HEXGA2;HEXGBSIDE;HEXGM2	P20060
Hint1	protein_Hint1	c	AMPAMD	P70349
Hk1	protein_Hk1	c	HEX1;HEX10;HEX1a;HEX4;HEX7	P17710
Hk3	protein_Hk3	c	HEX1;HEX10;HEX1a;HEX4;HEX7	Q3TRM8
Hmbs	protein_Hmbs	c	HMBS	P22907
Hnmt	protein_Hnmt	c	HISTANMT	Q91VF2
Hpgds	protein_Hpgds	c	PGD2S	Q9JHF7
Hprt1	protein_Hprt1	c	GUAPRT;HXPRT;MERCPURPRT;MTMERCPURPRT;THIOGUAPRT;XPPT	P00493
Hras	protein_Hras	c	NTPG	Q61411
Hsd17b11	protein_Hsd17b11	c	ESTRONEDHy	Q9EQ06
Hsd17b12	protein_Hsd17b12	c	ANDRSTNDNRy;ESTRONEDHy;FACOA3ORy_16_3O;FACOA3ORy_17_3O;FACOA3ORy_18_3O;FACOA3ORy_19_3O;FACOA3ORy_20_11Z14Z17Z3O;FACOA3ORy_20_11Z14Z3O;FACOA3ORy_20_11Z3O;FACOA3ORy_20_13Z3O;FACOA3ORy_20_3O;FACOA3ORy_20_5Z8Z11Z14Z3O;FACOA3ORy_20_8Z11Z14Z3O;FACOA3ORy_20_8Z11Z3O;FACOA3ORy_20_9Z3O;FACOA3ORy_21_3O;FACOA3ORy_22_10Z13Z16Z19Z3O;FACOA3ORy_22_10Z13Z16Z3O;FACOA3ORy_22_11Z3O;FACOA3ORy_22_13Z16Z19Z3O;FACOA3ORy_22_13Z16Z3O;FACOA3ORy_22_13Z3O;FACOA3ORy_22_3O;FACOA3ORy_22_7Z10Z13Z16Z19Z3O;FACOA3ORy_22_7Z10Z13Z16Z3O;FACOA3ORy_23_3O;FACOA3ORy_24_12Z15Z18Z21Z3O;FACOA3ORy_24_15Z3O;FACOA3ORy_24_3O;FACOA3ORy_24_9Z12Z15Z18Z21Z3O;FACOA3ORy_24_9Z12Z15Z18Z3O;FACOA3ORy_26_17Z3O;FACOA3ORy_26_3O	O70503
Hsp90aa1	protein_Hsp90aa1	c	NTPA	P07901
Hsp90ab1	protein_Hsp90ab1	c	NTPA	P11499
Hspa8	protein_Hspa8	c	NTPA	P63017
Huwe1	protein_Huwe1	c	UBIQE2CONJT	Q7TMY8
Iars1	protein_Iars1	c	ILETRS	Q8BU30
Idh1	protein_Idh1	c	ICDHy	O88844
Idh2	protein_Idh2	c	ICDHy	P54071
Impa1	protein_Impa1	c	NTD2AMP;NTD2CMP;NTD2GMP;NTD2UMP;G1PPa;GAL1PP;MI14P1PP;MI14P4PP;MI1PP;MI3PP;MI4PP	O55023
Impa2	protein_Impa2	c	NTD2AMP;NTD2CMP;NTD2GMP;NTD2UMP;G1PPa;GAL1PP;MI14P1PP;MI14P4PP;MI1PP;MI3PP;MI4PP	Q91UZ5
Impdh2	protein_Impdh2	c	IMPD;THIOIMPD	P24547
Inpp5a	protein_Inpp5a	c	MI1345P5PP;MI145P5PP	Q7TNC9
Inpp5b	protein_Inpp5b	c	MI1345P5PP;MI145P5PP;PI45P5P	Q8K337
Inpp5d	protein_Inpp5d	c	MI1345P5PP;PI345P5P;PI45P5P	Q9ES52
Insr	protein_Insr	c	PROTYK	P15208
Isyna1	protein_Isyna1	c	MI3PS	Q9JHU9
Itpa	protein_Itpa	c	NTPPDI;NTPPI;NTPPX;RBVNTPP	Q9D892
Jak3	protein_Jak3	c	PROTYK	Q62137
Kars1	protein_Kars1	c	AP4ASYN;LYSTRS	Q99MN1
Kcnab2	protein_Kcnab2	pm	Kt1	P62482
Kcnn4	protein_Kcnn4	pm	Kt1	O89109
Klhl18	protein_Klhl18	c	UBIQE2CONJT	E9Q4F2
Kras	protein_Kras	c	NTPG	P32883
Kyat1	protein_Kyat1	c	3HKYNAKGAT;CYSIL2;CYSL2;CYSLNET;CYSTL2;HSERL1;KYNAKGAT;METMSPYRAT;PHPYRAT;SELCYSTL2	Q8BTY1
Lancl1	protein_Lancl1	c	23E1QN1GST;23E1QN4GST;23E2QN1GST;23E2QN4GST;34E1QN2GST;34E2QN2GST;ADRNCHRGST;ADRNLQGST_L;DOPAQGST_L;DPAMCHRGST;DPAMQGST_L;DPCHRGST_L;IND56QNGST;NRPPHRCHRGST;NRPPHRQGST_L;PROSTGA1GST;PROSTGA2GST;PROSTGA3GST	O89112
Lap3	protein_Lap3	c	2ABUTGLYDP;AMPTASECG	Q9CPY7
Lars1	protein_Lars1	c	LEUTRS	Q8BMJ2
Ldha	protein_Ldha	c	2H3MV;2HBO;2HIV;GLXO1;GLYCLTDx;HPYRRx_S;L2HGDHx;LDH_L;MCLOR	P06151
Ldhb	protein_Ldhb	c	2H3MV;2HBO;2HIV;GLXO1;GLYCLTDx;HPYRRx_S;L2HGDHx;LDH_L;MCLOR	P16125
Lhpp	protein_Lhpp	c	PPA	Q9D7I5
Lpcat1	protein_Lpcat1	c	LPAAT;LPCAT;LPCOAT;LPCPAT;PAFS	Q3TFD2
Lpcat3	protein_Lpcat3	c	LPCAT;LPCOAT;LPCPAT;LPEAT;LPSAT;PAFS	Q91V01
Lpin2	protein_Lpin2	c	PAPP;PAPPO	Q99PI5
Lrrc8a	protein_Lrrc8a	pm	ALABt;ASPte;Clt;GLUte;INOSTt;It;TAURt	Q80WG5
Lss	protein_Lss	c	LNSTLS	Q8BLN5
Lta4h	protein_Lta4h	c	FLDPP;FYDPP;KLDPP;LGFTPAP;LGGTPAP;LLLTPAP;LTA4H;LTA5H;PFDPP;PLDPP;YYYTPAP	P24527
Lyn	protein_Lyn	c	PROTYK	P25911
Lypla1	protein_Lypla1	c	LPCLPLB;LPELPLB;LPILPLB;LPSLPLB;PROTCSAE_14_0;PROTCSAE_16_0;PROTCSAE_18_0	P97823
Lypla2	protein_Lypla2	c	LPALPLB;LPCLPLB;LPSLPLB;PGD21GH;PGDF21GH;PGE21GH;PROTCSAE_14_0;PROTCSAE_16_0;PROTCSAE_18_0	Q9WTL7
Lyplal1	protein_Lyplal1	c	PROTCSAE_14_0;PROTCSAE_16_0;PROTCSAE_18_0	Q3UFF7
Man2c1	protein_Man2c1	c	A_MANASE	Q91W89
Map2k1	protein_Map2k1	c	PROTSK;PROTTK;PROTYK	P31938
Map2k2	protein_Map2k2	c	PROTSK;PROTTK;PROTYK	Q63932
Map2k3	protein_Map2k3	c	PROTSK;PROTTK;PROTYK	O09110
Map2k6	protein_Map2k6	c	PROTSK;PROTTK;PROTYK	P70236
Mapk1	protein_Mapk1	c	PROTSK;PROTTK	P63085
Mapk14	protein_Mapk14	c	PROTSK;PROTTK	P47811
Mapk3	protein_Mapk3	c	PROTSK;PROTTK	Q63844
Mapkapk2	protein_Mapkapk2	c	PROTSK;PROTTK	P49138
Mars1	protein_Mars1	c	METTRS	Q68FL6
Mat2a	protein_Mat2a	c	METAT;SELMETAT	Q3THS6
Mat2b	protein_Mat2b	c	METAT;SELMETAT	Q99LB6
Mblac2	protein_Mblac2	c	FACOAE_12_0;FACOAE_13_0;FACOAE_14_0;FACOAE_14_5Z;FACOAE_14_7Z;FACOAE_14_9Z;FACOAE_15_0;FACOAE_16_0;FACOAE_16_7Z;FACOAE_16_9Z;FACOAE_17_0;FACOAE_17_10Z;FACOAE_17_9Z;FACOAE_18_0;FACOAE_18_11Z;FACOAE_18_13Z;FACOAE_18_6Z9Z;FACOAE_18_6Z9Z12Z;FACOAE_18_6Z9Z12Z15Z;FACOAE_18_7Z;FACOAE_18_9E;FACOAE_18_9Z;FACOAE_18_9Z12Z;FACOAE_18_9Z12Z15Z;FACOAE_19_0;FACOAE_20_0;FACOAE_20_11Z;FACOAE_20_11Z14Z;FACOAE_20_11Z14Z17Z;FACOAE_20_13Z;FACOAE_20_5Z8Z11Z;FACOAE_20_5Z8Z11Z14Z;FACOAE_20_5Z8Z11Z14Z17Z;FACOAE_20_8Z11Z;FACOAE_20_8Z11Z14Z;FACOAE_20_8Z11Z14Z17Z;FACOAE_20_9Z	Q8BL86
Mboat2	protein_Mboat2	c	LPAAT;LPEAT	Q8R3I2
Mdh1	protein_Mdh1	c	34HPLDH;L2HGDHx;MDH;PHLAC;SLDx	P14152
Mdh2	protein_Mdh2	c	34HPLDH;L2HGDHx;MDH;PHLAC;SLDx	P08249
Mdp1	protein_Mdp1	c	PROTKF6PPP;PROTYPP	Q9D967
Me1	protein_Me1	c	ME2;OAADC	P06801
Mfsd2b	protein_Mfsd2b	pm	SPH1tex;SPHS1tex	Q3T9M1
Mgst2	protein_Mgst2	c	23E1QN1GST;23E1QN4GST;23E2QN1GST;23E2QN4GST;34E1QN2GST;34E2QN2GST;ADRNCHRGST;ADRNLQGST_L;DOPAQGST_L;DPAMCHRGST;DPAMQGST_L;DPCHRGST_L;GTHLEUKTRA4;GTHLEUKTRA5;IND56QNGST;NRPPHRCHRGST;NRPPHRQGST_L;PROSTGA1GST;PROSTGA2GST;PROSTGA3GST	A2RST1
Mif	protein_Mif	c	34HPPT;DCT;PHPYRT	P34884
Minpp1	protein_Minpp1	c	DPG3P;MI13456P3PP;MI1345P3PP;MI1456P6PP;MI145P5PP;MI14P1PP;MI14P4PP	Q9Z2L6
Mpi	protein_Mpi	c	MAN6PI	Q924M7
Mpo	protein_Mpo	pm	MPOe	P11247
Mpst	protein_Mpst	c	HTSULDHLA;MCPST;MCPST3;MCPST4	Q99J99
Mri1	protein_Mri1	c	MTRI	Q9CQT1
Msra	protein_Msra	c	METSOXTRD;PROTMSOXTRD	Q9D6Y7
Mtap	protein_Mtap	c	MTAP	Q9CQ65
Mthfd1	protein_Mthfd1	c	FTHFL;MTHFC;MTHFD	Q922D8
Mtm1	protein_Mtm1	c	PI35P3P;PI3PP	Q9Z2C5
Mtmr1	protein_Mtmr1	c	PI35P3P;PI3PP	Q9Z2C4
Mtmr12	protein_Mtmr12	c	PI35P3P;PI3PP	Q80TA6
Mtmr2	protein_Mtmr2	c	PI35P3P;PI3PP	Q9Z2D1
Mvd	protein_Mvd	c	DPMVD	Q99JF5
Nadk2	protein_Nadk2	c	NADK	Q8C5H8
Nadsyn1	protein_Nadsyn1	c	NADS2	Q711T7
Nae1	protein_Nae1	c	NEDD8E1ACT	Q8VBW6
Nagk	protein_Nagk	c	ACGAMK;AMANK	Q9QZ08
Nampt	protein_Nampt	c	NMNS	Q99KQ4
Nanp	protein_Nanp	c	ACNAMPH	Q9CPT3
Nans	protein_Nans	c	ACNAM9PL;ACNAM9PL2;ACNAM9PL3	Q99J77
Napepld	protein_Napepld	c	NAPEPLD	Q8BH82
Naprt	protein_Naprt	c	NAMNPP;NAPRT	Q8CC86
Nars1	protein_Nars1	c	ASNTRS	Q8BP47
Naxd	protein_Naxd	c	NADHXD;NADPHXD	Q9CZ42
Naxe	protein_Naxe	c	NADHXE;NADPHXE	Q8K4Z3
Nceh1	protein_Nceh1	c	DAGOACAH;XOLEST2EH	Q8BLF1
Nedd8	protein_Nedd8	c	NEDD8E1ACT;NEDD8E1E2T;NEDD8E2CONJT	P29595
Neu1	protein_Neu1	c	NEU25;NEU31;NEU32;NEU34;NEU36	O35657
Neu1	protein_Neu1	pm	NEU31e;NEU32e;NEU33e;NEU34e;NEU35e;NEU36e;NEU37e;NEU39e	O35657
Neu2	protein_Neu2	c	NEU24;NEU25;NEU31;NEU32;NEU33;NEU34;NEU36	Q9JMH3
Neu3	protein_Neu3	c	NEU25;NEU31;NEU32;NEU34;NEU36	Q9JMH7
Neu3	protein_Neu3	pm	NEU31e;NEU32e;NEU33e;NEU34e;NEU35e;NEU36e;NEU37e;NEU39e	Q9JMH7
Nit1	protein_Nit1	c	DGSHAMID;DOPHAMID	Q8VDK1
Nit2	protein_Nit2	c	OXOGAH;OXOSUCAH	Q9JHW2
Nme1	protein_Nme1	c	5FLUDPK;NDPK1;NDPK10;NDPK2;NDPK3;NDPK4;NDPK5;NDPK6;NDPK7;NDPK8;NDPK9;PROTNK1;PROTNK2;RBVDPK;THGDPK	P15532
Nme2	protein_Nme2	c	5FLUDPK;NDPK1;NDPK10;NDPK2;NDPK3;NDPK4;NDPK5;NDPK6;NDPK7;NDPK8;NDPK9;PROTNK1;PROTNK2;RBVDPK;THGDPK	Q01768
Nme3	protein_Nme3	c	5FLUDPK;NDPK1;NDPK10;NDPK2;NDPK3;NDPK4;NDPK5;NDPK6;NDPK7;NDPK8;NDPK9	Q9WV85
Nmnat3	protein_Nmnat3	c	4PYRNMAT;NMNAT;NMNHAT;NNAT	Q99JR6
Nos3	protein_Nos3	c	NOS1;NOS2	P70313
Npepps	protein_Npepps	c	2ABUTGLYDP;AMPTASECG	Q11011
Npl	protein_Npl	c	ACNML	Q9DCJ9
Nploc4	protein_Nploc4	c	NTPA	P60670
Nqo2	protein_Nqo2	c	ADRNCHR2ERz;ADRNLQ2ERz_L;DOPAQ2ERz_L;DPAMCHR2ERz;DPAMQ2ERz_L;DPCHR2ERz_L;ESTRADIOL23Q2ERz;ESTRADIOL34Q2ERz;ESTRONE23Q2ERz;ESTRONE34Q2ERz;IND56Q2ERz;NRPPHRCHR2ERz;NRPPHRQ2ERz_L;Q102ERz	Q9JI75
Nras	protein_Nras	c	NTPG	P08556
Nsf	protein_Nsf	c	NTPA	P46460
Nsfl1c	protein_Nsfl1c	c	NTPA	Q9CZ44
Nt5c	protein_Nt5c	c	NICHYD;NMNHYD;NTD2AMP;NTD2CMP;NTD2GMP;NTD2UMP;NTDDAMP;NTDDGMP;NTDDIMP;NTDDTMP;NTDDUMP	Q9JM14
Nt5c2	protein_Nt5c2	c	4PYRNN;AMPINSPT;CMPINSPT;DGMPGSNPT;DGMPINSPT;DIMPGSNPT;DIMPINSPT;IMGPT;NICHYD;NMNHYD;NTDAMP;NTDDGMP;NTDDIMP;NTDGMP;NTDIMP;NTDSAMP;NTDSZMP;NTDXMP;NTDZMP;RBVIMPT;RBVNTD;UMPINSPT	Q3V1L4
Nt5c3	protein_Nt5c3	c	DCMPCYTDPT;DCMPURIPT;DTMPCYTDPT;DTMPURIPT;DUMPCYTDPT;DUMPURIPT;NTDCMP;NTDDCMP;NTDDTMP;NTDDUMP;NTDUMP;UMPCYTDPT	Q9D020
Nudt2	protein_Nudt2	c	AP4AH1;GP4AH1	P56380
Nudt3	protein_Nudt3	c	AP4AH1;AP5AH1;AP6AH1;PPA2	Q9JI46
Nudt4	protein_Nudt4	c	5INS7P5PP;AP6AH2;PRPPPP	Q8R2U6
Nudt5	protein_Nudt5	c	ADPGLCDP;ADPMNDP;ADPRDP;ADPRUDP;ATPR5PT	Q9JKX6
Oard1	protein_Oard1	c	ADPRDACAC2;NADN2	Q8R5F3
Odc1	protein_Odc1	c	ORNDC	P00860
Oga	protein_Oga	c	PROTS3OACGAMH;PROTT3OACGAMH	Q9EQQ9
Ogt	protein_Ogt	c	PROTSACGAMT;PROTTACGAMT	Q8CGY8
Oxsr1	protein_Oxsr1	c	PROTSK;PROTTK	Q6P9R2
P2rx1	protein_P2rx1	pm	CA2t;Kt1;NAt	P51576
P2rx2	protein_P2rx2	pm	CA2t;Kt1;NAt	Q8K3P1
P2rx7	protein_P2rx7	pm	CA2t;Kt1;NAt	Q9Z1M0
P4hb	protein_P4hb	c	INSULINGTHOR	P09103
Pafah1b1	protein_Pafah1b1	c	PAFH	P63005
Pafah1b2	protein_Pafah1b2	c	PAFH	Q61206
Pafah1b3	protein_Pafah1b3	c	PAFH	Q61205
Paics	protein_Paics	c	AIRC;PRASCS	Q9DCL9
Pak2	protein_Pak2	c	PROTSK;PROTTK	Q8CIN4
Pank2	protein_Pank2	c	4PCYSK;PNTOK;PTTHK	Q7M753
Pank4	protein_Pank4	c	PAN4PP	Q80YV4
Panx1	protein_Panx1	pm	ASPte;ATPte;CA2t;Clt;GLCNte;GLUte;It;Kt1;NAt;NO3t;SPMDtex2	Q9JIP4
Park7	protein_Park7	c	PROTCDGLAC_D;PROTCDGLAC_L;PROTKDGLAC_D;PROTKDGLAC_L;PROTRDGLAC_D;PROTRDGLAC_L	Q99LX0
Pcbd1	protein_Pcbd1	c	THBPT4ACAMDASE	P61458
Pcbd2	protein_Pcbd2	c	THBPT4ACAMDASE	Q9CZL5
Pck1	protein_Pck1	c	PEPCK	Q9Z2V4
Pcmt1	protein_Pcmt1	c	PROTDMT_D;PROTISODMT_L	P23506
Pcyt1a	protein_Pcyt1a	c	CHLPCTD	P49586
Pcyt1b	protein_Pcyt1b	c	CHLPCTD	Q811Q9
Pcyt2	protein_Pcyt2	c	PETHCT	Q922E4
Pde1a	protein_Pde1a	c	PDEG	Q61481
Pde2a	protein_Pde2a	c	PDEA;PDEG;PDEI	Q922S4
Pde3a	protein_Pde3a	c	PDEA;PDEG;PDEI	Q9Z0X4
Pde3b	protein_Pde3b	c	PDEA;PDEG;PDEI	Q61409
Pde4d	protein_Pde4d	c	PDEA;PDEI	Q01063
Pde5a	protein_Pde5a	c	PDEG	Q8CG03
Pde9a	protein_Pde9a	c	PDEG	O70628
Pdia3	protein_Pdia3	c	INSULINGTHOR	P27773
Pdia4	protein_Pdia4	c	INSULINGTHOR	P08003
Pdia6	protein_Pdia6	c	INSULINGTHOR	Q922R8
Pdxk	protein_Pdxk	c	PYDAMK;PYDXK;PYDXNK	Q8K183
Pdxp	protein_Pdxp	c	PDXPP;PYDAMPP;PYDXPP	P60487
Pemt	protein_Pemt	c	PENMT1;PENMT2;PENMT3	Q61907
Pepd	protein_Pepd	c	APDPP;FPDPP;GPDPP;LPDPP;MPDPP;PPDPP;VPDPP	Q11136
Pfas	protein_Pfas	c	PRFGS	Q5SUR0
Pfkl	protein_Pfkl	c	PFK	P12382
Pfkm	protein_Pfkm	c	PFK	P47857
Pfkp	protein_Pfkp	c	PFK	Q9WUA3
Pgam1	protein_Pgam1	c	DPGM;PGM	Q9DBJ1
Pgd	protein_Pgd	c	GND	Q9DCD0
Pgk1	protein_Pgk1	c	4PERK;PGK	P09411
Pgk2	protein_Pgk2	c	4PERK;PGK	P09041
Pgls	protein_Pgls	c	PGL	Q9CQ60
Pgm1	protein_Pgm1	c	PGMTa	Q9D0F9
Pgm2	protein_Pgm2	c	PGMT;PGMTa;PMANM;PPM;PPM2	Q7TSV4
Pgm2l1	protein_Pgm2l1	c	G16BPS1;G16BPS2;M16BPS1;R15BPS1	Q8CAA7
Pgm3	protein_Pgm3	c	ACGAMPM	Q9CYR6
Pgp	protein_Pgp	c	2LACP_L;4PERP;G3PP;PGLYCP;PROTYPP	Q8CHP8
Phgdh	protein_Phgdh	c	L2HGDHx;MDH;PGCD	Q61753
Phospho1	protein_Phospho1	c	CHLP;ETHP	Q8R2H9
Phospho1	protein_Phospho1	e	CHLPe;ETHPe	Q8R2H9
Phpt1	protein_Phpt1	c	PHPT1;PHPT2	Q9DAK9
Pi4k2a	protein_Pi4k2a	c	PI4K	Q2TBE6
Pi4ka	protein_Pi4ka	c	PI4K	E9Q3L2
Piezo1	protein_Piezo1	pm	CA2t;CD2t;Kt1;MG2tec;MN2t;NAt	E2JF22
Pik3c3	protein_Pik3c3	c	PI3K	Q6PF93
Pik3r4	protein_Pik3r4	c	PI3K	Q8VD65
Pip4k2a	protein_Pip4k2a	c	PI5P4KA;PI5P4KG	O70172
Pip4k2b	protein_Pip4k2b	c	PI5P4KA;PI5P4KG	Q80XI4
Pip4k2c	protein_Pip4k2c	c	PI5P4KA;PI5P4KG	Q91XU3
Pip4p1	protein_Pip4p1	c	PI45P4P	Q3TWL2
Pip5k1a	protein_Pip5k1a	c	PI34P5K;PI35P4K;PI3P4K;PI3P5K;PI4P5K;PI5K	P70182
Pip5k1c	protein_Pip5k1c	c	PI34P5K;PI35P4K;PI3P4K;PI3P5K;PI4P5K;PI5K	O70161
Pisd	protein_Pisd	c	PSDC	Q8BSF4
Pklr	protein_Pklr	c	2LACK_L;PGLYCK;PYK	P53657
Pkm	protein_Pkm	c	2LACK_L;PGLYCK;PYK	P52480
Pla2g4a	protein_Pla2g4a	c	PAPLA2;PCOPLA2;PCPLA2;PCPPLA2;PEPLA2;PEPPLA2;PSPLA2	P47713
Pla2g4b	protein_Pla2g4b	c	LPCLPLB;LPELPLB;PAPLA2;PCOPLA2;PCPLA2;PCPPLA2;PEPLA2;PEPPLA2;PSPLA2	P0C871
Plaa	protein_Plaa	c	NTPA	P27612
Plcb2	protein_Plcb2	c	PI45PLC;PI4PLC;PIPLC	A3KGF7
Plcb3	protein_Plcb3	c	PI45PLC;PI4PLC;PIPLC	P51432
Plcg1	protein_Plcg1	c	PI45PLC;PI4PLC;PIPLC	Q62077
Pld1	protein_Pld1	c	PCETHTP;PCPLD	Q9Z280
Plscr1	protein_Plscr1	pm	LPCSCRt;PCSCRt;PESCRt;PSSCRt	Q9JJ00
Plscr2	protein_Plscr2	pm	LPCSCRt;PCSCRt;PESCRt;PSSCRt	Q9DCW2
Plscr4	protein_Plscr4	pm	LPCSCRt;PCSCRt;PESCRt;PSSCRt	P58196
Pmm2	protein_Pmm2	c	PMANM	Q9Z2M7
Pnp	protein_Pnp	c	PNP;PNP2;PUNP3;PUNP4;PUNP5;PUNP6;PUNP7;RBVPNP;THIOGSNPNP	P23492
Pnpla6	protein_Pnpla6	c	LPCLPLB;MAGL1;MAGL2	Q3TRM4
Pnpo	protein_Pnpo	c	PDX5PO;PYAM5PO	Q91XF0
Ppa1	protein_Ppa1	c	PPA	Q9D819
Ppa2	protein_Ppa2	c	PPA	Q91VM9
Ppcdc	protein_Ppcdc	c	PPCDC	Q8BZB2
Ppcs	protein_Ppcs	c	PPNCL3	Q8VDG5
Ppia	protein_Ppia	c	PEPTDPROI	P17742
Ppib	protein_Ppib	c	PEPTDPROI	P24369
Ppip5k2	protein_Ppip5k2	c	5PPINSP5P1K;INS6P1K	Q6ZQB6
Ppme1	protein_Ppme1	c	PPMEPP2A	Q8BVQ5
Ppp1ca	protein_Ppp1ca	c	PROTSPP;PROTTPP	P62137
Ppp1cb	protein_Ppp1cb	c	PROTSPP;PROTTPP	P62141
Ppp1cc	protein_Ppp1cc	c	PROTSPP;PROTTPP	P63087
Ppp2ca	protein_Ppp2ca	c	LCMTPP2A;PPMEPP2A;PROTSPP;PROTTPP	P63330
Ppp2cb	protein_Ppp2cb	c	LCMTPP2A;PPMEPP2A;PROTSPP;PROTTPP	P62715
Ppp2r1a	protein_Ppp2r1a	c	PROTSPP;PROTTPP	Q76MZ3
Ppp2r1b	protein_Ppp2r1b	c	PROTSPP;PROTTPP	Q7TNP2
Ppp2r5b	protein_Ppp2r5b	c	PROTSPP;PROTTPP	Q6PD28
Prdx1	protein_Prdx1	c	PRDX2OX1;PRDX2OX2;PRDX2SO2OX1;PRDX2SOOX1;PRDX2SOR;PRDX2TRDXRD;SRDX1GTHRD	P35700
Prdx2	protein_Prdx2	c	PRDX2OX1;PRDX2OX2;PRDX2SO2OX1;PRDX2SOOX1;PRDX2SOR;PRDX2TRDXRD;SRDX1GTHRD	Q61171
Prdx4	protein_Prdx4	c	PRDX2OX1;PRDX2OX2;PRDX2SO2OX1;PRDX2SOOX1;PRDX2SOR;PRDX2TRDXRD;SRDX1GTHRD	O08807
Prdx5	protein_Prdx5	c	PRDX2OX1;PRDX2OX2;PRDX2SOR;PRDX2TRDXRD	P99029
Prdx6	protein_Prdx6	c	2OHE1PX;2OHE2PX;4OHE1PX;4OHE2PX;56DHIPX;ADRNLPX_L;DOPAPX_L;DPAMPX_L;HPDHA10GTHR;HPDHA11GTHR;HPDHA13GTHR;HPDHA14GTHR;HPDHA16GTHR;HPDHA17GTHR;HPDHA20GTHR;HPDHA4GTHR;HPDHA7GTHR;HPDHA8GTHR;HPEPE11GTHR;HPEPE12GTHR;HPEPE15GTHR;HPEPE18GTHR;HPEPE5GTHR;HPEPE8GTHR;HPEPE9GTHR;HPETE11GTHR;HPETE12GTHR;HPETE15GTHR;HPETE5GTHR;HPETE8GTHR;HPETE9GTHR;HPODE13GTHR;HPODE9GTHR;LADRNCHRPX;LDPAMCHRPX;LDPCHRPX_L;LNRPPHRCHRPX;LPCAT;MEOHP;NRPPHRPX_L;PCOPLA2;PCPLA2;PCPPLA2;PEPPLA2;PGG1GTHR;PGG2GTHR;PGG3GTHR;PRDX1GRDX2CDG;PRDX1GTHDG;PRDX1GTHG;PRDX1OX1	O08709
Prep	protein_Prep	c	ANGIO58PEP	Q9QUR6
Prkaa1	protein_Prkaa1	c	PROTSK;PROTTK	Q5EG47
Prkab1	protein_Prkab1	c	PROTSK;PROTTK	Q9R078
Prkaca	protein_Prkaca	c	PROTSK;PROTTK	P05132
Prkacb	protein_Prkacb	c	PROTSK;PROTTK	P68181
Prkag1	protein_Prkag1	c	PROTSK;PROTTK	O54950
Prkar1a	protein_Prkar1a	c	PROTSK;PROTTK	Q9DBC7
Prkar1b	protein_Prkar1b	c	PROTSK;PROTTK	P12849
Prkar2a	protein_Prkar2a	c	PROTSK;PROTTK	P12367
Prkar2b	protein_Prkar2b	c	PROTSK;PROTTK	P31324
Prkca	protein_Prkca	c	PROTSK;PROTTK	P20444
Prkcb	protein_Prkcb	c	PROTSK;PROTTK	P68404
Prkci	protein_Prkci	c	PROTSK;PROTTK	Q62074
Prkcz	protein_Prkcz	c	PROTSK;PROTTK	Q02956
Prkd1	protein_Prkd1	c	PROTSK;PROTTK	Q62101
Prkg1	protein_Prkg1	c	PROTSK;PROTTK	P0C605
Prmt1	protein_Prmt1	c	PRMTADMA;PRMTMMA	Q9JIF0
Prmt5	protein_Prmt5	c	PRMTMMA;PRMTSDMA	Q8CIG8
Prps1	protein_Prps1	c	PRPPS;PRPPSZ	Q9D7G0
Prps2	protein_Prps2	c	PRPPS;PRPPSZ	Q9CS42
Prune1	protein_Prune1	c	PPA	Q8BIW1
Psat1	protein_Psat1	c	ASNTA;GOATA;GTHGLXTA;GTHOXATA;OPHGLXTA;OPHOXATA;PSERT	Q99K85
Psph	protein_Psph	c	PSP_L	Q99LS3
Pten	protein_Pten	c	MI1345P3PP	O08586
Ptges3	protein_Ptges3	c	PGE1S;PGE2S;PGE3S	Q9R0Q7
Ptgr1	protein_Ptgr1	c	15KPGE1Ry;15KPGE2Ry;15KPGE3Ry;15KPGF1Ry;15KPGF2Ry;15KPGF3Ry	Q91YR9
Ptgs1	protein_Ptgs1	c	PGG1S;PGG2S;PGG3S	P22437
Ptgs2	protein_Ptgs2	c	PGG1S;PGG2S;PGG3S	Q05769
Ptpa	protein_Ptpa	c	PEPTDPROI	P58389
Ptpn1	protein_Ptpn1	c	PROTYPP	P35821
Ptpn11	protein_Ptpn11	c	PROTYPP	P35235
Ptpn3	protein_Ptpn3	c	PROTYPP	A2ALK8
Ptpn6	protein_Ptpn6	c	PROTYPP	P29351
Pts	protein_Pts	c	PTHPS	Q9R1Z7
Pudp	protein_Pudp	c	NTDPSUMP	Q9D5U5
Pycr3	protein_Pycr3	c	HPROy;P5CRx;P5CRy	Q9DCC4
Pygb	protein_Pygb	c	GLPASE1;GLPASE2	Q8CI94
Pygl	protein_Pygl	c	GLPASE1;GLPASE2	Q9ET01
Pygm	protein_Pygm	c	GLPASE1;GLPASE2	Q9WUB3
Qars1	protein_Qars1	c	GLNTRS	Q8BML9
Qdpr	protein_Qdpr	c	DHPRx;DHPRy	Q8BVI4
Qng1	protein_Qng1	c	QMPNH	G3X8U3
Qprt	protein_Qprt	c	NNDPR	Q91X91
Rab10	protein_Rab10	c	NTPG	P61027
Rab11b	protein_Rab11b	c	NTPG	P46638
Rab1a	protein_Rab1a	c	NTPG	P62821
Rab2a	protein_Rab2a	c	NTPG	P53994
Rab2b	protein_Rab2b	c	NTPG	P59279
Rab3c	protein_Rab3c	c	NTPG	P62823
Rab5a	protein_Rab5a	c	NTPG	Q9CQD1
Rab5b	protein_Rab5b	c	NTPG	P61021
Rab5c	protein_Rab5c	c	NTPG	P35278
Rab6b	protein_Rab6b	c	NTPG	P61294
Rab8a	protein_Rab8a	c	NTPG	P55258
Rac1	protein_Rac1	c	NTPG	P63001
Rala	protein_Rala	c	NTPG	P63321
Ralbp1	protein_Ralbp1	pm	1SGTH2OHE1ABCte;1SGTH2OHE2ABCte;2SGTH4OHE1ABCte;2SGTH4OHE2ABCte;4GTH56DHIABCte;4SGTH2OHE1ABCte;4SGTH2OHE2ABCte;56DHIGTHABCte;ADRNLGTHABCte;ARSSELDIGTHABCte;DOPAGTHABCte;DPAMGTHABCte;GTHNOABCte;GTHOXABCte;LADRNCHRGTHABCte;LDPCHRGTHABCte;LEUKTRC4ABCte;LEUKTRC5ABCte;LNRPPHRCHRGTHABCte;NRPPHRGTHABCte;PGA1GTHABC;PGA2GTHABC;PGA3GTHABC	Q62172
Ran	protein_Ran	c	NTPG	P62827
Rap1a	protein_Rap1a	c	NTPG	P62835
Rap2b	protein_Rap2b	c	NTPG	P61226
Rars1	protein_Rars1	c	ARGTRS	Q9D0I9
Rasl2_9	protein_Rasl2_9	c	NTPG	Q61820
Rbks	protein_Rbks	c	RBK	Q8R1Q9
Rbx1	protein_Rbx1	c	NEDD8E2CONJT;UBIQE2CONJT	P62878
Rdh11	protein_Rdh11	c	RDH1y;RDH2y;RDH3y;RDH4y	Q9QYF1
Rdh14	protein_Rdh14	c	RDH1y;RDH2y;RDH3y	Q9ERI6
Rfk	protein_Rfk	c	RBFK	Q8CFV9
Rhag	protein_Rhag	pm	CO2t;MMAt2;NH3t;NH4t	Q9QUT0
Rhd	protein_Rhd	pm	CO2t;MMAt2;NH3t;NH4t	Q8CF94
Rhoa	protein_Rhoa	c	NTPG	Q9QUI0
Rida	protein_Rida	c	2IMBUTDA;2IMPPADA	P52760
Rnf123	protein_Rnf123	c	UBIQE2CONJT	Q5XPI3
Rock2	protein_Rock2	c	PROTSK;PROTTK	P70336
Rpe	protein_Rpe	c	RPE	Q8VEE0
Rpia	protein_Rpia	c	ADPRPI;RPI	P47968
Rps6ka3	protein_Rps6ka3	c	PROTSK;PROTTK	P18654
Rps6ka4	protein_Rps6ka4	c	PROTSK;PROTTK	Q9Z2B9
Rps6ka5	protein_Rps6ka5	c	PROTSK;PROTTK	Q8C050
Ruvbl1	protein_Ruvbl1	c	NTPA	P60122
Ruvbl2	protein_Ruvbl2	c	NTPA	Q9WTM5
Sacm1l	protein_Sacm1l	c	PI3PP;PI4PP	Q9EP69
Sars1	protein_Sars1	c	SERTRS	P26638
Sbf1	protein_Sbf1	c	PI35P3P;PI3PP	Q6ZPE2
Scd1	protein_Scd1	c	CYTBFADSD9_16_0;CYTBFADSD9_18_0	P13516
Scd2	protein_Scd2	c	CYTBFADSD9_16_0;CYTBFADSD9_18_0	P13011
Scd3	protein_Scd3	c	CYTBFADSD9_16_0;CYTBFADSD9_18_0	Q99PL7
Scd4	protein_Scd4	c	CYTBFADSD9_16_0;CYTBFADSD9_18_0	Q6T707
Scn4a	protein_Scn4a	pm	NAt	Q9ER60
Scn9a	protein_Scn9a	pm	NAt	Q62205
Sdsl	protein_Sdsl	c	SERHL;THRHL	Q8R238
Selenbp1	protein_Selenbp1	c	MTOX	P17563
Selenbp2	protein_Selenbp2	c	MTOX	Q63836
Shmt1	protein_Shmt1	c	GHMT2;GHMT3;GHMT4;THRA	P50431
Shpk	protein_Shpk	c	SHPK	Q9D5J6
Sirt2	protein_Sirt2	c	PROTKNADDAC	Q8VDQ8
Skp1	protein_Skp1	c	NEDD8E2CONJT;UBIQE2CONJT	Q9WTX5
Slc11a2	protein_Slc11a2	pm	CD2DMT1t;COBALT2DMT1t;FE2DMT1t;ME2DMT1t	P49282
Slc12a2	protein_Slc12a2	pm	NKCC2t;NKCCt	P55012
Slc12a4	protein_Slc12a4	pm	KCC2t;KCCt	Q9JIS8
Slc12a6	protein_Slc12a6	pm	KCC2t;KCCt	Q924N4
Slc12a7	protein_Slc12a7	pm	KCC2t;KCCt	Q9WVL3
Slc14a1	protein_Slc14a1	pm	UREAt	Q8VHL0
Slc16a1	protein_Slc16a1	pm	2HB_5OXPROtex;2HB_ACACtex;2HB_ACtex;2HB_BUTtex;2HB_DLACtex;2HB_GLYCLTtex;2HB_PPAtex;2HBt2;2OBUT_2HBtex;2OBUT_5OXPROtex;2OBUT_ACACtex;2OBUT_ACtex;2OBUT_BUTtex;2OBUT_DLACtex;2OBUT_GLYCLTtex;2OBUT_LLACtex;2OBUT_PPAtex;2OBUTt;3MOBt2;4MOPt2;5OXPRO_ACACtex;5OXPRO_ACtex;5OXPRO_BUTtex;5OXPRO_DLACtex;5OXPRO_GLYCLTtex;5OXPRO_PPAtex;5OXPROt2;ACAC_ACtex;ACAC_GLYCLTtex;ACACt2;AC_GLYCLTtex;ACt2;BUT_ACACtex;BUT_ACtex;BUT_GLYCLTtex;BUT_PPAtex;BUTt2r;DLAC_ACACtex;DLAC_ACtex;DLAC_BUTtex;DLAC_GLYCLTtex;DLAC_PPAtex;D_LACt2;GLYCLTt2;H2SUCCt;LLAC_2HBtex;LLAC_5OXPROtex;LLAC_ACACtex;LLAC_ACtex;LLAC_BUTtex;LLAC_DLACtex;LLAC_GLYCLTtex;LLAC_PPAtex;L_LACt2;PPA_ACACtex;PPA_ACtex;PPA_GLYCLTtex;PPAt2r;PYR_2HBtex;PYR_2OBUTtex;PYR_5OXPROtex;PYR_ACACtex;PYR_ACtex;PYR_BUTtex;PYR_DLACtex;PYR_GLYCLTtex;PYR_LLACtex;PYR_PPAtex;PYRt2	P53986
Slc16a10	protein_Slc16a10	pm	LDOPAt;PHEtec;TETIODTHYt2;TRIIODTHYt2;TRPtec;TYRtec	Q3U9N9
Slc16a7	protein_Slc16a7	pm	2HB_5OXPROtex;2HB_ACACtex;2HB_ACtex;2HB_BUTtex;2HB_DLACtex;2HB_GLYCLTtex;2HB_PPAtex;2HBt2;2OBUT_2HBtex;2OBUT_5OXPROtex;2OBUT_ACACtex;2OBUT_ACtex;2OBUT_BUTtex;2OBUT_DLACtex;2OBUT_GLYCLTtex;2OBUT_LLACtex;2OBUT_PPAtex;2OBUTt;3MOBt2;4MOPt2;5OXPRO_ACACtex;5OXPRO_ACtex;5OXPRO_BUTtex;5OXPRO_DLACtex;5OXPRO_GLYCLTtex;5OXPRO_PPAtex;5OXPROt2;ACAC_ACtex;ACAC_GLYCLTtex;ACACt2;AC_GLYCLTtex;ACt2;BUT_ACACtex;BUT_ACtex;BUT_GLYCLTtex;BUT_PPAtex;BUTt2r;DLAC_ACACtex;DLAC_ACtex;DLAC_BUTtex;DLAC_GLYCLTtex;DLAC_PPAtex;D_LACt2;GLYCLTt2;H2SUCCt;LLAC_2HBtex;LLAC_5OXPROtex;LLAC_ACACtex;LLAC_ACtex;LLAC_BUTtex;LLAC_DLACtex;LLAC_GLYCLTtex;LLAC_PPAtex;L_LACt2;PPA_ACACtex;PPA_ACtex;PPA_GLYCLTtex;PPAt2r;PYR_2HBtex;PYR_2OBUTtex;PYR_5OXPROtex;PYR_ACACtex;PYR_ACtex;PYR_BUTtex;PYR_DLACtex;PYR_GLYCLTtex;PYR_LLACtex;PYR_PPAtex;PYRt2	O70451
Slc16a9	protein_Slc16a9	pm	CREATt;CRNt	Q7TM99
Slc17a7	protein_Slc17a7	pm	NO2_2Natex;PI2Natex	Q3TXX4
Slc19a1	protein_Slc19a1	pm	23CGAMP_AICARtex;23CGAMP_OHtex;23CGAMP_THMMPtex;5FTHF_5MTHFtex;5FTHF_AICARtex;5FTHF_OHtex;5FTHF_THMMPtex;5MTHF_AICARtex;5MTHF_OHtex;5MTHF_THMMPtex;THF_5FTHFtex;THF_5MTHFtex;THF_AICARtex;THF_OHtex;THF_THMMPtex;THMMP_OHtex	P41438
Slc19a2	protein_Slc19a2	pm	PYDXNHt;THMt3	Q9EQN9
Slc1a1	protein_Slc1a1	pm	ASPNaHKtex;GLUNaHKtex	P51906
Slc1a4	protein_Slc1a4	pm	4HPROLTASCT1;ALACYSNaEx;ALAHCYSNaEx;ALAPROASCT1;ALASERNaEx;ALATHRNaEx;CYSALANaEx;CYSSERNaEx;CYSTHRNaEx;HCYSALANaEx;HCYSSERNaEx;HCYSTHRNaEx;SERALANaEx;SERCYSNaEx;SERHCYSNaEx;SERTHRNaEx;THRALANaEx;THRCYSNaEx;THRHCYSNaEx;THRSERNaEx	O35874
Slc1a5	protein_Slc1a5	pm	ALAASNNaEx;ALACYSNaEx;ALAGLNNaEx;ALASERNaEx;ALATHRNaEx;ASNALANaEx;ASNCYSNaEx;ASNGLNNaEx;ASNSERNaEx;ASNTHRNaEx;CYSALANaEx;CYSSERNaEx;CYSTHRNaEx;GLNALANaEx;GLNASNNaEx;GLNCYSNaEx;GLNSERNaEx;GLNTHRNaEx;SERALANaEx;SERASNNaEx;SERCYSNaEx;SERGLNNaEx;SERTHRNaEx;THRALANaEx;THRASNNaEx;THRCYSNaEx;THRGLNNaEx;THRSERNaEx	P51912
Slc22a16	protein_Slc22a16	pm	CRNt;CRNtuNa;ERGOTHtuNa;SPMDtex2	Q497L8
Slc22a4	protein_Slc22a4	pm	ACHt;CRNtuNa;ERGOTHtuNa;GLYBNatex;Kt1	Q9Z306
Slc22a7	protein_Slc22a7	pm	CAMPtec;CGMPtec;CIMPtec;CRTNt;GLUte;INDStec;NACt;OROTGLUex	Q91WU2
Slc25a3	protein_Slc25a3	pm	NaLitex	Q8VEM8
Slc25a31	protein_Slc25a31	pm	ATPte	Q3V132
Slc25a4	protein_Slc25a4	pm	ATPte	P48962
Slc25a5	protein_Slc25a5	pm	ATPte	P51881
Slc26a6	protein_Slc26a6	pm	ClFORtex2;ClHCO3tex2;ClOHtex2;ClOXAtex2;SO4Cltex2;SO4OXAtex2	Q8CIW6
Slc27a2	protein_Slc27a2	pm	FAt_16_0;FAt_16_2E;FAt_18_0;FAt_18_9Z;FAt_18_9Z12Z;FAt_20_5Z8Z11Z14Z;FAt_hs_10_0;FAt_hs_11_0;FAt_hs_12_0;FAt_hs_13_0;FAt_hs_14_0;FAt_hs_14_5Z;FAt_hs_14_7Z;FAt_hs_14_9Z;FAt_hs_15_0;FAt_hs_16_7Z;FAt_hs_16_9Z;FAt_hs_17_0;FAt_hs_17_10Z;FAt_hs_17_9Z;FAt_hs_18_11Z;FAt_hs_18_13Z;FAt_hs_18_6Z9Z;FAt_hs_18_6Z9Z12Z;FAt_hs_18_6Z9Z12Z15Z;FAt_hs_18_7Z;FAt_hs_18_9E;FAt_hs_18_9Z12Z15Z;FAt_hs_19_0;FAt_hs_20_0;FAt_hs_20_11Z;FAt_hs_20_11Z14Z;FAt_hs_20_11Z14Z17Z;FAt_hs_20_13Z;FAt_hs_20_5Z8Z11Z;FAt_hs_20_5Z8Z11Z14Z17Z;FAt_hs_20_8Z11Z;FAt_hs_20_8Z11Z14Z;FAt_hs_20_8Z11Z14Z17Z;FAt_hs_20_9Z;FAt_hs_21_0;FAt_hs_22_0;FAt_hs_22_10Z13Z16Z;FAt_hs_22_10Z13Z16Z19Z;FAt_hs_22_11Z;FAt_hs_22_13Z;FAt_hs_22_13Z16Z;FAt_hs_22_13Z16Z19Z;FAt_hs_22_4Z7Z10Z13Z16Z;FAt_hs_22_4Z7Z10Z13Z16Z19Z;FAt_hs_22_7Z10Z13Z16Z;FAt_hs_22_7Z10Z13Z16Z19Z;FAt_hs_23_0;FAt_hs_24_0;FAt_hs_24_12Z15Z18Z21Z;FAt_hs_24_15Z;FAt_hs_24_6Z9Z12Z15Z18Z;FAt_hs_24_6Z9Z12Z15Z18Z21Z;FAt_hs_24_9Z12Z15Z18Z;FAt_hs_24_9Z12Z15Z18Z21Z;FAt_hs_26_0;FAt_hs_26_17Z;FAt_hs_4_0;FAt_hs_5_0;FAt_hs_6_0;FAt_hs_7_0;FAt_hs_8_0;FAt_hs_9_0	O35488
Slc27a4	protein_Slc27a4	pm	FACOAL_12_0;FACOAL_13_0;FACOAL_14_0;FACOAL_14_5Z;FACOAL_14_7Z;FACOAL_14_9Z;FACOAL_15_0;FACOAL_16_0;FACOAL_16_7Z;FACOAL_16_9Z;FACOAL_17_0;FACOAL_17_10Z;FACOAL_17_9Z;FACOAL_18_0;FACOAL_18_11Z;FACOAL_18_13Z;FACOAL_18_6Z9Z;FACOAL_18_6Z9Z12Z;FACOAL_18_6Z9Z12Z15Z;FACOAL_18_7Z;FACOAL_18_9E;FACOAL_18_9Z;FACOAL_18_9Z12Z;FACOAL_18_9Z12Z15Z;FACOAL_19_0;FACOAL_20_0;FACOAL_20_11Z;FACOAL_20_11Z14Z;FACOAL_20_11Z14Z17Z;FACOAL_20_13Z;FACOAL_20_5Z8Z11Z;FACOAL_20_5Z8Z11Z14Z;FACOAL_20_5Z8Z11Z14Z17Z;FACOAL_20_8Z11Z;FACOAL_20_8Z11Z14Z;FACOAL_20_8Z11Z14Z17Z;FACOAL_20_9Z;FACOAL_21_0;FACOAL_22_0;FACOAL_22_10Z13Z16Z;FACOAL_22_10Z13Z16Z19Z;FACOAL_22_11Z;FACOAL_22_13Z;FACOAL_22_13Z16Z;FACOAL_22_13Z16Z19Z;FACOAL_22_4Z7Z10Z13Z16Z;FACOAL_22_4Z7Z10Z13Z16Z19Z;FACOAL_22_7Z10Z13Z16Z;FACOAL_22_7Z10Z13Z16Z19Z;FACOAL_23_0;FACOAL_24_0;FACOAL_24_12Z15Z18Z21Z;FACOAL_24_15Z;FACOAL_24_6Z9Z12Z15Z18Z;FACOAL_24_6Z9Z12Z15Z18Z21Z;FACOAL_24_9Z12Z15Z18Z;FACOAL_24_9Z12Z15Z18Z21Z;FACOAL_26_0;FACOAL_26_17Z;FAt_16_0;FAt_16_2E;FAt_18_0;FAt_18_9Z;FAt_18_9Z12Z;FAt_20_5Z8Z11Z14Z;FAt_hs_10_0;FAt_hs_11_0;FAt_hs_12_0;FAt_hs_13_0;FAt_hs_14_0;FAt_hs_14_5Z;FAt_hs_14_7Z;FAt_hs_14_9Z;FAt_hs_15_0;FAt_hs_16_7Z;FAt_hs_16_9Z;FAt_hs_17_0;FAt_hs_17_10Z;FAt_hs_17_9Z;FAt_hs_18_11Z;FAt_hs_18_13Z;FAt_hs_18_6Z9Z;FAt_hs_18_6Z9Z12Z;FAt_hs_18_6Z9Z12Z15Z;FAt_hs_18_7Z;FAt_hs_18_9E;FAt_hs_18_9Z12Z15Z;FAt_hs_19_0;FAt_hs_20_0;FAt_hs_20_11Z;FAt_hs_20_11Z14Z;FAt_hs_20_11Z14Z17Z;FAt_hs_20_13Z;FAt_hs_20_5Z8Z11Z;FAt_hs_20_5Z8Z11Z14Z17Z;FAt_hs_20_8Z11Z;FAt_hs_20_8Z11Z14Z;FAt_hs_20_8Z11Z14Z17Z;FAt_hs_20_9Z;FAt_hs_21_0;FAt_hs_22_0;FAt_hs_22_10Z13Z16Z;FAt_hs_22_10Z13Z16Z19Z;FAt_hs_22_11Z;FAt_hs_22_13Z;FAt_hs_22_13Z16Z;FAt_hs_22_13Z16Z19Z;FAt_hs_22_4Z7Z10Z13Z16Z;FAt_hs_22_4Z7Z10Z13Z16Z19Z;FAt_hs_22_7Z10Z13Z16Z;FAt_hs_22_7Z10Z13Z16Z19Z;FAt_hs_23_0;FAt_hs_24_0;FAt_hs_24_12Z15Z18Z21Z;FAt_hs_24_15Z;FAt_hs_24_6Z9Z12Z15Z18Z;FAt_hs_24_6Z9Z12Z15Z18Z21Z;FAt_hs_24_9Z12Z15Z18Z;FAt_hs_24_9Z12Z15Z18Z21Z;FAt_hs_26_0;FAt_hs_26_17Z;FAt_hs_4_0;FAt_hs_5_0;FAt_hs_6_0;FAt_hs_7_0;FAt_hs_8_0;FAt_hs_9_0	Q91VE0
Slc29a1	protein_Slc29a1	pm	2DADNt;2DCYTt;2DGSNt;2DINSt;2DURIt;4PYRNt;5FLURAt;5MTAtec;78DHBPTt;ADEt;ADNt;AICAt;CYTDt;GSNt;GUAt;HYXNt;INSt;MERCPURt;NICRNSt;RBVt;RNAMHt;RNAMt;SPPTt;THBPTt;THYMDt;THYMt;URAt;URIt	Q9JIM1
Slc2a1	protein_Slc2a1	pm	ARAB_Lt;ASCBt;DHAAt1r;GAL_Dt;GAL_bDt;GAMt1r;GLC_Dt;GLC_aDt;MANt1r	P17809
Slc2a2	protein_Slc2a2	pm	ASCBt;DHAAt1r;FRUt1r;GAL_Dt;GAL_bDt;GLC_Dt;GLC_aDt	P14246
Slc2a3	protein_Slc2a3	pm	ASCBt;DHAAt1r;GLC_Dt;GLC_aDt	P32037
Slc2a3	protein_Slc2a3	pm	ARAB_Lt;ASCBt;DHAAt1r;GAL_Dt;GAL_bDt;GLC_Dt;GLC_aDt;MANt1r;XYLt	P32037
Slc2a4	protein_Slc2a4	pm	ASCBt;DHAAt1r;GAMt1r;GLC_Dt;GLC_aDt	P14142
Slc2a5	protein_Slc2a5	pm	FRUt1r	Q9WV38
Slc30a1	protein_Slc30a1	pm	ZN2Htex2	Q60738
Slc31a1	protein_Slc31a1	pm	AG1tec;CU1tec	Q8K211
Slc39a10	protein_Slc39a10	pm	ZN2t	Q6P5F6
Slc39a8	protein_Slc39a8	pm	CD2_2HCO3t;COBALT2_2HCO3t;FE2_2HCO3t;MN2_2HCO3t;ZN2_2HCO3t;ZN2_HCO3_SELNIt	Q91W10
Slc3a2	protein_Slc3a2	pm	2ABUTtec;ADMARGARGtex;ADMARGCITRtex;ADMARGHIStex;ADMARGLYStex;ADMARGORNtex;ALAADMARGNaEx;ALAARGNaEx;ALAASNex;ALACITRNaEx;ALACYSex;ALAGLNex;ALAGLYex;ALAILEex;ALALEUex;ALALYSNaEx;ALAMETex;ALAMMARGNaEx;ALAORNNaEx;ALAPHEex;ALAPROex;ALASERex;ALATHRex;ALATRPex;ALATYRex;ALAVALex;ALAtec;ARGCITRtex;ARGHIStex;ARGLYStex;ARGORNtex;ASNADMARGNaEx;ASNARGNaEx;ASNCITRNaEx;ASNCYSex;ASNGLNex;ASNGLYex;ASNILEex;ASNLEUex;ASNLYSNaEx;ASNMETex;ASNMMARGNaEx;ASNORNNaEx;ASNPHEex;ASNPROex;ASNSERex;ASNTHRex;ASNTRPex;ASNTYRex;ASNVALex;ASNtec;CYSADMARGNaEx;CYSARGNaEx;CYSCITRNaEx;CYSGLNex;CYSGLYex;CYSILEex;CYSIt;CYSLYSNaEx;CYSMETex;CYSMMARGNaEx;CYSORNNaEx;CYSPHEex;CYSPROex;CYSSERex;CYSTHRex;CYSTRPex;CYSTYRex;CYSVALex;CYStec;DIIODTHYt2;GLNADMARGNaEx;GLNARGNaEx;GLNCITRNaEx;GLNGLYex;GLNILEex;GLNLEUex;GLNLYSNaEx;GLNMETex;GLNMMARGNaEx;GLNORNNaEx;GLNPHEex;GLNPROex;GLNSERex;GLNTHRex;GLNTRPex;GLNTYRex;GLNVALex;GLNtec;GLYADMARGNaEx;GLYALANaEx;GLYARGNaEx;GLYCITRNaEx;GLYILEex;GLYLEUex;GLYLYSNaEx;GLYMETex;GLYMMARGNaEx;GLYORNNaEx;GLYPHEex;GLYPROex;GLYSERex;GLYTHRex;GLYTRPex;GLYTYRex;GLYVALex;GLYtec;HCYSADMARGNaEx;HCYSARGNaEx;HCYSCITRNaEx;HCYSLYSNaEx;HCYSMMARGNaEx;HCYSORNNaEx;HCYSte;HISADMARGNaEx;HISARGNaEx;HISCITRNaEx;HISCITRtex;HISLYSNaEx;HISLYStex;HISMMARGNaEx;HISORNNaEx;HISORNtex;HIStec;HSERALAex;HSERASNex;HSERCYSex;HSERGLNex;HSERGLYex;HSERILEex;HSERLEUex;HSERMETex;HSERPHEex;HSERPROex;HSERSERex;HSERTHRex;HSERTRPex;HSERTYRex;HSERVALex;ILEADMARGNaEx;ILEARGNaEx;ILECITRNaEx;ILELEUex;ILELYSNaEx;ILEMETex;ILEMMARGNaEx;ILEORNNaEx;ILEPHEex;ILEPROex;ILESERex;ILETHRex;ILETRPex;ILETYRex;ILEVALex;ILEtec;LEUADMARGNaEx;LEUALANaEx;LEUARGNaEx;LEUCITRNaEx;LEULDOPAex;LEULYSNaEx;LEUMETex;LEUMMARGNaEx;LEUORNNaEx;LEUPHEex;LEUPROex;LEUSERex;LEUTHRex;LEUTRPex;LEUTYRex;LEUVALex;LEUtec;LHCYSTINt;LKYNRtr;LYSCITRtex;LYSORNtex;METADMARGNaEx;METARGNaEx;METCITRNaEx;METLYSNaEx;METMMARGNaEx;METORNNaEx;METPHEex;METPROex;METSERex;METTHRex;METTRPex;METTYRex;METVALex;METtec;MMARGARGtex;MMARGCITRtex;MMARGHIStex;MMARGLYStex;MMARGORNtex;PHEADMARGNaEx;PHEALANaEx;PHEARGNaEx;PHECITRNaEx;PHELYSNaEx;PHEMMARGNaEx;PHEORNNaEx;PHEPROex;PHESERex;PHETHRex;PHETRPex;PHETYRex;PHEVALex;PHEtec;PROADMARGNaEx;PROARGNaEx;PROCITRNaEx;PROLYSNaEx;PROMMARGNaEx;PROORNNaEx;PROSERex;PROTHRex;PROTRPex;PROTYRex;PROVALex;PROtec;SERADMARGNaEx;SERARGNaEx;SERCITRNaEx;SERLYSNaEx;SERMMARGNaEx;SERORNNaEx;SERTHRex;SERTRPex;SERTYRex;SERVALex;SERtec;TETIODTHYt2;THRADMARGNaEx;THRARGNaEx;THRCITRNaEx;THRLYSNaEx;THRMMARGNaEx;THRORNNaEx;THRTRPex;THRTYRex;THRVALex;THRtec;TRIIODTHYt2;TRPADMARGNaEx;TRPARGNaEx;TRPCITRNaEx;TRPHLKYNR;TRPLYSNaEx;TRPMMARGNaEx;TRPORNNaEx;TRPTYRex;TRPVALex;TRPtec;TYRADMARGNaEx;TYRARGNaEx;TYRCITRNaEx;TYRLYSNaEx;TYRMMARGNaEx;TYRORNNaEx;TYRVALex;TYRtec;VALADMARGNaEx;VALALANaEx;VALARGNaEx;VALCITRNaEx;VALLYSNaEx;VALMMARGNaEx;VALORNNaEx;VALtec	P10852
Slc40a1	protein_Slc40a1	pm	COBALT2te;FE2t;FEROXe	Q9JHI9
Slc41a1	protein_Slc41a1	pm	MG2NAtex2	Q8BJA2
Slc43a1	protein_Slc43a1	pm	2ABUTtec;ALAtec;ASNtec;CYSIt;CYStec;DLEUtec;GLNtec;GLYtec;HCYSte;HIStec;ILEtec;LEUtec;LHCYSTINt;LKYNRtr;METtec;PHEtec;PROtec;SERtec;THRtec;TRPtec;TYRtec;VALtec	Q8BSM7
Slc43a2	protein_Slc43a2	pm	2ABUTtec;ALAtec;ASNtec;CYSIt;CYStec;GLNtec;GLYtec;HCYSte;HIStec;ILEtec;LEUtec;LHCYSTINt;LKYNRtr;METtec;PHEtec;PROtec;SERtec;THRtec;TRPtec;TYRtec;VALtec	Q8CGA3
Slc43a3	protein_Slc43a3	pm	ADEt;AICt;GUAt;HYXNt;THYMt;URAt	A2AVZ9
Slc44a1	protein_Slc44a1	pm	CHOLtec;ETHAt	Q6X893
Slc44a2	protein_Slc44a2	pm	CHOLtec;ETHAt	Q8BY89
Slc4a1	protein_Slc4a1	pm	ARSNA_Cltex;CYS_Cltex;Cl_OH1tex;Cl_PItex;FOR_Cltex;GLXCLtex;GLYCTCLtex;GLY_Cltex;HCO3_Cltex;HMOBD_Cltex;LLAC_Cltex;NACCYS_Cltex;NO2_Cltex;NO3_Cltex;O2S_Cltex;ONOO_Cltex;PYR_Cltex;SELNI_Cltex;SER_Cltex;SH1_Cltex	P04919
Slc4a2	protein_Slc4a2	pm	HCO3_Cltex	P13808
Slc52a2	protein_Slc52a2	pm	RIBFLVt	Q9D8F3
Slc6a8	protein_Slc6a8	pm	CREAT2NaClt	Q8VBW1
Slc6a9	protein_Slc6a9	pm	GLY_Cl_2Nat;PRO_Cl_2Nat;SARCS_Cl_2Nat	P28571
Slc7a1	protein_Slc7a1	pm	ADMARGARGtex;ADMARGCITRtex;ADMARGHIStex;ADMARGLYStex;ADMARGORNtex;ADMARGt_L;ARGCITRtex;ARGHIStex;ARGLYStex;ARGORNtex;ARGtec;HISCITRtex;HISLYStex;HISORNtex;LYSCITRtex;LYSORNtex;LYStec;MMARGARGtex;MMARGCITRtex;MMARGHIStex;MMARGLYStex;MMARGORNtex;MMARGt_L;ORNtec	Q09143
Slc7a5	protein_Slc7a5	pm	2ABUTtec;ALAASNex;ALACYSex;ALAGLNex;ALAGLYex;ALAILEex;ALALEUex;ALAMETex;ALAPHEex;ALAPROex;ALASERex;ALATHRex;ALATRPex;ALATYRex;ALAVALex;ALAtec;ASNCYSex;ASNGLNex;ASNGLYex;ASNILEex;ASNLEUex;ASNMETex;ASNPHEex;ASNPROex;ASNSERex;ASNTHRex;ASNTRPex;ASNTYRex;ASNVALex;ASNtec;CYSGLNex;CYSGLYex;CYSILEex;CYSIt;CYSMETex;CYSPHEex;CYSPROex;CYSSERex;CYSTHRex;CYSTRPex;CYSTYRex;CYSVALex;CYStec;DIIODTHYt2;GLNGLYex;GLNILEex;GLNLEUex;GLNMETex;GLNPHEex;GLNPROex;GLNSERex;GLNTHRex;GLNTRPex;GLNTYRex;GLNVALex;GLNtec;GLYILEex;GLYLEUex;GLYMETex;GLYPHEex;GLYPROex;GLYSERex;GLYTHRex;GLYTRPex;GLYTYRex;GLYVALex;GLYtec;HCYSte;HIStec;HSERALAex;HSERASNex;HSERCYSex;HSERGLNex;HSERGLYex;HSERILEex;HSERLEUex;HSERMETex;HSERPHEex;HSERPROex;HSERSERex;HSERTHRex;HSERTRPex;HSERTYRex;HSERVALex;ILELEUex;ILEMETex;ILEPHEex;ILEPROex;ILESERex;ILETHRex;ILETRPex;ILETYRex;ILEVALex;ILEtec;LEULDOPAex;LEUMETex;LEUPHEex;LEUPROex;LEUSERex;LEUTHRex;LEUTRPex;LEUTYRex;LEUVALex;LEUtec;LHCYSTINt;LKYNRtr;METPHEex;METPROex;METSERex;METTHRex;METTRPex;METTYRex;METVALex;METtec;PHEPROex;PHESERex;PHETHRex;PHETRPex;PHETYRex;PHEVALex;PHEtec;PROSERex;PROTHRex;PROTRPex;PROTYRex;PROVALex;PROtec;SERTHRex;SERTRPex;SERTYRex;SERVALex;SERtec;TETIODTHYt2;THRTRPex;THRTYRex;THRVALex;THRtec;TRIIODTHYt2;TRPHLKYNR;TRPTYRex;TRPVALex;TRPtec;TYRVALex;TYRtec;VALtec	Q9Z127
Slc7a6	protein_Slc7a6	pm	ADMARGARGtex;ADMARGCITRtex;ADMARGHIStex;ADMARGLYStex;ADMARGORNtex;ALAADMARGNaEx;ALAARGNaEx;ALACITRNaEx;ALALYSNaEx;ALAMMARGNaEx;ALAORNNaEx;ARGCITRtex;ARGHIStex;ARGLYStex;ARGORNtex;ASNADMARGNaEx;ASNARGNaEx;ASNCITRNaEx;ASNLYSNaEx;ASNMMARGNaEx;ASNORNNaEx;CYSADMARGNaEx;CYSARGNaEx;CYSCITRNaEx;CYSLYSNaEx;CYSMMARGNaEx;CYSORNNaEx;GLNADMARGNaEx;GLNARGNaEx;GLNCITRNaEx;GLNLYSNaEx;GLNMMARGNaEx;GLNORNNaEx;GLYADMARGNaEx;GLYALANaEx;GLYARGNaEx;GLYCITRNaEx;GLYLYSNaEx;GLYMMARGNaEx;GLYORNNaEx;HCYSADMARGNaEx;HCYSARGNaEx;HCYSCITRNaEx;HCYSLYSNaEx;HCYSMMARGNaEx;HCYSORNNaEx;HISADMARGNaEx;HISARGNaEx;HISCITRNaEx;HISCITRtex;HISLYSNaEx;HISLYStex;HISMMARGNaEx;HISORNNaEx;HISORNtex;ILEADMARGNaEx;ILEARGNaEx;ILECITRNaEx;ILELYSNaEx;ILEMMARGNaEx;ILEORNNaEx;LEUADMARGNaEx;LEUALANaEx;LEUARGNaEx;LEUCITRNaEx;LEULYSNaEx;LEUMMARGNaEx;LEUORNNaEx;LYSCITRtex;LYSORNtex;METADMARGNaEx;METARGNaEx;METCITRNaEx;METLYSNaEx;METMMARGNaEx;METORNNaEx;MMARGARGtex;MMARGCITRtex;MMARGHIStex;MMARGLYStex;MMARGORNtex;PHEADMARGNaEx;PHEALANaEx;PHEARGNaEx;PHECITRNaEx;PHELYSNaEx;PHEMMARGNaEx;PHEORNNaEx;PROADMARGNaEx;PROARGNaEx;PROCITRNaEx;PROLYSNaEx;PROMMARGNaEx;PROORNNaEx;SERADMARGNaEx;SERARGNaEx;SERCITRNaEx;SERLYSNaEx;SERMMARGNaEx;SERORNNaEx;THRADMARGNaEx;THRARGNaEx;THRCITRNaEx;THRLYSNaEx;THRMMARGNaEx;THRORNNaEx;TRPADMARGNaEx;TRPARGNaEx;TRPCITRNaEx;TRPLYSNaEx;TRPMMARGNaEx;TRPORNNaEx;TYRADMARGNaEx;TYRARGNaEx;TYRCITRNaEx;TYRLYSNaEx;TYRMMARGNaEx;TYRORNNaEx;VALADMARGNaEx;VALALANaEx;VALARGNaEx;VALCITRNaEx;VALLYSNaEx;VALMMARGNaEx;VALORNNaEx	Q8BGK6
Slc9a1	protein_Slc9a1	pm	NaLitex	Q61165
Slc9a6	protein_Slc9a6	pm	KHtex;NaHtex	A1L3P4
Slc9a7	protein_Slc9a7	pm	KHtex;NaHtex	Q8BLV3
Slc9b2	protein_Slc9b2	pm	NaHtex;NaLitex	Q5BKR2
Slco1a1	protein_Slco1a1	pm	E217BGLCRte;CHOLATEt;DGCHOLte;DHEASte;ESTRONESte;GCHOLAte;GDCHOLAte;GUDCHOLAte;PGE2te;TCHOLAte;TDCHOLAte;TDECHOLAte;TETIODTHYt2;TRIIODTHYt2;TUDCHOLAte	Q9QXZ6
Slco1a4	protein_Slco1a4	pm	E217BGLCRte;CHOLATEt;DGCHOLte;DHEASte;ESTRONESte;GCHOLAte;GDCHOLAte;GUDCHOLAte;PGE2te;TCHOLAte;TDCHOLAte;TDECHOLAte;TETIODTHYt2;TRIIODTHYt2;TUDCHOLAte	Q9EP96
Slco1a5	protein_Slco1a5	pm	E217BGLCRte;CHOLATEt;DGCHOLte;DHEASte;ESTRONESte;GCHOLAte;GDCHOLAte;GUDCHOLAte;PGE2te;TCHOLAte;TDCHOLAte;TDECHOLAte;TETIODTHYt2;TRIIODTHYt2;TUDCHOLAte	Q91YY5
Slco1a6	protein_Slco1a6	pm	E217BGLCRte;CHOLATEt;DGCHOLte;DHEASte;ESTRONESte;GCHOLAte;GDCHOLAte;GUDCHOLAte;PGE2te;TCHOLAte;TDCHOLAte;TDECHOLAte;TETIODTHYt2;TRIIODTHYt2;TUDCHOLAte	Q99J94
Slco2b1	protein_Slco2b1	pm	CHOLATEt;CPPP3te;DHEASte;ESTRONESte;PGD2te;PGE2te;PRGNStec;TCHOLAte;TETIODTHYt2	Q8BXB6
Slk	protein_Slk	c	PROTSK;PROTTK	O54988
Smox	protein_Smox	c	N1ASPMDOX;N1SPRMOX;SMOX;SPMDOX	Q99K82
Smpd1	protein_Smpd1	c	SMPD	Q04519
Smpd3	protein_Smpd3	c	SMPD	Q9JJY3
Smpdl3b	protein_Smpdl3b	c	CDPCHOLPP	P58242
Sms	protein_Sms	c	SPRMS	P97355
Sod1	protein_Sod1	c	SPODM;SPODM2	P08228
Sord	protein_Sord	c	ERTHSD_Dy;RBTDG2_Dx;SBTD_D2;THRTLD_Lx;XYLTD_Dx	Q64442
Sphk1	protein_Sphk1	c	SPHGANK;SPHGNSK	Q8CI15
Sptlc1	protein_Sptlc1	c	SERPT	O35704
Sptlc2	protein_Sptlc2	c	SERPT	P97363
Srm	protein_Srm	c	SPMS	Q64674
Srxn1	protein_Srxn1	c	SRDX1GRDX2CDG;SRDX1GTHDG;SRDX1GTHRD	Q9D975
St3gal1	protein_St3gal1	c	CMPACNAGA1;CMPACNAGALBSD;CMPACNAGD1B;CMPACNAGM1	P54751
St3gal2	protein_St3gal2	c	CMPACNAGA1;CMPACNAGALBSD;CMPACNAGD1B;CMPACNAGM1	Q11204
Steap3	protein_Steap3	c	CU2RD;FE3RD	Q8CI59
Steap3	protein_Steap3	pm	TMCU2RDte;TMFE3RDte	Q8CI59
Stk11	protein_Stk11	c	PROTSK;PROTTK	Q9WTK7
Stradb	protein_Stradb	c	PROTSK;PROTTK	Q8K4T3
Syk	protein_Syk	c	PROTYK	P48025
Synj1	protein_Synj1	c	MI145P5PP;PI45P5P;PI4PP	Q8CHC4
Taldo1	protein_Taldo1	c	TALA	Q93092
Tars1	protein_Tars1	c	THRTRS	Q9D0R2
Tecr	protein_Tecr	c	FACOA2ERy_16_2E;FACOA2ERy_17_2E;FACOA2ERy_18_2E;FACOA2ERy_19_2E;FACOA2ERy_20_2E;FACOA2ERy_20_2E11Z;FACOA2ERy_20_2E11Z14Z;FACOA2ERy_20_2E11Z14Z17Z;FACOA2ERy_20_2E13Z;FACOA2ERy_20_2E5Z8Z11Z14Z;FACOA2ERy_20_2E8Z11Z;FACOA2ERy_20_2E8Z11Z14Z;FACOA2ERy_20_2E9Z;FACOA2ERy_21_2E;FACOA2ERy_22_2E;FACOA2ERy_22_2E10Z13Z16Z;FACOA2ERy_22_2E10Z13Z16Z19Z;FACOA2ERy_22_2E11Z;FACOA2ERy_22_2E13Z;FACOA2ERy_22_2E13Z16Z;FACOA2ERy_22_2E13Z16Z19Z;FACOA2ERy_22_2E7Z10Z13Z16Z;FACOA2ERy_22_2E7Z10Z13Z16Z19Z;FACOA2ERy_23_2E;FACOA2ERy_24_2E;FACOA2ERy_24_2E12Z15Z18Z21Z;FACOA2ERy_24_2E15Z;FACOA2ERy_24_2E9Z12Z15Z18Z;FACOA2ERy_24_2E9Z12Z15Z18Z21Z;FACOA2ERy_26_2E;FACOA2ERy_26_2E17Z	Q9CY27
Tfr2	protein_Tfr2	pm	FE3t	Q9JKX3
Tfrc	protein_Tfrc	pm	FE3t	Q62351
Tgm2	protein_Tgm2	c	PROTQADRNLGMT;PROTQDPAMGMT;PROTQGLUN;PROTQHISTAGMT;PROTQPROTLGMT;PROTQSRTNGMT	P21981
Tgm3	protein_Tgm3	c	PROTQPROTLGMT	Q08189
Thop1	protein_Thop1	c	ANGIO1THOP	Q8C1A5
Thtpa	protein_Thtpa	c	THMTP	Q8JZL3
Tkfc	protein_Tkfc	c	DHAK;FADL;TRIOK	Q8VC30
Tkt	protein_Tkt	c	TKT1;TKT2	P40142
Tmem109	protein_Tmem109	pm	CA2t;Kt1	Q3UBX0
Tmem30a	protein_Tmem30a	pm	PEFLIPt;PSFLIPt	Q8VEK0
Tpi1	protein_Tpi1	c	TPI	P17751
Tpk1	protein_Tpk1	c	TMDPK;TMDPK2;TMDPK3;TMDPK4	Q9R0M5
Tpmt	protein_Tpmt	c	MERCPURMT;THIOGMPMT;THIOIMPMT	O55060
Trf	protein_Trf	pm	FE3t	Q921I1
Trim58	protein_Trim58	c	UBIQE2CONJT	Q5NCC9
Trpc6	protein_Trpc6	pm	CA2t	Q61143
Trpv2	protein_Trpv2	pm	CA2t	Q9WTR1
Tspo2	protein_Tspo2	pm	5AOPt2;ATPte	Q9CRZ8
Txn1	protein_Txn1	c	CYSTRDX;DHLIPTRD;HCYSTRDX;MCPST3;MDHDASCBRy;METSELNEORy;METSELNIORy;PRDX2TRDXRD;SELNIOR3y;TRDRy	P10639
Txndc17	protein_Txndc17	c	CYSTRDX;DHLIPTRD;HCYSTRDX;MCPST3;METSELNEORy;METSELNIORy;SELNIOR3y;TRDRy	Q9CQM5
Txndc5	protein_Txndc5	c	INSULINGTHOR	Q91W90
Txnl1	protein_Txnl1	c	CYSTRDX;DHLIPTRD;HCYSTRDX;MCPST3;MDHDASCBRy;METSELNEORy;METSELNIORy;PRDX2TRDXRD;SELNIOR3y;TRDRy	Q8CDN6
Txnrd1	protein_Txnrd1	c	MDHDASCBRy;METSELNEORy;METSELNIORy;Q102ERx;Q102ERy;SELNIOR3y;TRDRy	Q9JMH6
Uap1	protein_Uap1	c	UAGALDP;UAGDP	Q91YN5
Uba1	protein_Uba1	c	UBIQE1ACT	Q02053
Uba3	protein_Uba3	c	NEDD8E1ACT	Q8C878
Uba6	protein_Uba6	c	UBIQE1ACT	Q8C7R4
Ubac1	protein_Ubac1	c	UBIQE2CONJT	Q8VDI7
Ubb	protein_Ubb	c	POLYUBBPL	P0CG49
Ube2l3	protein_Ube2l3	c	UBIQE1E2T	P68037
Ube2m	protein_Ube2m	c	NEDD8E1E2T	P61082
Ube2n	protein_Ube2n	c	UBIQE1E2T	P61089
Ube2o	protein_Ube2o	c	UBIQE1T	Q6ZPJ3
Ube2v1	protein_Ube2v1	c	UBIQE1E2T	Q9CZY3
Ube2v2	protein_Ube2v2	c	UBIQE1E2T	Q9D2M8
Ubr4	protein_Ubr4	c	UBIQE2CONJT	A2AN08
Ubxn1	protein_Ubxn1	c	NTPA	Q922Y1
Ubxn6	protein_Ubxn6	c	NTPA	Q99PL6
Ubxn7	protein_Ubxn7	c	NTPA	Q6P5G6
Ufd1	protein_Ufd1	c	NTPA	P70362
Ugp2	protein_Ugp2	c	GALT;GALU	Q91ZJ5
Umps	protein_Umps	c	5FLURAPT;OMPDC;ORPT	P13439
Urod	protein_Urod	c	UPPG1DC;UPPG3DC	P70697
Uros	protein_Uros	c	UPPG3S	P51163
Usp5	protein_Usp5	c	POLYUBBPL	P56399
Vars1	protein_Vars1	c	VALTRS	Q9Z1Q9
Vcp	protein_Vcp	c	NTPA	Q01853
Vcpip1	protein_Vcpip1	c	NTPA	Q8CDG3
Vdac1	protein_Vdac1	pm	ACHt;ATPte;CA2t;GLUte;Kt1;LDPAMt;MG2tec;NAt	Q60932
Vdac2	protein_Vdac2	pm	ATPte	Q60930
Vdac3	protein_Vdac3	pm	ATPte	Q60931
Vps4a	protein_Vps4a	c	NTPA	Q8VEJ9
Vps4b	protein_Vps4b	c	NTPA	P46467
Wars1	protein_Wars1	c	TRPTRS	P32921
Wdr77	protein_Wdr77	c	PRMTMMA;PRMTSDMA	Q99J09
Wnk1	protein_Wnk1	c	PROTSK;PROTTK	P83741
Xpnpep1	protein_Xpnpep1	c	APDPP;FPDPP;GPDPP;LPDPP;MPDPP;PPDPP;RPPTPAP;VPDPP	Q6P1B1
Xylb	protein_Xylb	c	XYLK	Q3TNA1
Yars1	protein_Yars1	c	TYRTRS	Q91WQ3
Yes1	protein_Yes1	c	PROTYK	Q04736
Zdhhc2	protein_Zdhhc2	c	PROTCSAT_14_0;PROTCSAT_16_0;PROTCSAT_18_0	P59267
Zdhhc20	protein_Zdhhc20	c	PROTCSAT_14_0;PROTCSAT_16_0;PROTCSAT_18_0	Q5Y5T1
Zdhhc3	protein_Zdhhc3	c	PROTCSAT_14_0;PROTCSAT_16_0;PROTCSAT_18_0	Q8R173
Zdhhc5	protein_Zdhhc5	c	PROTCSAT_14_0;PROTCSAT_16_0;PROTCSAT_18_0	Q8VDZ4
