metabolites	references
10fthf_c
12ppd__R_c
12ppd__S_c
13dampp_c
13dpg_c
15kprostge1_c
15kprostge2_c
15kprostge3_c
15kprostgf1_c
15kprostgf2_c
15kprostgf3_c
15ppins4p_c
1acadprib_c
1p3h5c__L_c
1p3h5c__L_e
1ppins5p_c
1pyr5c__L_c
1pyr5c__L_e
1sgth2hoxe1_c
1sgth2hoxe1_e
1sgth2hoxe2_c
1sgth2hoxe2_e
20bdhcrtsl_c
20bdhcrtstrn_c
23camp_c
23ccmp_c
23cgamp_c
23cgamp_e
23cgmp_c
23cump_c
23doguln_c
23dpg_c
2abut_c
2abut_e
2abuten_c
2abutgly_c
2acadprib_c
2amac_c
2amp_c
2cmp_c
2dadn_c
2dadn_e
2dcytd_c
2dcytd_e
2ddglcn_c
2dgsn_c
2dgsn_e
2dins_c
2dins_e
2dr1p_c
2dr5p_c
2duri_c
2duri_e
2gmp_c
2h34hppr_c
2h3mv_c
2h3ppr_c
2hb_c
2hb_e
2hglut__L_c
2hiv_c
2hox3mtoxe1_c
2hox3mtoxe1_e
2hox3mtoxe2_c
2hox3mtoxe2_e
2hoxe1_c
2hoxe2_c
2ibut_c
2imppa_c
2kmb_c
2mop_c
2mtoxe1_c
2mtoxe1_e
2mtoxe2_c
2mtoxe2_e
2obut_c
2obut_e
2ogm_c
2oxosucc_c
2pg_c
2pglyc_c
2plac__L_c
2sgth4hoxe1_c
2sgth4hoxe1_e
2sgth4hoxe2_c
2sgth4hoxe2_e
2ump_c
34dhmald_c
34dhoxmand_c
34dhpac_c
34dhpha_c
34hpl_c
34hpp_c
35camp_c
35camp_e
35cgmp_c
35cgmp_e
35cimp_c
35cimp_e
3dfru_c
3dglc_c
3dglc_e
3dhguln_c
3dsphgn_c
3dxyl_c
3htmelys_c
3mlda_c
3mlda_e
3mldz_c
3mob_c
3mop_c
3mox4hoxm_c
3mox4hoxm_e
3mox4hpac_c
3moxtyr_c
3moxtyr_e
3mtp_c
3mtp_e
3ohdcaACP_c
3ohddcaACP_c
3ohhxaACP_c
3ohhxdcaACP_c
3ohocaACP_c
3ohocdcaACP_c
3ohttdcaACP_c
3omdopa_c
3oxdcaACP_c
3oxddcaACP_c
3oxhxaACP_c
3oxhxdcaACP_c
3oxocaACP_c
3oxocdcaACP_c
3oxttdcaACP_c
3pg_c
3php_c
3sala__L_c
3snpyr_c
3spyr_c
42a3hp24db_c
45cfmn_c
4aabutn_c
4abut_c
4abut_e
4abutn_c
4aphdob_c
4fumacac_c
4h2hxea_2E_c
4h2hxeal_2E_c
4h2nonea_2E_c
4h2noneal_2E_c
4h2oglt_c
4hglusa__L_c
4hoxe1_c
4hoxe2_c
4hoxpacd_c
4hphac_c
4hpro_LT_c
4hpro_LT_e
4mlacac_c
4mtoxe1_c
4mtoxe1_e
4mtoxe2_c
4mtoxe2_e
4ohbut_c
4pcys__R_c
4per_c
4ppcys__R_c
4ppnto__R_c
4pptth__R_c
4pyrdp_c
4pyrdx_c
4pyrdx_e
4pyrmp_c
4pyrn_c
4pyrn_e
4pyrnad_c
4pyrtp_c
4sgth2hoxe1_c
4sgth2hoxe1_e
4sgth2hoxe2_c
4sgth2hoxe2_e
4sgth56dhi_c
4sgth56dhi_e
4sgth56dhilne_c
4sgth56dhilne_e
4tmeabut_c
4tmeabutn_c
56dh5flura_c
56dh5flura_e
56dhi_c
56dhica_c
56dthm_c
56dthm_e
56dura_c
56dura_e
5aand3a17bdiol_c
5adtststerone_c
5aizc_c
5aop_c
5aop_e
5dpmev_c
5fludp_c
5flump_c
5flura_c
5flura_e
5flutp_c
5fthf_c
5fthf_e
5hiu_c
5houdic_c
5hoxindact_c
5hoxindoa_c
5mdr1p_c
5mdru1p_c
5mta_c
5mta_e
5mthf_c
5mthf_e
5oxpro_c
5oxpro_e
5ppins5p_c
5sgthadrnl__L_c
5sgthadrnl__L_e
5sgthdopa__L_c
5sgthdopa__L_e
5sgthdpam__L_c
5sgthdpam__L_e
5sgthleuadrnchrm_c
5sgthleuadrnchrm_e
5sgthleudopachr__L_c
5sgthleudopachr__L_e
5sgthleunrpphrchrm_c
5sgthleunrpphrchrm_e
5sgthnrpphr__L_c
5sgthnrpphr__L_e
67dhbpt_c
6hopthp_c
6lthp_c
6pgc_c
6pgl_c
6pthp_c
78dhbpt_c
78dhbpt_e
ACP_c
FA_hs_10_0_c
FA_hs_10_0_e
FA_hs_10_10OH_c
FA_hs_10_10O_c
FA_hs_10_DC_c
FA_hs_11_0_c
FA_hs_11_0_e
FA_hs_12_0_c
FA_hs_12_0_e
FA_hs_12_12OH_c
FA_hs_12_12O_c
FA_hs_12_DC_c
FA_hs_13_0_c
FA_hs_13_0_e
FA_hs_14_0_c
FA_hs_14_0_e
FA_hs_14_14OH_c
FA_hs_14_14O_c
FA_hs_14_5Z_c
FA_hs_14_5Z_e
FA_hs_14_7Z_c
FA_hs_14_7Z_e
FA_hs_14_9Z_c
FA_hs_14_9Z_e
FA_hs_14_DC_c
FA_hs_15_0_c
FA_hs_15_0_e
FA_hs_16_0_c
FA_hs_16_0_e
FA_hs_16_16OH_c
FA_hs_16_16O_c
FA_hs_16_2E_c
FA_hs_16_2E_e
FA_hs_16_7Z_c
FA_hs_16_7Z_e
FA_hs_16_9Z_c
FA_hs_16_9Z_e
FA_hs_16_DC_c
FA_hs_17_0_c
FA_hs_17_0_e
FA_hs_17_10Z_c
FA_hs_17_10Z_e
FA_hs_17_9Z_c
FA_hs_17_9Z_e
FA_hs_18_0_c
FA_hs_18_0_e
FA_hs_18_11Z_c
FA_hs_18_11Z_e
FA_hs_18_13Z_c
FA_hs_18_13Z_e
FA_hs_18_6Z9Z12Z15Z_c
FA_hs_18_6Z9Z12Z15Z_e
FA_hs_18_6Z9Z12Z_c
FA_hs_18_6Z9Z12Z_e
FA_hs_18_6Z9Z_c
FA_hs_18_6Z9Z_e
FA_hs_18_7Z_c
FA_hs_18_7Z_e
FA_hs_18_9E_c
FA_hs_18_9E_e
FA_hs_18_9Z12Z15Z_c
FA_hs_18_9Z12Z15Z_e
FA_hs_18_9Z12Z_c
FA_hs_18_9Z12Z_e
FA_hs_18_9Z12Zr_c
FA_hs_18_9Z12Zroo_c
FA_hs_18_9Z_c
FA_hs_18_9Z_e
FA_hs_19_0_c
FA_hs_19_0_e
FA_hs_20_0_c
FA_hs_20_0_e
FA_hs_20_11Z14Z17Z_c
FA_hs_20_11Z14Z17Z_e
FA_hs_20_11Z14Z_c
FA_hs_20_11Z14Z_e
FA_hs_20_11Z_c
FA_hs_20_11Z_e
FA_hs_20_13Z_c
FA_hs_20_13Z_e
FA_hs_20_5Z8Z11Z14Z17Z_c
FA_hs_20_5Z8Z11Z14Z17Z_e
FA_hs_20_5Z8Z11Z14Z17Zr_c
FA_hs_20_5Z8Z11Z14Z17Zroo_c
FA_hs_20_5Z8Z11Z14Z20DC_c
FA_hs_20_5Z8Z11Z14Z20OH_c
FA_hs_20_5Z8Z11Z14Z20O_c
FA_hs_20_5Z8Z11Z14Z_c
FA_hs_20_5Z8Z11Z14Z_e
FA_hs_20_5Z8Z11Z14Zr_c
FA_hs_20_5Z8Z11Z14Zroo_c
FA_hs_20_5Z8Z11Z_c
FA_hs_20_5Z8Z11Z_e
FA_hs_20_8Z11Z14Z17Z_c
FA_hs_20_8Z11Z14Z17Z_e
FA_hs_20_8Z11Z14Z_c
FA_hs_20_8Z11Z14Z_e
FA_hs_20_8Z11Z_c
FA_hs_20_8Z11Z_e
FA_hs_20_9Z_c
FA_hs_20_9Z_e
FA_hs_21_0_c
FA_hs_21_0_e
FA_hs_22_0_c
FA_hs_22_0_e
FA_hs_22_10Z13Z16Z19Z_c
FA_hs_22_10Z13Z16Z19Z_e
FA_hs_22_10Z13Z16Z_c
FA_hs_22_10Z13Z16Z_e
FA_hs_22_11Z_c
FA_hs_22_11Z_e
FA_hs_22_13Z16Z19Z_c
FA_hs_22_13Z16Z19Z_e
FA_hs_22_13Z16Z_c
FA_hs_22_13Z16Z_e
FA_hs_22_13Z_c
FA_hs_22_13Z_e
FA_hs_22_22OH_c
FA_hs_22_22O_c
FA_hs_22_4Z7Z10Z13Z16Z19Z_c
FA_hs_22_4Z7Z10Z13Z16Z19Z_e
FA_hs_22_4Z7Z10Z13Z16Z19Zr_c
FA_hs_22_4Z7Z10Z13Z16Z19Zroo_c
FA_hs_22_4Z7Z10Z13Z16Z_c
FA_hs_22_4Z7Z10Z13Z16Z_e
FA_hs_22_7Z10Z13Z16Z19Z_c
FA_hs_22_7Z10Z13Z16Z19Z_e
FA_hs_22_7Z10Z13Z16Z_c
FA_hs_22_7Z10Z13Z16Z_e
FA_hs_22_DC_c
FA_hs_23_0_c
FA_hs_23_0_e
FA_hs_24_0_c
FA_hs_24_0_e
FA_hs_24_12Z15Z18Z21Z_c
FA_hs_24_12Z15Z18Z21Z_e
FA_hs_24_15Z_c
FA_hs_24_15Z_e
FA_hs_24_6Z9Z12Z15Z18Z21Z_c
FA_hs_24_6Z9Z12Z15Z18Z21Z_e
FA_hs_24_6Z9Z12Z15Z18Z_c
FA_hs_24_6Z9Z12Z15Z18Z_e
FA_hs_24_9Z12Z15Z18Z21Z_c
FA_hs_24_9Z12Z15Z18Z21Z_e
FA_hs_24_9Z12Z15Z18Z_c
FA_hs_24_9Z12Z15Z18Z_e
FA_hs_26_0_c
FA_hs_26_0_e
FA_hs_26_17Z_c
FA_hs_26_17Z_e
FA_hs_c
FAcoa_10_DC_c
FAcoa_12_DC_c
FAcoa_16_DC_c
FAcoa_4_2M_c
FAcoa_4_DC_c
FAcoa_5_2E2M_c
FAcoa_5_2EDC_c
FAcoa_5_2M_c
FAcoa_5_3M3OH__S_c
FAcoa_5_DC_c
FAcoa_6_DC_c
FAcoa_7_DC_c
FAcoa_8_DC_c
FAcoa_hs_10_0_c
FAcoa_hs_10_2E6Z_c
FAcoa_hs_10_2E_c
FAcoa_hs_10_3OH__S_c
FAcoa_hs_11_0_c
FAcoa_hs_12_0_c
FAcoa_hs_12_2E_c
FAcoa_hs_12_3OH__S_c
FAcoa_hs_13_0_c
FAcoa_hs_14_0_c
FAcoa_hs_14_2E_c
FAcoa_hs_14_3OH__S_c
FAcoa_hs_14_5E8Z3OH__S_c
FAcoa_hs_14_5E8Z_c
FAcoa_hs_14_5Z_c
FAcoa_hs_14_7Z3OH__S_c
FAcoa_hs_14_7Z_c
FAcoa_hs_14_9Z_c
FAcoa_hs_15_0_c
FAcoa_hs_16_0_c
FAcoa_hs_16_2E_c
FAcoa_hs_16_3OH__R_c
FAcoa_hs_16_3OH__S_c
FAcoa_hs_16_3O_c
FAcoa_hs_16_7E10Z3OH__S_c
FAcoa_hs_16_7Z_c
FAcoa_hs_16_9Z3OH__S_c
FAcoa_hs_16_9Z_c
FAcoa_hs_17_0_c
FAcoa_hs_17_10Z_c
FAcoa_hs_17_2E_c
FAcoa_hs_17_3OH__R_c
FAcoa_hs_17_3O_c
FAcoa_hs_17_9Z_c
FAcoa_hs_18_0_c
FAcoa_hs_18_11Z_c
FAcoa_hs_18_13Z_c
FAcoa_hs_18_2E_c
FAcoa_hs_18_3OH__R_c
FAcoa_hs_18_3OH__S_c
FAcoa_hs_18_3O_c
FAcoa_hs_18_6Z9Z12Z15Z_c
FAcoa_hs_18_6Z9Z12Z_c
FAcoa_hs_18_6Z9Z_c
FAcoa_hs_18_7Z_c
FAcoa_hs_18_9E_c
FAcoa_hs_18_9Z12Z15Z_c
FAcoa_hs_18_9Z12Z3OH__S_c
FAcoa_hs_18_9Z12Z_c
FAcoa_hs_18_9Z3OH__S_c
FAcoa_hs_18_9Z_c
FAcoa_hs_19_0_c
FAcoa_hs_19_2E_c
FAcoa_hs_19_3OH__R_c
FAcoa_hs_19_3O_c
FAcoa_hs_20_0_c
FAcoa_hs_20_11Z14Z17Z3OH__R_c
FAcoa_hs_20_11Z14Z17Z3O_c
FAcoa_hs_20_11Z14Z17Z_c
FAcoa_hs_20_11Z14Z3OH__R_c
FAcoa_hs_20_11Z14Z3O_c
FAcoa_hs_20_11Z14Z_c
FAcoa_hs_20_11Z3OH__R_c
FAcoa_hs_20_11Z3O_c
FAcoa_hs_20_11Z_c
FAcoa_hs_20_13Z3OH__R_c
FAcoa_hs_20_13Z3O_c
FAcoa_hs_20_13Z_c
FAcoa_hs_20_2E11Z14Z17Z_c
FAcoa_hs_20_2E11Z14Z_c
FAcoa_hs_20_2E11Z_c
FAcoa_hs_20_2E13Z_c
FAcoa_hs_20_2E8Z11Z14Z17Z_c
FAcoa_hs_20_2E8Z11Z14Z_c
FAcoa_hs_20_2E8Z11Z_c
FAcoa_hs_20_2E9Z_c
FAcoa_hs_20_2E_c
FAcoa_hs_20_3OH__R_c
FAcoa_hs_20_3O_c
FAcoa_hs_20_5Z8Z11Z14Z17Z_c
FAcoa_hs_20_5Z8Z11Z14Z_c
FAcoa_hs_20_5Z8Z11Z_c
FAcoa_hs_20_8Z11Z14Z17Z3OH__R_c
FAcoa_hs_20_8Z11Z14Z17Z3O_c
FAcoa_hs_20_8Z11Z14Z17Z_c
FAcoa_hs_20_8Z11Z14Z3OH__R_c
FAcoa_hs_20_8Z11Z14Z3O_c
FAcoa_hs_20_8Z11Z14Z_c
FAcoa_hs_20_8Z11Z3OH__R_c
FAcoa_hs_20_8Z11Z3O_c
FAcoa_hs_20_8Z11Z_c
FAcoa_hs_20_9Z3OH__R_c
FAcoa_hs_20_9Z3O_c
FAcoa_hs_20_9Z_c
FAcoa_hs_21_0_c
FAcoa_hs_21_2E_c
FAcoa_hs_21_3OH__R_c
FAcoa_hs_21_3O_c
FAcoa_hs_22_0_c
FAcoa_hs_22_10Z13Z16Z19Z3OH__R_c
FAcoa_hs_22_10Z13Z16Z19Z3O_c
FAcoa_hs_22_10Z13Z16Z19Z_c
FAcoa_hs_22_10Z13Z16Z3OH__R_c
FAcoa_hs_22_10Z13Z16Z3O_c
FAcoa_hs_22_10Z13Z16Z_c
FAcoa_hs_22_11Z3OH__R_c
FAcoa_hs_22_11Z3O_c
FAcoa_hs_22_11Z_c
FAcoa_hs_22_13Z16Z19Z3OH__R_c
FAcoa_hs_22_13Z16Z19Z3O_c
FAcoa_hs_22_13Z16Z19Z_c
FAcoa_hs_22_13Z16Z3OH__R_c
FAcoa_hs_22_13Z16Z3O_c
FAcoa_hs_22_13Z16Z_c
FAcoa_hs_22_13Z3OH__R_c
FAcoa_hs_22_13Z3O_c
FAcoa_hs_22_13Z_c
FAcoa_hs_22_2E10Z13Z16Z19Z_c
FAcoa_hs_22_2E10Z13Z16Z_c
FAcoa_hs_22_2E11Z_c
FAcoa_hs_22_2E13Z16Z19Z_c
FAcoa_hs_22_2E13Z16Z_c
FAcoa_hs_22_2E13Z_c
FAcoa_hs_22_2E7Z10Z13Z16Z19Z_c
FAcoa_hs_22_2E7Z10Z13Z16Z_c
FAcoa_hs_22_2E_c
FAcoa_hs_22_3OH__R_c
FAcoa_hs_22_3O_c
FAcoa_hs_22_4Z7Z10Z13Z16Z19Z_c
FAcoa_hs_22_4Z7Z10Z13Z16Z_c
FAcoa_hs_22_7Z10Z13Z16Z19Z3OH__R_c
FAcoa_hs_22_7Z10Z13Z16Z19Z3O_c
FAcoa_hs_22_7Z10Z13Z16Z19Z_c
FAcoa_hs_22_7Z10Z13Z16Z3OH__R_c
FAcoa_hs_22_7Z10Z13Z16Z3O_c
FAcoa_hs_22_7Z10Z13Z16Z_c
FAcoa_hs_23_0_c
FAcoa_hs_23_2E_c
FAcoa_hs_23_3OH__R_c
FAcoa_hs_23_3O_c
FAcoa_hs_24_0_c
FAcoa_hs_24_12Z15Z18Z21Z3OH__R_c
FAcoa_hs_24_12Z15Z18Z21Z3O_c
FAcoa_hs_24_12Z15Z18Z21Z_c
FAcoa_hs_24_15Z3OH__R_c
FAcoa_hs_24_15Z3O_c
FAcoa_hs_24_15Z_c
FAcoa_hs_24_2E12Z15Z18Z21Z_c
FAcoa_hs_24_2E15Z_c
FAcoa_hs_24_2E9Z12Z15Z18Z21Z_c
FAcoa_hs_24_2E9Z12Z15Z18Z_c
FAcoa_hs_24_2E_c
FAcoa_hs_24_3OH__R_c
FAcoa_hs_24_3O_c
FAcoa_hs_24_6Z9Z12Z15Z18Z21Z_c
FAcoa_hs_24_6Z9Z12Z15Z18Z_c
FAcoa_hs_24_9Z12Z15Z18Z21Z3OH__R_c
FAcoa_hs_24_9Z12Z15Z18Z21Z3O_c
FAcoa_hs_24_9Z12Z15Z18Z21Z_c
FAcoa_hs_24_9Z12Z15Z18Z3OH__R_c
FAcoa_hs_24_9Z12Z15Z18Z3O_c
FAcoa_hs_24_9Z12Z15Z18Z_c
FAcoa_hs_26_0_c
FAcoa_hs_26_17Z3OH__R_c
FAcoa_hs_26_17Z3O_c
FAcoa_hs_26_17Z_c
FAcoa_hs_26_2E17Z_c
FAcoa_hs_26_2E_c
FAcoa_hs_26_3OH__R_c
FAcoa_hs_26_3O_c
FAcoa_hs_3_2E_c
FAcoa_hs_3_3OH__S_c
FAcoa_hs_4_2E_c
FAcoa_hs_4_3OH__R_c
FAcoa_hs_5_0_c
FAcoa_hs_6_0_c
FAcoa_hs_6_2E_c
FAcoa_hs_6_3OH__S_c
FAcoa_hs_7_0_c
FAcoa_hs_7_3OH__S_c
FAcoa_hs_8_0_c
FAcoa_hs_8_2E_c
FAcoa_hs_8_3OH__S_c
FAcoa_hs_9_0_c
FAcoa_hs_9_3OH__S_c
FAcoa_hs_c
FAcrn_10_DC_c
FAcrn_12_DC_c
FAcrn_16_DC_c
FAcrn_4_2M_c
FAcrn_4_DC_c
FAcrn_5_2E2M_c
FAcrn_5_2EDC_c
FAcrn_5_2M_c
FAcrn_5_3M3OH__S_c
FAcrn_5_DC_c
FAcrn_6_DC_c
FAcrn_7_DC_c
FAcrn_8_DC_c
FAcrn_hs_10_0_c
FAcrn_hs_10_2E6Z_c
FAcrn_hs_10_2E_c
FAcrn_hs_10_3OH__S_c
FAcrn_hs_11_0_c
FAcrn_hs_12_0_c
FAcrn_hs_12_2E_c
FAcrn_hs_12_3OH__S_c
FAcrn_hs_13_0_c
FAcrn_hs_14_0_c
FAcrn_hs_14_2E_c
FAcrn_hs_14_3OH__S_c
FAcrn_hs_14_5E8Z3OH__S_c
FAcrn_hs_14_5E8Z_c
FAcrn_hs_14_5Z_c
FAcrn_hs_14_7Z3OH__S_c
FAcrn_hs_14_7Z_c
FAcrn_hs_14_9Z_c
FAcrn_hs_15_0_c
FAcrn_hs_16_0_c
FAcrn_hs_16_2E_c
FAcrn_hs_16_3OH__S_c
FAcrn_hs_16_7E10Z3OH__S_c
FAcrn_hs_16_7Z_c
FAcrn_hs_16_9Z3OH__S_c
FAcrn_hs_16_9Z_c
FAcrn_hs_17_0_c
FAcrn_hs_17_10Z_c
FAcrn_hs_17_9Z_c
FAcrn_hs_18_0_c
FAcrn_hs_18_11Z_c
FAcrn_hs_18_13Z_c
FAcrn_hs_18_2E_c
FAcrn_hs_18_3OH__S_c
FAcrn_hs_18_6Z9Z12Z15Z_c
FAcrn_hs_18_6Z9Z12Z_c
FAcrn_hs_18_6Z9Z_c
FAcrn_hs_18_7Z_c
FAcrn_hs_18_9E_c
FAcrn_hs_18_9Z12Z15Z_c
FAcrn_hs_18_9Z12Z3OH__S_c
FAcrn_hs_18_9Z12Z_c
FAcrn_hs_18_9Z3OH__S_c
FAcrn_hs_18_9Z_c
FAcrn_hs_19_0_c
FAcrn_hs_20_0_c
FAcrn_hs_20_11Z14Z17Z_c
FAcrn_hs_20_11Z14Z_c
FAcrn_hs_20_11Z_c
FAcrn_hs_20_13Z_c
FAcrn_hs_20_5Z8Z11Z14Z17Z_c
FAcrn_hs_20_5Z8Z11Z14Z_c
FAcrn_hs_20_5Z8Z11Z_c
FAcrn_hs_20_8Z11Z14Z17Z_c
FAcrn_hs_20_8Z11Z14Z_c
FAcrn_hs_20_8Z11Z_c
FAcrn_hs_20_9Z_c
FAcrn_hs_21_0_c
FAcrn_hs_22_0_c
FAcrn_hs_22_10Z13Z16Z19Z_c
FAcrn_hs_22_10Z13Z16Z_c
FAcrn_hs_22_11Z_c
FAcrn_hs_22_13Z16Z19Z_c
FAcrn_hs_22_13Z16Z_c
FAcrn_hs_22_13Z_c
FAcrn_hs_22_4Z7Z10Z13Z16Z19Z_c
FAcrn_hs_22_4Z7Z10Z13Z16Z_c
FAcrn_hs_22_7Z10Z13Z16Z19Z_c
FAcrn_hs_22_7Z10Z13Z16Z_c
FAcrn_hs_23_0_c
FAcrn_hs_24_0_c
FAcrn_hs_24_12Z15Z18Z21Z_c
FAcrn_hs_24_15Z_c
FAcrn_hs_24_6Z9Z12Z15Z18Z21Z_c
FAcrn_hs_24_6Z9Z12Z15Z18Z_c
FAcrn_hs_24_9Z12Z15Z18Z21Z_c
FAcrn_hs_24_9Z12Z15Z18Z_c
FAcrn_hs_26_0_c
FAcrn_hs_26_17Z_c
FAcrn_hs_3_0_c
FAcrn_hs_3_2E_c
FAcrn_hs_3_3OH__S_c
FAcrn_hs_4_0_c
FAcrn_hs_4_2E_c
FAcrn_hs_4_3OH__R_c
FAcrn_hs_5_0_c
FAcrn_hs_6_0_c
FAcrn_hs_6_2E_c
FAcrn_hs_6_3OH__S_c
FAcrn_hs_7_0_c
FAcrn_hs_7_3OH__S_c
FAcrn_hs_8_0_c
FAcrn_hs_8_2E_c
FAcrn_hs_8_3OH__S_c
FAcrn_hs_9_0_c
FAcrn_hs_9_3OH__S_c
Lcyst_c
N1aspmd_c
N1sprm_c
PPP2CA_leu__L_c
PPP2CA_leumeo_c
Ssq23epx_c
aacACP_c
aacoa_c
aappal_c
abt__L_c
abt__L_e
ac4oacnam_c
ac9oacnam_c
acACP_c
ac_c
ac_e
acac_c
acac_e
acald_c
acald_e
accoa_c
accprot_lys__L_c
accprot_monoubiqlys_c
accprot_ubiqlys_c
acetol_c
acgal_c
acgalfuc12gal14acglcgalgluside_hs_c
acgalfucgalacgalfuc12gal14acglcgalgluside_hs_c
acgalfucgalacgalfucgalacglcgal14acglcgalgluside_hs_c
acgalfucgalacglcgal14acglcgalgluside_hs_c
acgalfucgalacglcgalgluside_hs_c
acgam1p_c
acgam6p_c
acgam_c
acglcgalacglcgal14acglcgalgluside_hs_c
ach_c
ach_e
acmana_c
acmanap_c
acmet__L_c
acmetala_c
acnam_c
acnam_e
acnamp_c
acrn_c
actp_c
ade_c
ade_e
admarg__L_c
admarg__L_e
adn_c
adn_e
adp_c
adp_e
adpglc_c
adpman_c
adprbp_c
adprbp_e
adprib_c
adprib_e
adpribu_c
adrnchrm_c
adrnchrmsqn_c
adrnl__L_c
adrnl__L_e
adrnlqn__L_c
adrnlsqn__L_c
ag1_c
ag1_e
ahcys__L_c
ahdt_c
aic_c
aic_e
aica_c
aica_e
aicar_c
aicar_e
air_c
akg_c
akg_e
ala_B_c
ala_B_e
ala__L_c
ala__L_e
alapro_c
alatrna_c
alltn_c
alltt_c
amet__L_c
ametam_c
amp_c
amp_e
ampamd_c
anad_c
andrstndn_c
andrstndn_e
andrstrn_c
angiotensin17_c
angiotensin1_c
angiotensin2_c
angiotensin3_c
angiotensin4_c
angiotensin57_c
angiotensin58_c
ap4a_c
ap5a_c
ap6a_c
apoACP_c
aprgstrn_c
aprgstrn_e
aps_c
arab__L_c
arab__L_e
arg__L_c
arg__L_e
argpropro_c
argsuc_c
argtrna_c
arsdigth_c
arsgth_c
arsna_c
arsna_e
arsni_c
arsni_e
arsseldigth_c
arsseldigth_e
ascb__L_c
ascb__L_e
asn__L_c
asn__L_e
asntrna_c
asp__L_c
asp__L_e
asparg_c
asptrna_c
atp_c
atp_e
avite1_c
avite1qn_c
avite1r_c
bamppald_c
betald_c
bhbACP_c
bilirub_c
bilirub_e
biliverd_c
btcoa_c
butACP_c
but_c
but_e
buteACP_2E_c
bz_c
bzal_c
ca2_c
ca2_e
cadprbp_c
cadprbp_e
cadprib_c
cadprib_e
carboxyhb_c
cbasp_c
cbp_c
cclglobin_c
cclmethb_c
cd2_c
cd2_e
cdp_c
cdpchol_c
cdpdag_hs_c
cdpea_c
cdprbt_c
cdprib_c
cdpru5p__D_c
ch4s_c
chlstol_c
chol_c
chol_e
cholp_c
cholp_e
chsterol_c
chsterol_e
cit_c
cit_e
citr__L_c
citr__L_e
cl_c
cl_e
cmp_c
co2_c
co2_e
co3r_c
co_c
co_e
coa_c
cobalt2_c
cobalt2_e
cppp1_c
cppp1_e
cppp3_c
cppp3_e
cpppg1_c
cpppg3_c
cpppg3_e
creat_c
creat_e
crm_hs_c
crn_c
crn_e
crtn_c
crtn_e
crtsl_c
crtsl_e
crtstrn_c
crtstrn_e
csn_c
ctp_c
cu1_c
cu1_e
cu2_c
cu2_e
cullin_lys__L_c
cullin_nedd8lys_c
cynamd_c
cys__L_c
cys__L_e
cysgly_c
cysi__L_c
cysi__L_e
cyst__L_c
cystrna_c
cytd_c
cytd_e
dadp_c
dag_hs_c
dago_hs_c
dagoac_hs_c
dagthrd_c
damp_c
daophth_c
datp_c
dcaACP_c
dcdp_c
dceaACP_2E_c
dcmp_c
dctp_c
ddcaACP_c
ddceaACP_2E_c
dgdp_c
dgmp_c
dgtp_c
dh15kprostge1_c
dh15kprostge2_c
dh15kprostge3_c
dh15kprostgf1_c
dh15kprostgf2_c
dh15kprostgf3_c
dha_c
dha_e
dhap_c
dhdascb__L_c
dhdascb__L_e
dhet1112_c
dhet1112_e
dhet1415_c
dhet1415_e
dhet56_c
dhet56_e
dhet89_c
dhet89_e
dhf_c
dhlipoate_c
dhlipoate_e
dhmtp_c
dhnpt_c
dhnpt_e
dhor__S_c
dhurate_c
diam6tpop4oxpyr_c
diampyrntp_c
didp_c
dihdpa1011_c
dihdpa1011_e
dihdpa1314_c
dihdpa1314_e
dihdpa1617_c
dihdpa1617_e
dihdpa1920_c
dihdpa1920_e
dihdpa78_c
dihdpa78_e
dihete1112_c
dihete1112_e
dihete1415_c
dihete1415_e
dihete1718_c
dihete1718_e
dihete56_c
dihete56_e
dihete89_c
dihete89_e
dihome1213_c
dihome1213_e
dihome910_c
dihome910_e
diiodthy__L_c
diiodthy__L_e
dimp_c
ditp_c
dkmpp_c
dmgly_c
dmhptcoa_c
dmhptcrn_c
dmnoncoa_c
dmnoncrn_c
dmpp_c
dnad_c
dnadp_c
dnadp_e
dopa__D_c
dopa__L_c
dopa__L_e
dopaqn__L_c
dopasqn__L_c
dpam__D_c
dpam__L_c
dpam__L_e
dpamchrm_c
dpamchrmsqn_c
dpamqn__L_c
dpamsqn__L_c
dpchrm__D_c
dpchrm__L_c
dpchrmsqn__L_c
dpcoa_c
dtdp_c
dtmp_c
dttp_c
dudp_c
dump_c
dutp_c
e14bp_c
e1act_cys__L_c
e1nedd8act_cys__L_c
e2conj_cys__L_c
e2nedd8conj_cys__L_c
e4hglu_c
e4p_c
edp1011_c
edp1011_e
edp1314_c
edp1314_e
edp1617_c
edp1617_e
edp1920_c
edp1920_e
edp78_c
edp78_e
eeq1112_c
eeq1112_e
eeq1415_c
eeq1415_e
eeq1718_c
eeq1718_e
eeq56_c
eeq56_e
eeq89_c
eeq89_e
eet1112_c
eet1112_e
eet1415_c
eet1415_e
eet56_c
eet56_e
eet89_c
eet89_e
epome1213_c
epome1213_e
epome910_c
epome910_e
ergoth_c
ergoth_e
erthn__D_c
erthrs__D_c
erylt_c
erylt_e
eryth__L_c
estradiol23qn_c
estradiol23sqn_c
estradiol34qn_c
estradiol34sqn_c
estradiol_c
estradiol_e
estrone23qn_c
estrone23sqn_c
estrone34qn_c
estrone34sqn_c
estrone_c
estrone_e
etha_c
etha_e
ethamp_c
ethamp_e
ethmalcoa__S_c
etoh_c
etoh_e
f1p_c
f3p_c
f6p_c
fad_c
fadh2_c
fald_c
fdp_c
fe2_c
fe2_e
fe3_c
fe3_e
fe3ooh_c
fgam_c
ficytb5_c
fmn_c
fmnh2_c
focytb5_c
for_c
for_e
forapyrntp_c
fpram_c
fprica_c
frdp_c
fru_c
fru_e
fuc12gal14acglcgalgluside_hs_c
fuc1p__L_c
fuc__L_c
fucfucgalacglcgalacglcgal14acglcgalgluside_hs_c
fucgalacgalfuc12gal14acglcgalgluside_hs_c
fucgalacgalfucgalacglcgal14acglcgalgluside_hs_c
fucgalacglcgal14acglcgalgluside_hs_c
fucgalacglcgalacglcgal14acglcgalgluside_hs_c
fucgalacglcgalgluside_hs_c
fum_c
fum_e
g16bp_c
g1p_c
g3p_c
g3pc_c
g3pe_c
g3pi_c
g3pnae_hs_c
g3ps_c
g6p__aD_c
g6p_c
ga2_hs_c
gal1p_c
gal__bD_c
gal__bD_e
gal_c
gal_e
galacgalfuc12gal14acglcgalgluside_hs_c
galacgalfucgalacglcgal14acglcgalgluside_hs_c
galacglcgal14acglcgalgluside_hs_c
galacglcgalacglcgal14acglcgalgluside_hs_c
galacglcgalgluside_hs_c
galfuc12gal14acglcgalgluside_hs_c
galfucgalacglcgal14acglcgalgluside_hs_c
galfucgalacglcgalgluside_hs_c
galgal14acglcgalgluside_hs_c
galgalacglcgalgluside_hs_c
galgbside_hs_c
galgluside_hs_c
galt_c
galt_e
gam6p_c
gam_c
gam_e
gar_c
gbside_hs_c
gdp_c
gdpddman_c
gdpfuc_c
gdpmann_c
gglu2abut_c
gglucys__L_c
ggn8Y_c
ggnG11_c
ggnG4G4_c
ggnG4G7_c
ggnG7G1_c
ggnG7_c
ggnG8_c
glac_c
glc__D_c
glc__D_e
glc__aD_c
glc__aD_e
glcr_c
glcur_c
gln__L_c
gln__L_e
glntrna_c
globin_c
globinr_c
globoA_hs_c
globoB_hs_c
globoH_hs_c
glu5sa__L_c
glu__L_c
glu__L_e
glutrna_c
glx_c
glx_e
gly_c
gly_e
glyald_c
glyb_c
glyb_e
glyc3p_c
glyc__R_c
glyc__R_e
glyc__S_c
glyc__S_e
glyc_c
glyc_e
glyclt_c
glyclt_e
glygly_c
glyleu_c
glyphe_c
glypro_c
glytrna_c
glytrp_c
gm2_hs_c
gm3_hs_c
gmp_c
gp4g_c
grdp_c
grdx2cgth_c
grdx2cox_c
grdx2crd_c
gsn_c
gsn_e
gthnhoh_c
gthno_c
gthno_e
gthnoh2_c
gthox_c
gthox_e
gthrd_c
gtp_c
gua_c
gua_e
gudac_c
guln__L_c
h2o2_c
h2o2_e
h2o_c
h2o_e
h2s_c
h2s_e
hLkynr_c
hLkynr_e
h_c
h_e
ham_c
hb4_23dpg_c
hb_c
hb_hco2_c
hba1c_c
hco3_c
hco3_e
hcys__L_c
hcys__L_e
hcystin__L_c
hcystin__L_e
hdha10_c
hdha10_e
hdha11_c
hdha11_e
hdha13_c
hdha13_e
hdha14_c
hdha14_e
hdha16_c
hdha16_e
hdha17_c
hdha17_e
hdha20_c
hdha20_e
hdha4_c
hdha4_e
hdha7_c
hdha7_e
hdha8_c
hdha8_e
hematin_c
hematin_e
hemedegprods_c
hemegth_c
hemegthoh_c
hepe11_c
hepe11_e
hepe12_c
hepe12_e
hepe15_c
hepe15_e
hepe18_c
hepe18_e
hepe5_c
hepe5_e
hepe8_c
hepe8_e
hepe9_c
hepe9_e
hete11_c
hete11_e
hete12_c
hete12_e
hete15_c
hete15_e
hete5_c
hete5_e
hete8_c
hete8_e
hete9_c
hete9_e
hgentis_c
his__L_c
his__L_e
hista_c
hista_e
histrna_c
hmbil_c
hmgth_c
hno_c
hode13_c
hode13_e
hode9_c
hode9_e
homoval_c
homoval_e
hpdha10_c
hpdha11_c
hpdha13_c
hpdha14_c
hpdha16_c
hpdha17_c
hpdha20_c
hpdha4_c
hpdha7_c
hpdha8_c
hpepe11_c
hpepe12_c
hpepe15_c
hpepe18_c
hpepe5_c
hpepe8_c
hpepe9_c
hpete11_c
hpete12_c
hpete15_c
hpete5_c
hpete8_c
hpete9_c
hpode13_c
hpode9_c
hpta_c
hpta_e
hptal_c
hptea_2E_c
hpteal_2E_c
hpyr_c
hser__L_c
hser__L_e
htsul_c
hxaACP_c
hxa_c
hxa_e
hxal_c
hxan_c
hxan_e
hxdcaACP_c
hxdcal_c
hxdceaACP_2E_c
hxdceal_2E_c
hxeaACP_2E_c
hxea_2E_c
hxeal_2E_c
hyptaur_c
icit_c
id3acald_c
idp_c
ile__L_c
ile__L_e
iletrna_c
im4ac_c
im4ac_e
im4act_c
imp_c
ind3ac_c
ind56qn_c
ind56sqn_c
inds_c
inds_e
inost_c
inost_e
ins6p_c
ins_c
ins_e
insulinox_c
insulinrd_c
ipdp_c
itp_c
k_c
k_e
kdn_c
kdnp_c
kynate_c
kynr__L_c
kynr__L_e
lac__D_c
lac__D_e
lac__L_c
lac__L_e
lald__D_c
lald__L_c
lanost_c
leu__L_c
leu__L_e
leuadrnchrm_c
leuala_c
leudpamchrm_c
leudpchrm__L_c
leugly_c
leuglygly_c
leuglyphe_c
leuktrA4_c
leuktrA4_e
leuktrA5_c
leuktrA5_e
leuktrB4_c
leuktrB4_e
leuktrB5_c
leuktrB5_e
leuktrC4_c
leuktrC4_e
leuktrC5_c
leuktrC5_e
leuleu_c
leuleuleu_c
leunrpphrchrm_c
leupro_c
leutrna_c
li1_c
li1_e
lipoate_c
lipoate_e
lnape_hs_c
lpa_hs_c
lpail_hs_c
lpao_hs_c
lpc_hs_c
lpco_hs_c
lpcp_hs_c
lpe_hs_c
lpep_hs_c
lps_hs_c
lthstrl_c
lys__L_c
lys__L_e
lysleu_c
lystrna_c
lyxnt__L_c
m2mn_c
mag2_hs_c
mag_hs_c
mago_hs_c
malACP_c
mal__L_c
mal__L_e
malcoa_c
malcrn_c
mald_c
man16bp_c
man1p_c
man6p_c
man_c
man_e
mdhdascb__L_c
mdhdascb__L_e
meoh_c
mepi__L_c
mepi__L_e
mercplac_c
mercppyr_c
mercpur_c
mercpur_e
met__L_c
met__L_e
methb_c
methb_onoo_c
methbr_c
methf_c
methsel_c
methselne_c
methselni_c
metpro_c
metselpyr_c
mettrna_c
mg2_c
mg2_e
mhista_c
mi13456p_c
mi1345p_c
mi134p_c
mi1456p_c
mi145p_c
mi14p_c
mi1p__D_c
mi3p__D_c
mi4p__D_c
mlthf_c
mma_c
mma_e
mmaln_c
mmarg__L_c
mmarg__L_e
mmcoa__S_c
mn2_c
mn2_e
mn_c
mndiol_c
mndn_c
mobd_c
mobd_e
moco_c
mpt_c
mptamp_c
msa_c
mthgxl_c
mtmercpur_c
mtthiogmp_c
mtthioimp_c
n2o3_c
n2o3_e
n4abutn_c
na1_c
na1_e
nac_c
nac_e
nad_c
nad_e
nadh_c
nadhx__R_c
nadhx__S_c
nadp_c
nadp_e
nadph_c
nadphx__R_c
nadphx__S_c
nae_hs_c
nape_hs_c
ncam_c
ncam_e
nedd8Se1nedd8act_cys__L_c
nedd8Se2nedd8conj_cys__L_c
nedd8_c
nh3_c
nh3_e
nh4_c
nh4_e
nicrns_c
nicrnt_c
nitrosylhb_c
nmn_c
nmn_e
nmnh_c
no2_c
no2_e
no2r_c
no3_c
no3_e
no_c
no_e
nona_c
nona_e
nonal_c
nonea_2E_c
noneal_2E_c
normete__L_c
normete__L_e
nrpphr__L_c
nrpphr__L_e
nrpphrchrm_c
nrpphrchrmsqn_c
nrpphrqn__L_c
nrpphrsqn__L_c
nwharg_c
o18bp_c
o2_c
o2_e
o2s_c
o2s_e
oaa_c
ocaACP_c
ocdcaACP_c
ocdceaACP_2E_c
oceaACP_2E_c
octa_c
octa_e
octal_c
octea_2E_c
octeal_2E_c
oh1_c
oh1_e
oh1r_c
onoo_c
onoo_e
onooco2_c
onooh_c
onooh_e
ophth_c
orn__L_c
orn__L_e
orot5p_c
orot_c
orot_e
oxa_c
oxa_e
oxoferrylhb_c
oxoferrylhbr_c
oxyhb_c
p4a_c
pa_hs_c
pac_c
pacald_c
paf_hs_c
pail345p_hs_c
pail34p_hs_c
pail35p_hs_c
pail3p_hs_c
pail45p_hs_c
pail4p_hs_c
pail5p_hs_c
pail_hs_c
pail_hs_e
pao_hs_c
paoac_hs_c
pap_c
paps_c
paragbside_hs_c
pc_hs_c
pc_hs_e
pco_hs_c
pcp_hs_c
pcreat_c
pdx5p_c
pe_hs_c
pe_hs_e
penme2_hs_c
penme_hs_c
pep_c
pep_hs_c
peth_hs_c
peth_hs_e
phe__L_c
phe__L_e
phehisleu_c
pheleu_c
pheme_c
pheme_e
phepro_c
phetrna_c
phetyr_c
phlac_c
phpyr_c
pi_c
pi_e
pnto__R_c
pnto__R_e
polyadprib1_c
polyadprib2_c
ppa_c
ppa_e
ppal_c
ppbng_c
ppcoa_c
ppgpp_c
ppi_c
ppi_e
ppp9_c
ppp9_e
pppi_c
pram_c
prdx1cgth_c
prdx1crd_c
prdx1cso_c
prdx2cox_c
prdx2crd_c
prdx2cso2_c
prdx2cso3_c
prdx2cso_c
prgstrn_c
prgstrn_e
pro__L_c
pro__L_e
proleu_c
prophe_c
propro_c
prostga1_c
prostga2_c
prostga3_c
prostgd21glyc_c
prostgd2_c
prostge1_c
prostge1_e
prostge21glyc_c
prostge2_c
prostge2_e
prostge3_c
prostge3_e
prostgf1_c
prostgf1_e
prostgf21glyc_c
prostgf2_c
prostgf2_e
prostgf3_c
prostgf3_e
prostgg1_c
prostgg2_c
prostgg3_c
prostgh1_c
prostgh2_c
prostgh3_c
protein_Nproshispi_c
protein_Ntelehispi_c
protein_Nwadpribarg__L_e
protein_aclys__L_c
protein_admarg__L_c
protein_arg__L_c
protein_arg__L_e
protein_asn__L_c
protein_asp__D_c
protein_asp__L_c
protein_aspmeo__D_c
protein_cys__L_c
protein_frulys3p_c
protein_frulys6p_c
protein_frulys_c
protein_gln__L_c
protein_glu5meo__L_c
protein_glu__L_c
protein_gludpam_c
protein_gluhista_c
protein_glunpphr_c
protein_glusrtn_c
protein_his__L_c
protein_hxdcacys_c
protein_isoasp__D_c
protein_isoasp__L_c
protein_isoaspmeo__L_c
protein_lacarg_c
protein_laccys_c
protein_laclys_c
protein_lys__L_c
protein_lysglu_protein_c
protein_mmarg__L_c
protein_oadpribser_c
protein_ocdcacys_c
protein_pepproW0_c
protein_pepproW180_c
protein_rbllys3p_c
protein_rbllys5p_c
protein_rbllys_c
protein_sadpribcys_c
protein_sdmarg__L_c
protein_ser3oacgam_c
protein_serTAg_c
protein_serTnAg_c
protein_ser__L_c
protein_serpi_c
protein_sucim__D_c
protein_sucim__L_c
protein_thr3oacgam_c
protein_thrTAg_c
protein_thrTnAg_c
protein_thr__L_c
protein_thrpi_c
protein_ttdcacys_c
protein_tyr__L_c
protein_tyrpi_c
protrna_c
prpp_c
ps_hs_c
ps_hs_e
pser__L_c
psump_c
psuri_c
pta_c
pta_e
ptrc_c
ptrc_e
ptth__R_c
pyam5p_c
pydam_c
pydam_e
pydx5p_c
pydx_c
pydx_e
pydxn_c
pydxn_e
pyr_c
pyr_e
pyrrl_c
q10_c
q10h2_c
q10h_c
qmp_c
que_c
r15bp_c
r1p_c
r5p_c
r5p_e
rbl__D_c
rblvrd_c
rbt5p_c
rbt_c
rbt_e
rbvcbxlt_c
rbvdp_c
rbvmp_c
rbvtp_c
retinal_11Z_c
retinal_13Z_c
retinal_9Z_c
retinal_c
retinol_11Z_c
retinol_13Z_c
retinol_9Z_c
retinol_c
retinol_e
retn_11Z_c
retn_13Z_c
retn_9Z_c
retn_c
rib__D_c
rib__D_e
ribavirin_c
ribavirin_e
ribflv_c
ribflv_e
rnam_c
rnamh_c
rnamh_e
ru5p__D_c
s17bp_c
s7p_c
saica_c
saica_e
saicar_c
sarcs_c
sbt__D_c
sbt__D_e
sdhplse_c
selahcys__L_c
selamet__L_c
selcys__L_c
selcyst__L_c
seldigth_c
selgth_c
selhcys__L_c
selmet__L_c
seln_c
seln_e
selni_c
selni_e
ser__L_c
ser__L_e
sertrna_c
sforgth_c
sgthprostga1_c
sgthprostga1_e
sgthprostga2_c
sgthprostga2_e
sgthprostga3_c
sgthprostga3_e
sh1_c
sh1_e
slac__L_c
slgth__R_c
smscys__L_c
snocys__L_c
snocys__L_e
so2gth_c
so3_c
so4_c
so4_e
sph1p_c
sph1p_e
sphgn_c
sphgn_e
sphings_c
sphings_e
sphmyln_hs_c
sphmyln_hs_e
sphs1p_c
sphs1p_e
spmd_c
spmd_e
sppt_c
sppt_e
sprm_c
sprm_e
srdx1cgth_c
srdx1crd_c
srtn_c
srtn_e
ssgth_c
sso2gth_c
sucacetat_c
sucaceto_c
succ_c
succ_e
succadn_c
succamp_c
sucsal_c
tag_hs_c
taur_c
taur_e
tetiodthy__L_c
tetiodthy__L_e
thbpt4acam_c
thbpt_c
thbpt_e
thcrm_hs_c
thcys_c
thf_c
thf_e
thiogdp_c
thiogmp_c
thiogmp_e
thiogtp_c
thiogua_c
thioimp_c
thioimp_e
thioxmp_c
thioxmp_e
thm_c
thm_e
thmmp_c
thmmp_e
thmpp_c
thmtp_c
thr__L_c
thr__L_e
thrnt__L_c
thrtl__L_c
thrtrna_c
thym_c
thym_e
thymd_c
thymd_e
trdxox_c
trdxrd_c
triaz3crbxam_c
triiodthy__L_c
triiodthy__L_e
trnaala_c
trnaarg_c
trnaasn_c
trnaasp_c
trnacys_c
trnagln_c
trnaglu_c
trnagly_c
trnahis_c
trnaile_c
trnaleu_c
trnalys_c
trnamet_c
trnaphe_c
trnapro_c
trnaser_c
trnathr_c
trnatrp_c
trnatyr_c
trnaval_c
trp__L_c
trp__L_e
trptrna_c
tststerone_c
tststerone_e
ttdcaACP_c
ttdceaACP_2E_c
tyr__L_c
tyr__L_e
tyrtrna_c
tyrtyr_c
tyrtyrtyr_c
uacgam_c
ubiqSe1act_cys__L_c
ubiqSe2conj_cys__L_c
ubiquitin_c
udp_c
udpacgal_c
udpgal_c
udpglc__D_c
ump_c
upp1_c
upp1_e
upp3_c
upp3_e
uppg1_c
uppg3_c
ura_c
ura_e
urate_c
urate_e
urateooh_c
urater_c
urcan_c
urea_c
urea_e
uri_c
uri_e
utp_c
val__L_c
val__L_e
valleu_c
valpro_c
valtrna_c
valtyr_c
vanillac_c
vanillac_e
vanilpyr_c
xan_c
xan_e
xanthurn_c
xmp_c
xolest2_hs_c
xtp_c
xtsn_c
xu5p__D_c
xyl__D_c
xyl__D_e
xylnt__L_c
xylt_c
xylt_e
xylu__D_c
xylu__D_e
xylu__L_c
zn2_c
zn2_e
ztp_c
zymst_c
zymstnl_c
