	reactions	metatlas	bigg.reaction	vmhreaction
0	13DAMPPOX	MAR07992	13DAMPPOX	13DAMPPOX
1	15KPGE1Ry			
2	15KPGE2Ry			
3	15KPGE3Ry			
4	15KPGF1Ry			
5	15KPGF2Ry			
6	15KPGF3Ry			
7	1P3H5Ct			
8	1PYR5Ct			
9	1SGTH2OHE1ABCte			
10	1SGTH2OHE2ABCte			
11	23CGAMPABCte			
12	23CGAMP_AICARtex			
13	23CGAMP_OHtex			
14	23CGAMP_THMMPtex			
15	23CN3PA			
16	23CN3PC			
17	23CN3PG			
18	23CN3PU			
19	23E1QN1GST	MAR02068		RE1815C
20	23E1QN4GST	MAR02072		RE2319C
21	23E1SQOX	MAR02064		RE1699C
22	23E2QN1GST	MAR02110		RE2318C
23	23E2QN4GST	MAR02106		RE1635C
24	23E2SQOX	MAR02102		RE1701C
25	2ABUTENT			
26	2ABUTGLYDP			
27	2ABUTTA	MAR06970	RE2034C	RE2034C
28	2ABUTtec	MAR10007	C02356t	C02356t
29	2DADNt	MAR06367	DADNt4	DADNt4
30	2DCYTt	MAR06368	DCYTt	DCYTt
31	2DGSNt	MAR06366	DGSNt	DGSNt
32	2DINSt	MAR08213	DINt	DIGALSGALSIDEtg
33	2DURIt	MAR05008	DURIt	DURIt
34	2H3MV	MAR11476	2H3MVc	2H3MVc
35	2HBO	MAR05351	2HBO	2HBO
36	2HB_5OXPROtex			
37	2HB_ACACtex	MAR06011	r2090	r2090
38	2HB_ACtex			
39	2HB_BUTtex			
40	2HB_DLACtex			
41	2HB_GLYCLTtex			
42	2HB_PPAtex			
43	2HBt2	MAR08075	2HBt2	2HBt2
44	2HIV	MAR11479	2HIVc	2HIVc
45	2IMBUTDA			
46	2LACK_L			
47	2LACP_L			
48	2MTOXE1t			
49	2MTOXE2t			
50	2NTDA			
51	2NTDC			
52	2NTDG			
53	2NTDU			
54	2OBUT_2HBtex			
55	2OBUT_5OXPROtex			
56	2OBUT_ACACtex			
57	2OBUT_ACtex			
58	2OBUT_BUTtex			
59	2OBUT_DLACtex			
60	2OBUT_GLYCLTtex			
61	2OBUT_LLACtex			
62	2OBUT_PPAtex			
63	2OBUTt	MAR11785	2OBUTt	2OBUTt
64	2OH3MTOXE1t			
65	2OH3MTOXE2t			
66	2OHE1MT	MAR02058	RE1630C	RE1630C
67	2OHE1MT2	MAR02060		RE1631C
68	2OHE1PX	MAR02061		HMR_2061
69	2OHE2MT	MAR02045	RE2386C	RE2386C
70	2OHE2MT2	MAR02044		RE1627C
71	2OHE2PX	MAR02099		HMR_2099
72	2SGTH4OHE1ABCte			
73	2SGTH4OHE2ABCte			
74	34DHALDDx	MAR06760		34DHPLACOX
75	34DHALDDy		34DHPLACOX_NADP	
76	34DHPHAMT	MAR06762	34DHPHAMT	34DHPHAMT
77	34E1QN2GST	MAR02083		RE1817C
78	34E1SQOX	MAR02079		RE1700C
79	34E2QN2GST	MAR02095		RE1816C
80	34E2SQOX	MAR02091		RE1702C
81	34HPLDH	MAR06782	HMR_6782	HMR_6782
82	34HPPOR	MAR06772	34HPPOR	34HPPOR
83	34HPPT	MAR06771		HMR_6771
84	3DGDH			
85	3DGRy			
86	3DGt			
87	3DSPHR	MAR00741		3DSPHR
88	3M4HDXPACx	MAR06766	3M4HDXPAC	3M4HDXPAC
89	3M4HDXPACy		4HALDD	
90	3MOXTYROX	MAR06764	3MOXTYROX	3MOXTYROX
91	3MOXTYRt	MAR09976	3MOXTYRt	3MOXTYRt
92	3OHAACPDH1	MAR02154		r0681
93	3OHAACPDH2	MAR02158		r0762
94	3OHAACPDH3	MAR02162		r0695
95	3OHAACPDH4	MAR02166		r0693
96	3OHAACPDH5	MAR02170		r0770
97	3OHAACPDH6	MAR02175		r0702
98	3OHAACPDH7	MAR02180		r0697
99	3OHAACPDH8	MAR02325		r1315
100	3OXAACPR1y	MAR02153		r0691
101	3OXAACPR2y	MAR02157		r0761
102	3OXAACPR3y	MAR02161		r0694
103	3OXAACPR4y	MAR02165		r0692
104	3OXAACPR5y	MAR02169		r0769
105	3OXAACPR6y			
106	3OXAACPR7y	MAR02179		r0696
107	3OXAACPR8y	MAR02323		r1314
108	3SALACBOXL	MAR03910	3SALACBOXL	3SALACBOXL
109	3SALAOX	MAR08063	3SALAOX	3SALAOX
110	3SALATA	MAR03861	3SALATAi	3SALATAi
111	3SPYRSP	MAR03851	3SPYRSP	3SPYRSP
112	42A12BOOX	MAR06758	42A12BOOX	42A12BOOX
113	4ABUTt			
114	4GTH56DHIABCte	MAR12025	4GLU56DIHDINDt	4GLU56DIHDINDt
115	4H2HXEAL2EDHx			
116	4H2NNEAL2EDHx			
117	4HPROLTASCT1	MAR07753	4HPROLTASCT1	4HPROLTASCT1
118	4OH3MTOXE1t			
119	4OH3MTOXE2t			
120	4OHE1MT	MAR02052		RE1629C
121	4OHE1PX	MAR02076		HMR_2076
122	4OHE2MT	MAR02048		RE1628C
123	4OHE2PX	MAR02088	HMR_2088	HMR_2088
124	4PCYSK	MAR04730		r0679
125	4PERK			
126	4PERP			
127	4PYRDXABCte	MAR08103	4PYRDX	4PYRDX
128	4PYRNDK			
129	4PYRNK			
130	4PYRNMAT			
131	4PYRNMK			
132	4PYRNN			
133	4PYRNt			
134	4SGTH2OHE1ABCte			
135	4SGTH2OHE2ABCte			
136	56DHIGTHABCte			
137	56DHIO2SX			
138	56DHIPX			
139	56DHISQDP			
140	5ADHTRy			
141	5AOPt2	MAR11307	5AOPt2	5AOPt2
142	5FTHFABCte			
143	5FTHF_5MTHFtex			
144	5FTHF_AICARtex			
145	5FTHF_OHtex	MAR00050	5FTHFt2	5FTHFt2
146	5FTHF_THMMPtex			
147	5HOXINDACTOX	MAR04559	5HOXINDACTOX	r0758
148	5HPUDICDC			
149	5INS7P5PP	MAR07655	PMI12346PH	PMI12346PH
150	5MTAtec	MAR09004	5MTAte	5MTAte
151	5MTHFABCte			
152	5MTHF_AICARtex			
153	5MTHF_OHtex	MAR00053	5MTHFt2	5MTHFt2
154	5MTHF_THMMPtex			
155	5OXPRO_ACACtex	MAR06033	r2112	r2112
156	5OXPRO_ACtex			
157	5OXPRO_BUTtex			
158	5OXPRO_DLACtex			
159	5OXPRO_GLYCLTtex			
160	5OXPRO_PPAtex			
161	5OXPROt2			
162	5PPINSP5P1K	MAR07652		HMR_7652
163	6HOPTHPDH			
164	6LTHPI			
165	6PTHPDH			
166	6PTHPDH2			
167	78DHBPTt			
168	A4GALTc	MAR00801	A4GALTc	A4GALTc
169	AASDHPPT	MAR04500		r0368
170	ABO1A	MAR00867	HMR_0867	HMR_0867
171	ABO1B	MAR00868	HMR_0868	HMR_0868
172	ABO2A	MAR00884		HMR_0884
173	ABO2B	MAR00881		HMR_0881
174	ABO3A	MAR00887		HMR_0887
175	ABO3AB	MAR00905		HMR_0905
176	ABO4A			
177	ABO4B			
178	ABO5A	MAR00902		HMR_0902
179	ABO5B	MAR00901		HMR_0901
180	ABTt	MAR08343	ABTt	ABTti
181	ABUTDx	MAR04689	ABUTD	ABUTD
182	AC4OACNAMDC			
183	AC9OACNAMDC			
184	ACACT1	MAR01434	ACACT1r	ACACT1r
185	ACAC_ACtex	MAR06018	r2097	r2097
186	ACAC_GLYCLTtex			
187	ACACt2	MAR04976	ACACt2	ACACt2
188	ACALDt	MAR04948	ACALDt	ACALDt
189	ACER			
190	ACGAM2E	MAR04527	ACGAM2E	ACGAM2E
191	ACGAMK	MAR04524	ACGAMK	ACGAMK
192	ACGAMNT2	MAR00906		HMR_0906
193	ACGAMPM	MAR04631	ACGAMPM	ACGAMPM
194	ACHEe	MAR08421	ACHEe	ACHEe
195	ACITL	MAR04149	ACITL	ACITL
196	ACMAH			
197	ACMDAC			
198	ACNAM9PL	MAR04529	ACNAM9PL	ACNAM9PL
199	ACNAM9PL2	MAR08371	ACNAM9PL2	ACNAM9PL2
200	ACNAM9PL3			
201	ACNAMPH	MAR04530	ACNAMPH	ACNAMPH
202	ACNAMt2	MAR11308	ACNAMt2	ACNAMt2
203	ACNML	MAR08373	ACNML	ACNMLr
204	ACOATA	MAR02150	ACOATA	ACOATA
205	ACONT	MAR04454	ACONT	ACONT
206	ACPPDE	MAR04498		r0366
207	ACYP	MAR04370	ACYP	ACYP
208	ACYP2			
209	AC_GLYCLTtex			
210	ACt2	MAR04935	ACt2r	ACt2r
211	ADA	MAR04481	ADA	ADA
212	ADEt	MAR04847	ADEt	ADEt
213	ADK1	MAR04002	ADK1	ADK1
214	ADK3	MAR07800	ADK3	ADK3
215	ADK4			
216	ADK5			
217	ADK6			
218	ADK7			
219	ADMARGARGtex			
220	ADMARGCITRtex			
221	ADMARGHIStex			
222	ADMARGLYStex			
223	ADMARGORNtex			
224	ADMARGt_L			
225	ADMDC	MAR04073	ADMDC	ADMDC
226	ADNCYC	MAR04000	ADNCYC	ADNCYC
227	ADNK1	MAR04012	ADNK1	ADNK1
228	ADNt	MAR05032	ADNt	ADNt
229	ADPGK	MAR07747		HMR_7747
230	ADPGKa			
231	ADPGLCDP	MAR08443	ADPGLC	ADPGLC
232	ADPMNDP	MAR08444	ADPMAN	ADPMAN
233	ADPRDACAC1			
234	ADPRDACAC2			
235	ADPRDP	MAR07144	ADPRDP	ADPRDP
236	ADPRPI			
237	ADPRUDP			
238	ADPT	MAR04085	ADPT	ADPT
239	ADRNCHR1ERx			
240	ADRNCHR2ERy			
241	ADRNCHR2ERz			
242	ADRNCHRGST	MAR06820		RE2522C
243	ADRNCHRSQOX			
244	ADRNLGTHABCte			
245	ADRNLO2SX_L			
246	ADRNLPX_L			
247	ADRNLQ1ERx_L			
248	ADRNLQ2ERy_L			
249	ADRNLQ2ERz_L			
250	ADRNLQC_L			
251	ADRNLQGST_L			
252	ADRNLSQDP_L			
253	ADRNLSQOX_L			
254	ADRNLt	MAR09192	ADRNLtu	ADRNLtu
255	ADSL1	MAR04412	ADSL1r	ADSL1
256	ADSL2	MAR04812	ADSL2r	ADSL2
257	ADSS	MAR04042	ADSS	ADSS
258	AG1tec			
259	AGDC	MAR04629	AGDC	AGDC
260	AHC	MAR03877	AHCi	AHC
261	AHDTPPPH	MAR04816	HMR_4816	HMR_4816
262	AICAK			
263	AICART	MAR04814	AICART	AICART
264	AICAt			
265	AICRT			
266	AICt			
267	AIRC	MAR04804	AIRCr	AIRCr
268	AKGtec			
269	ALAADMARGNaEx			
270	ALAARGNaEx	MAR05833	r1918	r1918
271	ALAASNNaEx	MAR05612	ALAASNNaEx	ALAASNNaEx
272	ALABt	MAR04952	r0899	r0899
273	ALACITRNaEx	MAR05836	r1921	r1921
274	ALACYSNaEx	MAR05609	ALACYSNaEx	ALACYSNaEx
275	ALAGLNNaEx	MAR05603	ALAGLNNaEx	ALAGLNNaEx
276	ALAHCYSNaEx			
277	ALALYSNaEx	MAR05832	r1917	r1917
278	ALAMMARGNaEx			
279	ALAORNNaEx	MAR05834	r1919	r1919
280	ALAPROASCT1			
281	ALASERNaEx	MAR05604	ALASERNaEx	ALASERNaEx
282	ALATA_L	MAR03899	ALATA_L	ALATA_L
283	ALATHRNaEx	MAR05614	ALATHRNaEx	ALATHRNaEx
284	ALATRS	MAR05131		HMR_5131
285	ALAtec	MAR06372	ALAt2r	ALAt2r
286	ALCD19y	MAR00453	ALCD19y	r0245
287	ALCD2x	MAR04202	ALCD1	ALCD1
288	ALDD19x	MAR04683	ALDD19xr	r0545
289	ALDD19y	MAR04686	ALDD19x_P	r0547
290	ALDD2x	MAR01568	ALDD2x	ALDD2x
291	ALDD2y	MAR04283	ALDD2y	ALDD2y
292	ALKP	MAR00068	ALKP	ALKP
293	ALLTN			
294	ALR2y	MAR08497	ALR2	ALR2
295	ALR3y	MAR08500	ALR3	ALR3
296	AMANK	MAR04528	AMANK	AMANK
297	AMGLSDASEa	MAR05400	r1392	r1392
298	AMPDA	MAR04080	AMPDA	AMPDA
299	AMPINSPT			
300	AMPTASECG	MAR04328	AMPTASECG	AMPTASECG
301	ANDRSTNDNRy	MAR01973	RE2766C	RE2766C
302	ANDRSTNDNt			
303	ANDRSTRNRy			
304	ANGIO1THOP			
305	ANGIO2ASPH			
306	ANGIO2DDP			
307	ANGIO3ARGH			
308	ANGIO4DDP			
309	ANGIO58PEP			
310	AP4AH1	MAR09570	AP4AH1	AP4AH1
311	AP5AH1			
312	AP6AH1			
313	AP6AH2			
314	APDPP			
315	APRGSTRNt	MAR07977	APRGSTRNte	HMR_7977
316	ARABR_Ly	MAR08341	ARABR	ARABR
317	ARAB_Lt	MAR08340	ARAB_Lt	ARAB_Lt
318	ARACHD1112MOXy	MAR00950	HMR_0950	HMR_0950
319	ARACHD1415MOXy	MAR00954	HMR_0954	HMR_0954
320	ARACHD56MOXy	MAR00942	HMR_0942	HMR_0942
321	ARACHD89MOXy	MAR00946	HMR_0946	HMR_0946
322	ARACHDOHRI			
323	ARACHDRO2P			
324	ARACHDROO11AVITE1RT			
325	ARACHDROO11AVITE1T			
326	ARACHDROO12AVITE1RT			
327	ARACHDROO12AVITE1T			
328	ARACHDROO15AVITE1RT			
329	ARACHDROO15AVITE1T			
330	ARACHDROO5AVITE1RT			
331	ARACHDROO5AVITE1T			
332	ARACHDROO8AVITE1RT			
333	ARACHDROO8AVITE1T			
334	ARACHDROO9AVITE1RT			
335	ARACHDROO9AVITE1T			
336	ARD	MAR05389	HMR_5389	DKMPPD2;HMR_5389
337	ARGCITRtex	MAR05584	r1669	r1669
338	ARGHIStex	MAR05583	r1668	r1668
339	ARGLYStex	MAR05578	ARGLYSex	ARGLYSex
340	ARGN	MAR03816	ARGN	ARGN
341	ARGORNtex	MAR05582	ARGORNt7	r1667
342	ARGSL	MAR03813	ARGSL	ARGSL
343	ARGTRS	MAR05132		HMR_5132
344	ARGtec	MAR05068	ARGt5r	ARGtD
345	ARSDIGTHSELN			
346	ARSGTHGTH			
347	ARSNAGTHRD			
348	ARSNAH2O2X1			
349	ARSNA_Cltex			
350	ARSNIGTH			
351	ARSNIt			
352	ARSSELDIGTHABCte			
353	ASCBCU2R			
354	ASCBFE3R			
355	ASCBO2SX			
356	ASCBOH1R			
357	ASCBURATERD	MAR06606	RE2605C	RE2605C
358	ASCBt	MAR08618	ASCBt	ASCBt
359	ASNADMARGNaEx			
360	ASNALANaEx	MAR05753	ASNALANaEx	ASNALANaEx
361	ASNARGNaEx	MAR05883	r1968	r1968
362	ASNCITRNaEx	MAR05886	r1971	r1971
363	ASNCYSNaEx	MAR05760	ASNCYSNaEx	ASNCYSNaEx
364	ASNGLNNaEx	MAR05754	ASNGLNNaEx	ASNGLNNaEx
365	ASNLYSNaEx	MAR05882	r1967	r1967
366	ASNMMARGNaEx			
367	ASNNaHtex	MAR06382		
368	ASNORNNaEx	MAR05884	r1969	r1969
369	ASNSERNaEx	MAR05755	ASNSERNaEx	ASNSERNaEx
370	ASNTA			
371	ASNTHRNaEx	MAR05764	ASNTHRNaEx	ASNTHRNaEx
372	ASNTRS	MAR05133		HMR_5133
373	ASNtec			
374	ASPCT	MAR04050	ASPCT	ASPCTr
375	ASPNaHKtex	MAR05447	ASPt6	ASPt6
376	ASPTA	MAR03829	ASPTA	ASPTA
377	ASPTRS	MAR05134		HMR_5134
378	ASPte	MAR09737	ASPte	ASPte
379	ATPR5PT			
380	ATPte	MAR05303	r1116	r1116
381	AVITE1RASCBR1			
382	AVITE1RCYTB5R			
383	AVITE1RQ10H2R			
384	AVITE1RQ10HR			
385	A_MANASE	MAR00055	A_MANASE	A_MANASE
386	B3GALNT1c	MAR00805		HMR_0805
387	BAMPPALDOXx	MAR07993	BAMPPALDOX	BAMPPALDOX
388	BETALDDHx	MAR04697		r0552
389	BHMT	MAR04699	BHMT	BHMT
390	BILIREDx	MAR04764		HMR_4764
391	BILIREDy	MAR08634	BILIRED	BILIRED
392	BKAACPSYN1	MAR02152		r0678
393	BKAACPSYN2	MAR02156		r0760
394	BKAACPSYN3	MAR02160		r0764
395	BKAACPSYN4	MAR02164		r0766
396	BKAACPSYN5	MAR02168		r0768
397	BKAACPSYN6	MAR02173		r0713
398	BKAACPSYN7	MAR02178		r0772
399	BKAACPSYN8	MAR02322		r1313
400	BPNT	MAR04084	BPNT	BPNT
401	BPNT2	MAR04187	BPNT2	BPNT2
402	BTCOAC			
403	BUT_ACACtex			
404	BUT_ACtex			
405	BUT_GLYCLTtex			
406	BUT_PPAtex			
407	BUTt2r	MAR11396	BUTt2r	BUTt2r
408	BZALDHx			
409	CA2t	MAR11311	CA2t	CA2t
410	CAATPS1			
411	CAATPS2	MAR00119	CAATPS	CAATPS
412	CADPRBPH			
413	CADPRBPHe			
414	CADPRIBH			
415	CADPRIBHe			
416	CADPRIBtec			
417	CAMPABCte	MAR07691	CAMPt	CAMPt
418	CAMPtec			
419	CAT	MAR03984	CAT;CATm;CATp;CATpp;CATr;R_CAT;R_CATm;R_CATp;R_CATpp;R_CATr	CATp
420	CCLMETHBH			
421	CDIPT	MAR08655	CDIPTr	CCA_D3tm
422	CDPCHOLPP			
423	CDPETHACPP			
424	CDS	MAR00121	CDS	CDS;HMR_0607
425	CFMNH			
426	CGMPABCte	MAR07692	CGMPt	CGMPt
427	CGMPtec			
428	CHLP	MAR08424	CHLP	CHLP
429	CHLPCTD	MAR00638	CHLPCTD	CHLPCTD
430	CHLPe			
431	CHLSTD78I	MAR01553	CHLSTD78I	RE3136C
432	CHLSTI1	MAR01512	CHLSTI_1	HMR_1512
433	CHOLD	MAR04696	CHOLD	HMR_4696
434	CHOLtec			
435	CHSTEROLABCte			
436	CHSTEROLt	MAR01911	CHSTEROLt	CHSTEROLt
437	CIMPABCte			
438	CIMPtec			
439	CITt			
440	CK	MAR04584	CKc	CKc
441	CMPINSPT			
442	CO2t	MAR04919	CO2t	CO2t
443	COBALT2DMT1t			
444	COBALT2te			
445	COt	MAR07798	COt	COt
446	CPPP1ABCte	MAR11776	C05769te	C05769te
447	CPPP3ABCte	MAR11799	C05770te	C05770te
448	CPPPG1OX	MAR04773	RE3051C	RE3051C
449	CPPPG3ABCte			
450	CPPPG3OX	MAR04770	RE3052C	RE3052C
451	CREAT2NaClt			
452	CREATt	MAR04992	r0942	r0942
453	CRNAT_10_0	MAR04457	C100CPT1	C100CPT1
454	CRNAT_10_2E	MAR04462	C101CPT1	C101CPT1
455	CRNAT_10_2E6Z	MAR04475	C102CPT1	C102CPT1
456	CRNAT_10_3OH_S	MAR04504	C10OHc	C10OHc
457	CRNAT_10_DC	MAR04491	C10DCc	C10DCc
458	CRNAT_11_0			
459	CRNAT_11_4M8M_c	MAR03521	DMNONCOACRNCPT1	DMNONCOACRNCPT1
460	CRNAT_12_0	MAR02602	HMR_2602	C120CPT1;HMR_2602
461	CRNAT_12_2E	MAR04508	C121CPT1	C121CPT1
462	CRNAT_12_3OH_S	MAR04522	C12OHc	C12OHc
463	CRNAT_12_DC	MAR05104	FAOXC12DCc	FAOXC12DCc
464	CRNAT_13_0	MAR02605		HMR_2605
465	CRNAT_14_0	MAR02608	HMR_2608	HMR_2608
466	CRNAT_14_2E	MAR04569	C141CPT1	C141CPT1
467	CRNAT_14_3OH_S	MAR04610	C14OHc	C14OHc
468	CRNAT_14_5E8Z			
469	CRNAT_14_5E8Z3OH_S	MAR04598	C142OHc	C142OHc
470	CRNAT_14_5Z	MAR02620	HMR_2620	HMR_2620
471	CRNAT_14_7Z	MAR02614		HMR_2614
472	CRNAT_14_7Z3OH_S	MAR04571	C141OHc	C141OHc
473	CRNAT_14_9Z	MAR02611	HMR_2611	HMR_2611
474	CRNAT_15_0	MAR02623	PTDCACRNCPT1	PTDCACRNCPT1
475	CRNAT_16_0	MAR02626	C160CPT1	C160CPT1;C160CPT2rbc
476	CRNAT_16_2E	MAR00103	C161CPT12	C161CPT12
477	CRNAT_16_3OH_S	MAR04634	C16OHc	C16OHc
478	CRNAT_16_7E10Z3OH_S	MAR04620	C162OHc	C162OHc
479	CRNAT_16_7Z	MAR02633	HMR_2633	HMR_2633
480	CRNAT_16_9Z	MAR02636	C161CPT1	C161CPT1
481	CRNAT_16_9Z3OH_S	MAR04613	C161OHc	C161OHc
482	CRNAT_16_DC	MAR04624	C16DCc	C16DCc
483	CRNAT_17_0	MAR02642	HPDCACRNCPT1	HPDCACRNCPT1
484	CRNAT_17_10Z	MAR02648	HMR_2648	HMR_2648
485	CRNAT_17_9Z	MAR02651	HMR_2651	HMR_2651
486	CRNAT_18_0	MAR02654	C180CPT1	C180CPT1
487	CRNAT_18_11Z	MAR06598	VACCCPT1	OCD11COACPT1
488	CRNAT_18_13Z	MAR02657	HMR_2657	HMR_2657
489	CRNAT_18_2E	MAR00452	ELAIDCPT1	ELAIDCPT1
490	CRNAT_18_3OH_S	MAR04639	C18OHc	C18OHc
491	CRNAT_18_6Z9Z	MAR02672	LNELDCCPT1	LNELDCCPT1
492	CRNAT_18_6Z9Z12Z	MAR02746	LNLNCGCPT1	LNLNCGCPT1
493	CRNAT_18_6Z9Z12Z15Z	MAR02714	STRDNCCPT1	STRDNCCPT1
494	CRNAT_18_7Z	MAR02669	HMR_2669	HMR_2669
495	CRNAT_18_9E	MAR02666	HMR_2666	HMR_2666
496	CRNAT_18_9Z	MAR00108	C181CPT1	C181CPT1
497	CRNAT_18_9Z12Z	MAR02742	LNLCCPT1	LNLCCPT1;LNLCCPT2rbc
498	CRNAT_18_9Z12Z15Z	MAR01488	LNLNCACPT1	LNLNCACPT1
499	CRNAT_18_9Z12Z3OH_S	MAR04638	C182OHc	C182OHc
500	CRNAT_18_9Z3OH_S	MAR04636	C181OHc	C181OHc
501	CRNAT_19_0	MAR02675	HMR_2675	HMR_2675
502	CRNAT_20_0	MAR02678	ARACHCPT1	ARACHCPT1
503	CRNAT_20_11Z	MAR02684	HMR_2684	HMR_2684
504	CRNAT_20_11Z14Z	MAR02768	HMR_2768	HMR_2768
505	CRNAT_20_11Z14Z17Z	MAR02733	HMR_2733	HMR_2733
506	CRNAT_20_13Z	MAR02681	HMR_2681	HMR_2681
507	CRNAT_20_5Z8Z11Z	MAR02693	HMR_2693	HMR_2693
508	CRNAT_20_5Z8Z11Z14Z	MAR02755	C204CPT1	C204CPT1
509	CRNAT_20_5Z8Z11Z14Z17Z	MAR02720	TMNDNCCPT1	TMNDNCCPT1
510	CRNAT_20_8Z11Z	MAR02690	HMR_2690	HMR_2690
511	CRNAT_20_8Z11Z14Z	MAR02752	DLNLCGCPT1	DLNLCGCPT1
512	CRNAT_20_8Z11Z14Z17Z	MAR02717	EICOSTETCPT1	EICOSTETCPT1
513	CRNAT_20_9Z	MAR02687	HMR_2687	HMR_2687
514	CRNAT_21_0	MAR02699	HMR_2699	HMR_2699
515	CRNAT_22_0	MAR02702	HMR_2702	HMR_2702
516	CRNAT_22_10Z13Z16Z	MAR02774	HMR_2774	HMR_2774
517	CRNAT_22_10Z13Z16Z19Z	MAR02739	HMR_2739	HMR_2739
518	CRNAT_22_11Z	MAR02708	HMR_2708	HMR_2708
519	CRNAT_22_13Z	MAR02705	HMR_2705	HMR_2705
520	CRNAT_22_13Z16Z	MAR02771	HMR_2771	HMR_2771
521	CRNAT_22_13Z16Z19Z	MAR02736	HMR_2736	HMR_2736
522	CRNAT_22_4Z7Z10Z13Z16Z	MAR02762	DCSPTN1CPT1	DCSPTN1CPT1
523	CRNAT_22_4Z7Z10Z13Z16Z19Z	MAR02730	C226CPT1	C226CPT1
524	CRNAT_22_7Z10Z13Z16Z	MAR02759	ADRNCPT1	ADRNCPT1
525	CRNAT_22_7Z10Z13Z16Z19Z	MAR02726	CLPNDCPT1	CLPNDCPT1
526	CRNAT_23_0	MAR02906		HMR_2906
527	CRNAT_24_0	MAR02909		LGNCCPT1
528	CRNAT_24_12Z15Z18Z21Z	MAR02877		HMR_2877
529	CRNAT_24_15Z	MAR02912		NRVNCCPT1
530	CRNAT_24_6Z9Z12Z15Z18Z	MAR02927	TETPENT6CPT1	TETPENT6CPT1
531	CRNAT_24_6Z9Z12Z15Z18Z21Z	MAR02930		HMR_2930
532	CRNAT_24_9Z12Z15Z18Z	MAR02924	TETTET6CPT1	TETTET6CPT1
533	CRNAT_24_9Z12Z15Z18Z21Z	MAR02921	TETPENT3CPT1	TETPENT3CPT1
534	CRNAT_26_0	MAR02915		HEXCCPT1
535	CRNAT_26_17Z	MAR02918		HMR_2918
536	CRNAT_2_0	MAR02591	CSNATr	CSNATr
537	CRNAT_3_0	MAR02594	C30CPT1	C30CPT1
538	CRNAT_3_2E			
539	CRNAT_3_3OH_S			
540	CRNAT_3_DC	MAR02599	FAOXC3DC	r0431
541	CRNAT_4_0	MAR00159	C40CPT1	C40CPT1
542	CRNAT_4_2E			
543	CRNAT_4_2M			
544	CRNAT_4_3OH_R	MAR04671	C4OHc	C4OHc
545	CRNAT_4_DC	MAR05456	FAOXC4C4DCc	FAOXC4C4DCc
546	CRNAT_5_0	MAR04707	C50CPT1	C50CPT1
547	CRNAT_5_2EDC			
548	CRNAT_5_2M			
549	CRNAT_5_2M2E	MAR04711	C51CPT1	C51CPT1
550	CRNAT_5_3M3OH__S	MAR06278	FAOXC5OHc	FAOXC5OHc
551	CRNAT_5_DC	MAR05991	FAOXC5C5DCc	FAOXC5C5DCc
552	CRNAT_6_0	MAR04719	C60CPT1	C60CPT1
553	CRNAT_6_2E			
554	CRNAT_6_3OH_S			
555	CRNAT_6_DC	MAR04745	C6DCc	C6DCc
556	CRNAT_7_0			
557	CRNAT_7_3OH_S			
558	CRNAT_7_DC			
559	CRNAT_8_0	MAR03032	C80CPT1	C80CPT1
560	CRNAT_8_2E	MAR04749	C81CPT1	C81CPT1
561	CRNAT_8_3OH_S			
562	CRNAT_8_DC	MAR04759	C8DCc	C8DCc
563	CRNAT_9_0			
564	CRNAT_9_2M6M_c	MAR08419	DMHPTCRNCPT1	DMHPTCRNCPT1
565	CRNAT_9_3OH_S			
566	CRNtuNa	MAR08677	CRNtuNa	CRNtuNa;CRNCT2te
567	CRTNP	MAR08431	CRTSLt	CRTNsyn
568	CRTNt	MAR09195	CRTNtr	CRTNtr
569	CRTSLRy			
570	CRTSLt	MAR08678	CRTSLt	CRTSLt
571	CRTSTRNRy			
572	CRTSTRNt	MAR08679	CRTSTRNt	CRTSTRNt
573	CRVNC1011MOXy			
574	CRVNC1314MOXy			
575	CRVNC1617MOXy			
576	CRVNC1920MOXy			
577	CRVNC78MOXy			
578	CRVNCDRO2P			
579	CRVNCOHRI			
580	CRVNCROO10AVITE1RT			
581	CRVNCROO10AVITE1T			
582	CRVNCROO11AVITE1RT			
583	CRVNCROO11AVITE1T			
584	CRVNCROO13AVITE1RT			
585	CRVNCROO13AVITE1T			
586	CRVNCROO14AVITE1RT			
587	CRVNCROO14AVITE1T			
588	CRVNCROO16AVITE1RT			
589	CRVNCROO16AVITE1T			
590	CRVNCROO17AVITE1RT			
591	CRVNCROO17AVITE1T			
592	CRVNCROO20AVITE1RT			
593	CRVNCROO20AVITE1T			
594	CRVNCROO4AVITE1RT			
595	CRVNCROO4AVITE1T			
596	CRVNCROO7AVITE1RT			
597	CRVNCROO7AVITE1T			
598	CRVNCROO8AVITE1RT			
599	CRVNCROO8AVITE1T			
600	CSND	MAR08637	CSND	CSND
601	CTPS1	MAR04032	CTPS1	CTPS1
602	CTPS2	MAR04194	CTPS2	CTPS2
603	CU1ABCte			
604	CU1H2O2X			
605	CU1O2OX			
606	CU1tec			
607	CU2RD			
608	CYSADMARGNaEx			
609	CYSALANaEx	MAR05708	CYSALANaEx	CYSALANaEx
610	CYSARGNaEx			
611	CYSCITRNaEx			
612	CYSGLTH	MAR08682	CYSGLTH	CYSGLTH
613	CYSIt			
614	CYSL	MAR04302	r0193	r0193
615	CYSLYSNaEx			
616	CYSMMARGNaEx			
617	CYSO	MAR03908	CYSO	CYSO
618	CYSORNNaEx	MAR05879	r1964	r1964
619	CYSSERNaEx	MAR05710	CYSSERNaEx	CYSSERNaEx
620	CYSTA	MAR03912	CYSTA	CYSTA
621	CYSTCYSL			
622	CYSTHRNaEx	MAR05719	CYSTHRNaEx	CYSTHRNaEx
623	CYSTRDX			
624	CYSTRS	MAR05135		HMR_5135
625	CYSTS	MAR03879	CYSTS	CYSTS
626	CYS_Cltex			
627	CYStec	MAR05084	CYStec	CYStec
628	CYTB5ASCBR			
629	CYTBFADSD5_20_8Z11Z14Z			
630	CYTBFADSD5_20_8Z11Z14Z17Z			
631	CYTBFADSD6_18_9Z			
632	CYTBFADSD6_18_9Z12Z			
633	CYTBFADSD6_18_9Z12Z15Z			
634	CYTBFADSD6_20_11Z14Z			
635	CYTBFADSD6_20_11Z14Z17Z			
636	CYTBFADSD9_16_0	MAR02126	r0510	r0510
637	CYTBFADSD9_18_0	MAR02128	r0511	r0511
638	CYTD	MAR08687	CYTD	CYSTSERex
639	CYTDt	MAR05003	CYTDt	CYTDt
640	CYTK1	MAR08447	CYTK1	CYTDtn
641	CYTK13	MAR08454	CYTK13	CYTK13
642	CYTK2	MAR08458	CYTK2	CYTK1n
643	CYTK8	MAR08469	CYTK8	CYTK8
644	ClFORtex2			
645	ClHCO3tex2			
646	ClOHtex2			
647	ClOXAtex2			
648	ClPItex			
649	Clt		Clt	
650	DADA	MAR04694	DADA	DADA
651	DADK1	MAR04480		r0345
652	DADK3			
653	DADK4			
654	DADK5			
655	DADK6			
656	DADK7			
657	DADNK1			
658	DAGK			
659	DAGL1			
660	DAGL2	MAR00604	DAGK_hs	DAGK_hs
661	DAGOACAH			
662	DAGOACK			
663	DAGOK			
664	DAMPNH			
665	DASCBH	MAR08621	DASCBH	DASCBH
666	DCMPCYTDPT			
667	DCMPNH			
668	DCMPURIPT			
669	DCT	MAR06888	DCT	DCT
670	DGAT		DGAT	
671	DGK1	MAR05353	DGK1	DGK1
672	DGK2			
673	DGMPGSNPT			
674	DGMPINSPT			
675	DGMPNH			
676	DGSHAMID			
677	DGULND	MAR08353	DGULND	DGULND
678	DHAAt1r	MAR08846	DHAAt1r	DHAAt1r
679	DHAK			
680	DHAt			
681	DHBPTT			
682	DHET1112te			
683	DHET1314te			
684	DHET56te			
685	DHET89te			
686	DHFRy	MAR07951	DHFR	DHEAStr
687	DHLIPTRD			
688	DHLIPTt			
689	DHNPTte	MAR07906	HMR_7906	HMR_7906
690	DHORTS	MAR08131	DHORTS	DHFtl
691	DHPRx	MAR03925	DHPR	DHPR
692	DHPRy	MAR04523	r0398	r0398
693	DHURATEHYD			
694	DIHDPA1011te			
695	DIHDPA1314te			
696	DIHDPA1617te			
697	DIHDPA1920te			
698	DIHDPA78te			
699	DIHETE1112te			
700	DIHETE1718te			
701	DIHETE56te			
702	DIHETE78te			
703	DIHETEt1314e			
704	DIHOME910te			
705	DIHOMEt1213e			
706	DIMPGSNPT			
707	DIMPINSPT			
708	DIMPNH			
709	DLAC_ACACtex			
710	DLAC_ACtex			
711	DLAC_BUTtex			
712	DLAC_GLYCLTtex			
713	DLAC_PPAtex			
714	DMATT	MAR01457	DMATT	DMATT
715	DMGDH2y	MAR04700	HMR_4700	HMR_4700
716	DNADPL			
717	DNADPLe			
718	DOGULND1	MAR08622	DOGULNO1	DOGULND1
719	DOGULND2	MAR08623	DOGULNO2	DOGULND2
720	DOGULNO1	MAR08624	DOGULNO1	DOGULNO1
721	DOGULNO2	MAR08625	DOLASNT_Uer	DOGULNO2
722	DOPACHRMDC_D			
723	DOPADC_D			
724	DOPADC_L	MAR06731	3HLYTCL	3HLYTCL
725	DOPAGTHABCte	MAR12013	CE5026t	CE5026t
726	DOPAO2SX_L			
727	DOPAPX_L			
728	DOPAQ1ERx_L			
729	DOPAQ2ERy_L			
730	DOPAQ2ERz_L			
731	DOPAQC_L	MAR06875	DOPAQNISO1	DOPAQNISO1
732	DOPAQGST_L	MAR06883	RE1916C	RE1916C
733	DOPAQNRE1_L			
734	DOPAQNRE2_L			
735	DOPASQDP_L			
736	DOPASQOX_L			
737	DOPHAMID			
738	DPAMCHR1ERx			
739	DPAMCHR2ERy			
740	DPAMCHR2ERz			
741	DPAMCHRGST	MAR12023	DACGST	DACGST
742	DPAMCHRSQOX			
743	DPAMCHRT	MAR12022	DACT	DACT
744	DPAMGTHABCte	MAR12029	CE5025t	CE5025t
745	DPAMO2SX_L			
746	DPAMPX_L			
747	DPAMQ1ERx_L			
748	DPAMQ2ERy_L			
749	DPAMQ2ERz_L			
750	DPAMQC_L			
751	DPAMQGST_L	MAR06811	RE2296C	RE2296C
752	DPAMQNRE1_L	MAR06876	HMR_6876	HMR_6876
753	DPAMQNRE2_L			
754	DPAMSQDP_L			
755	DPAMSQOX_L			
756	DPCHR1ERx_L			
757	DPCHR2ERy_L			
758	DPCHR2ERz_L			
759	DPCHRDC_L			
760	DPCHRGST_L	MAR06886		RE2524C
761	DPCHRSQOX_L			
762	DPCOAK	MAR03871	DPCOAK	DPCOAK
763	DPG3P			
764	DPGM	MAR04371	DPGM	DPGM
765	DPGase	MAR04372	DPGase	DPGase
766	DPMVD	MAR01451	DPMVD	DPMVDc
767	DRDPP			
768	DRPA	MAR08074	DRPA	DRBK
769	DTMPCYTDPT			
770	DTMPK1	MAR04637	DTMPK	DTMPK
771	DTMPK2			
772	DTMPNH			
773	DTMPURIPT			
774	DUMPCYTDPT			
775	DUMPK1			
776	DUMPK2	MAR03968	URIDK2r	URIDK3
777	DUMPNH			
778	DUMPURIPT			
779	D_LACt2	MAR03858	D_LACt2	D_LACt2
780	E14BPP			
781	E4PD			
782	E4PP			
783	EACPR1y	MAR02155		r0682
784	EACPR2y	MAR02159		r0763
785	EACPR3y	MAR02163		r0765
786	EACPR4y	MAR02167		r0767
787	EACPR5y	MAR02171		r0712
788	EACPR6y	MAR02176		r0771
789	EACPR7y	MAR02181		r0773
790	EACPR8y	MAR02327		r1316
791	EDP1011EPHX			
792	EDP1011te			
793	EDP1314EPHX			
794	EDP1314te			
795	EDP1617EPHX			
796	EDP1617te			
797	EDP1920EPHX			
798	EDP1920te			
799	EDP78EPHX			
800	EDP78te			
801	EEQ1112EPHX			
802	EEQ1112te			
803	EEQ1415EPHX			
804	EEQ1415te			
805	EEQ1718EPHX			
806	EEQ1718te			
807	EEQ56EPHX			
808	EEQ56te			
809	EEQ89EPHX			
810	EEQ89te			
811	EET1112EPHX	MAR00953		HMR_0953
812	EET1112te			
813	EET1314EPHX	MAR00957		HMR_0957
814	EET1314te			
815	EET56EPHX	MAR00945		HMR_0945
816	EET56te			
817	EET89EPHX	MAR00949		HMR_0949
818	EET89te			
819	EHGLAT	MAR11399	EHGLAT	EHGLAT
820	EMCD			
821	ENO	MAR04363	ENO	ENO
822	ENOPH	MAR05387	HMR_5387	DKMPPD3;HMR_5387
823	EPOME1213EPHX	MAR02465	RE3258C	RE3258C
824	EPOME1213te	MAR10151	C14826td	C14826td
825	EPOME910EPHX	MAR02459	RE3259C	RE3259C
826	EPOME910te	MAR10149	C14825td	C14825td
827	ERGOTHtuNa			
828	ERTHSD_Dy			
829	ERYLTt			
830	ESTRADIOL23Q1ERx			
831	ESTRADIOL23Q2ERy			
832	ESTRADIOL23Q2ERz			
833	ESTRADIOL23SQDP			
834	ESTRADIOL2OXRx			
835	ESTRADIOL2OXRy	MAR02042	RE3013C	RE3013C
836	ESTRADIOL34Q1ERx			
837	ESTRADIOL34Q2ERy			
838	ESTRADIOL34Q2ERz			
839	ESTRADIOL34SQDP			
840	ESTRADIOL4OXRx			
841	ESTRADIOL4OXRy	MAR02046	RE1632C	RE1632C
842	ESTRADIOLt	MAR08870	ESTRADIOLt	ESTRADIOLt
843	ESTRONE23Q1ERx			
844	ESTRONE23Q2ERy			
845	ESTRONE23Q2ERz			
846	ESTRONE23SQDP			
847	ESTRONE2OXRx			
848	ESTRONE2OXRy	MAR02055	RE1587C	RE1587C
849	ESTRONE34Q1ERx			
850	ESTRONE34Q2ERy			
851	ESTRONE34Q2ERz			
852	ESTRONE34SQDP			
853	ESTRONE4OXRx			
854	ESTRONE4OXRy	MAR02049		RE1582C
855	ESTRONEDHy	MAR02036	HSD17B1	HSD17B1
856	ESTRONEt			
857	ETHAt	MAR07896	ETHAt	ETHAtr;ETHAt
858	ETHP	MAR00649	ETHP	ETHP
859	ETHPe			
860	ETOHt	MAR05000	ETOHt	ETOHt
861	EX_1p3h5c__L_e			
862	EX_1pyr5c__L_e			
863	EX_1sgth2hoxe1_e			
864	EX_1sgth2hoxe2_e			
865	EX_23cgamp_e			
866	EX_2abut_e			
867	EX_2dadn_e			
868	EX_2dcytd_e			
869	EX_2dgsn_e			
870	EX_2dins_e			
871	EX_2duri_e			
872	EX_2hb_e	MAR09212	EX_2hb_e	EX_2425dhvitd3[e]
873	EX_2hox3mtoxe1_e			
874	EX_2hox3mtoxe2_e			
875	EX_2mtoxe1_e			
876	EX_2mtoxe2_e			
877	EX_2obut_e	MAR11391	EX_2obut_e	EX_2obut[e]
878	EX_2sgth4hoxe1_e			
879	EX_2sgth4hoxe2_e			
880	EX_35camp_e		EX_camp_e	
881	EX_35cgmp_e	MAR09216	EX_35cgmp_e	EX_2hb[e]
882	EX_35cimp_e			
883	EX_3dglc_e			
884	EX_3moxtyr_e	MAR10427	EX_3moxtyr_e	EX_3moxtyr[e]
885	EX_4abut_e	MAR09220	EX_4abut_e	EX_35cgmp[e]
886	EX_4hpro_LT_e	MAR08386	EX_4hpro_LT_e	EX_4hpro[e]
887	EX_4mtoxe1_e			
888	EX_4mtoxe2_e			
889	EX_4pyrdx_e	MAR09225	EX_4pyrdx_e	EX_4mptnl[e]
890	EX_4pyrn_e			
891	EX_4sgth2hoxe1_e			
892	EX_4sgth2hoxe2_e			
893	EX_4sgth56dhi_e			
894	EX_4sgth56dhilne_e			
895	EX_5aop_e	MAR10428	EX_5aop_e	EX_5aop[e]
896	EX_5fthf_e	MAR09229	EX_5fthf_e	EX_5adtststerone[e]
897	EX_5mta_e	MAR09021	EX_5mta_e	EX_5mta[e]
898	EX_5mthf_e	MAR09232	EX_5mthf_e	EX_5dhf[e]
899	EX_5oxpro_e	MAR09025	EX_5oxpro_e	EX_5oxpro[e]
900	EX_5sgthadrnl__L_e			
901	EX_5sgthdopa__L_e			
902	EX_5sgthdpam__L_e			
903	EX_5sgthleuadrnchrm_e			
904	EX_5sgthleudopachr__L_e			
905	EX_5sgthnrpphr__L_e			
906	EX_78dhbpt_e			
907	EX_FA_hs_10_0_e			
908	EX_FA_hs_11_0_e			
909	EX_FA_hs_12_0_e			
910	EX_FA_hs_13_0_e			
911	EX_FA_hs_14_0_e			
912	EX_FA_hs_14_5Z_e			
913	EX_FA_hs_14_7Z_e			
914	EX_FA_hs_14_9Z_e			
915	EX_FA_hs_15_0_e			
916	EX_FA_hs_16_0_e			
917	EX_FA_hs_16_2E_e			
918	EX_FA_hs_16_7Z_e			
919	EX_FA_hs_16_9Z_e			
920	EX_FA_hs_17_0_e			
921	EX_FA_hs_17_10Z_e			
922	EX_FA_hs_17_9Z_e			
923	EX_FA_hs_18_0_e			
924	EX_FA_hs_18_11Z_e			
925	EX_FA_hs_18_13Z_e			
926	EX_FA_hs_18_6Z9Z12Z15Z_e			
927	EX_FA_hs_18_6Z9Z12Z_e			
928	EX_FA_hs_18_6Z9Z_e			
929	EX_FA_hs_18_7Z_e			
930	EX_FA_hs_18_9E_e			
931	EX_FA_hs_18_9Z12Z15Z_e			
932	EX_FA_hs_18_9Z12Z_e			
933	EX_FA_hs_18_9Z_e			
934	EX_FA_hs_19_0_e			
935	EX_FA_hs_20_0_e			
936	EX_FA_hs_20_11Z14Z17Z_e			
937	EX_FA_hs_20_11Z14Z_e			
938	EX_FA_hs_20_11Z_e			
939	EX_FA_hs_20_13Z_e			
940	EX_FA_hs_20_5Z8Z11Z14Z17Z_e			
941	EX_FA_hs_20_5Z8Z11Z14Z_e			
942	EX_FA_hs_20_5Z8Z11Z_e			
943	EX_FA_hs_20_8Z11Z14Z17Z_e			
944	EX_FA_hs_20_8Z11Z14Z_e			
945	EX_FA_hs_20_8Z11Z_e			
946	EX_FA_hs_20_9Z_e			
947	EX_FA_hs_21_0_e			
948	EX_FA_hs_22_0_e			
949	EX_FA_hs_22_10Z13Z16Z19Z_e			
950	EX_FA_hs_22_10Z13Z16Z_e			
951	EX_FA_hs_22_11Z_e			
952	EX_FA_hs_22_13Z16Z19Z_e			
953	EX_FA_hs_22_13Z16Z_e			
954	EX_FA_hs_22_13Z_e			
955	EX_FA_hs_22_4Z7Z10Z13Z16Z19Z_e			
956	EX_FA_hs_22_4Z7Z10Z13Z16Z_e			
957	EX_FA_hs_22_7Z10Z13Z16Z19Z_e			
958	EX_FA_hs_22_7Z10Z13Z16Z_e			
959	EX_FA_hs_23_0_e			
960	EX_FA_hs_24_0_e			
961	EX_FA_hs_24_12Z15Z18Z21Z_e			
962	EX_FA_hs_24_15Z_e			
963	EX_FA_hs_24_6Z9Z12Z15Z18Z21Z_e			
964	EX_FA_hs_24_6Z9Z12Z15Z18Z_e			
965	EX_FA_hs_24_9Z12Z15Z18Z21Z_e			
966	EX_FA_hs_24_9Z12Z15Z18Z_e			
967	EX_FA_hs_26_0_e			
968	EX_FA_hs_26_17Z_e			
969	EX_abt__L_e			
970	EX_ac_e	MAR09239	EX_ac_e	EX_7dhf[e]
971	EX_acac_e	MAR09240	EX_acac_e	EX_7thf[e]
972	EX_acald_e			
973	EX_ach_e	MAR09244	EX_ach_e	EX_acgalfucgalacgalfuc12gal14acglcgalgluside_hs[e]
974	EX_acnam_e	MAR11348	EX_acnam_e	EX_acnam[e]
975	EX_ade_e	MAR09250	EX_ade_e	EX_acnacngal14acglcgalgluside_hs[e]
976	EX_admarg__L_e			
977	EX_adn_e	MAR09251	EX_adn_e	EX_acnacngalgbside_hs[e]
978	EX_adp_e	MAR09252	EX_adp_e	EX_acngalacglcgal14acglcgalgluside_hs[e]
979	EX_adprbp_e	MAR09253	EX_adprbp_e	EX_ade[e]
980	EX_adprib_e	MAR09254	EX_adprib_e	EX_adn[e]
981	EX_adrnl__L_e	MAR09256	EX_adrnl_e	EX_adprbp[e]
982	EX_ag1_e			
983	EX_aic_e			
984	EX_aica_e			
985	EX_aicar_e	MAR09027	EX_aicar_e	EX_aicar[e]
986	EX_akg_e		EX_akg_e	
987	EX_ala_B_e	MAR09257	EX_ala_B_e	EX_ahandrostanglc[e]
988	EX_ala__L_e	MAR09259	EX_ala__L_e	EX_akg[e]
989	EX_amp_e		EX_amp_e	
990	EX_andrstndn_e	MAR11848	EX_andrstndn_e	EX_andrstndn[e]
991	EX_aprgstrn_e	MAR09265	EX_aprgstrn_e	EX_antipyrene[e]
992	EX_arab__L_e	MAR09267	EX_arab__L_e	EX_appnn[e]
993	EX_arg__L_e	MAR09270	EX_arg__L_e	EX_arab_L[e]
994	EX_arsna_e			
995	EX_arsni_e			
996	EX_arsseldigth_e			
997	EX_ascb__L_e	MAR09158	EX_ascb__L_e	EX_ascb_L[e]
998	EX_asn__L_e	MAR09062	EX_asn__L_e	EX_asn_L[e]
999	EX_asp__L_e	MAR09070	EX_asp__L_e	EX_asp_L[e]
1000	EX_atp_e	MAR00569	EX_atp_e	EX_atp[e]
1001	EX_but_e	MAR09273	EX_but_e	EX_bilirub[e]
1002	EX_ca2_e	MAR09082	EX_ca2_e	EX_ca2[e]
1003	EX_cadprbp_e			
1004	EX_cadprib_e			
1005	EX_chol_e	MAR09277	EX_chol_e	EX_carveol[e]
1006	EX_cholp_e	MAR09845	EX_cholp_e	EX_cholp[e]
1007	EX_chsterol_e	MAR09279	EX_chsterol_e	EX_cgly[e]
1008	EX_cit_e	MAR09280	EX_cit_e	EX_cholate[e]
1009	EX_citr__L_e	MAR09201	EX_citr__L_e	EX_citr_L[e]
1010	EX_cl_e	MAR09285	EX_cl_e	EX_chsterol[e]
1011	EX_co2_e	MAR09058	EX_co2_e	EX_co2[e]
1012	EX_co_e		EX_co_e	
1013	EX_cobalt2_e			
1014	EX_cppp1_e			
1015	EX_cppp3_e			
1016	EX_cpppg3_e			
1017	EX_creat_e	MAR09288	EX_creat_e	EX_co[e]
1018	EX_crn_e	MAR09289	EX_crn_e	EX_coumarin[e]
1019	EX_crtn_e		EX_crtn_e	
1020	EX_crtsl_e	MAR09290	EX_crtsl_e	EX_creat[e]
1021	EX_crtstrn_e		EX_crtstrn_e	
1022	EX_cu1_e			
1023	EX_cu2_e			
1024	EX_cys__L_e	MAR09065	EX_cys__L_e	EX_cys_L[e]
1025	EX_cysi__L_e		EX_cysi__L_e	
1026	EX_cytd_e	MAR09299	EX_cytd_e	EX_debrisoquine[e]
1027	EX_dha_e	MAR01921	EX_dha_e	EX_dha[e]
1028	EX_dhdascb__L_e			
1029	EX_dhet1112_e			
1030	EX_dhet1415_e			
1031	EX_dhet56_e			
1032	EX_dhet89_e			
1033	EX_dhlipoate_e			
1034	EX_dhnpt_e			
1035	EX_dihdpa1011_e			
1036	EX_dihdpa1314_e			
1037	EX_dihdpa1617_e			
1038	EX_dihdpa1920_e			
1039	EX_dihdpa78_e			
1040	EX_dihete1112_e			
1041	EX_dihete1415_e			
1042	EX_dihete1718_e			
1043	EX_dihete56_e			
1044	EX_dihete89_e			
1045	EX_dihome1213_e			
1046	EX_dihome910_e			
1047	EX_dnadp_e			
1048	EX_dopa__L_e			
1049	EX_dpam__L_e	MAR09305	EX_dopa_e	EX_din[e]
1050	EX_edp1011_e			
1051	EX_edp1314_e			
1052	EX_edp1617_e			
1053	EX_edp1920_e			
1054	EX_edp78_e			
1055	EX_eeq1112_e			
1056	EX_eeq1415_e			
1057	EX_eeq1718_e			
1058	EX_eeq56_e			
1059	EX_eeq89_e			
1060	EX_eet1112_e			
1061	EX_eet1415_e			
1062	EX_eet56_e			
1063	EX_eet89_e			
1064	EX_epome1213_e			
1065	EX_epome910_e			
1066	EX_ergoth_e			
1067	EX_erylt_e			
1068	EX_estradiol_e	MAR09312	EX_estradiol_e	EX_ebastine[e]
1069	EX_estrone_e	MAR11858	EX_estrone_e	EX_estrone[e]
1070	EX_etha_e		EX_etha_e	
1071	EX_ethamp_e	MAR09849	EX_ethamp_e	EX_ethamp[e]
1072	EX_etoh_e	MAR09099	EX_etoh_e	EX_etoh[e]
1073	EX_fe2_e	MAR09315	EX_fe2_e	EX_estriolglc[e]
1074	EX_fe3_e	MAR09316	EX_fe3_e	EX_estroneglc[e]
1075	EX_for_e		EX_for_e	
1076	EX_fru_e	MAR09139	EX_fru_e	EX_fru[e]
1077	EX_fum_e	MAR11400	EX_fum_e	EX_fum[e]
1078	EX_gal__bD_e			
1079	EX_gal_e	MAR09327	EX_gal_e	EX_fucgal14acglcgalgluside_hs[e]
1080	EX_galt_e	MAR11422	EX_galt_e	EX_galt[e]
1081	EX_gam_e	MAR09332	EX_gam_e	EX_galfuc12gal14acglcgalgluside_hs[e]
1082	EX_glc__D_e	MAR09337	EX_glc__D_e	EX_gd1b2_hs[e]
1083	EX_glc__aD_e			
1084	EX_gln__L_e	MAR09339	EX_gln__L_e	EX_gd1c_hs[e]
1085	EX_glu__L_e	MAR09071	EX_glu__L_e	EX_glu_L[e]
1086	EX_glx_e	MAR11448	EX_glx_e	EX_glx[e]
1087	EX_gly_e	MAR09067	EX_gly_e	EX_gly[e]
1088	EX_glyc__R_e		EX_glyc__R_e	
1089	EX_glyc__S_e	MAR00603	EX_glyc__S_e	EX_glyc_S[e]
1090	EX_glyc_e	MAR09085	EX_glyc_e	EX_glyc[e]
1091	EX_glyclt_e	MAR10436	EX_glyclt_e	EX_glyclt[e]
1092	EX_gsn_e	MAR09345	EX_gsn_e	EX_gp1calpha_hs[e]
1093	EX_gthno_e			
1094	EX_gthox_e	MAR09347	EX_gthox_e	EX_gq1balpha_hs[e]
1095	EX_gua_e	MAR09350	EX_gua_e	EX_gthox[e]
1096	EX_h2o2_e	MAR09351	EX_h_e	EX_gthrd[e]
1097	EX_h2o_e	MAR09352	EX_h2o_e	EX_gtp[e]
1098	EX_h2s_e	MAR09353	EX_h2o2_e	EX_gua[e]
1099	EX_h_e			
1100	EX_hco3_e	MAR09354	EX_hco3_e	EX_h2o2[e]
1101	EX_hcys__L_e	MAR09853	EX_hcys__L_e	EX_hcys_L[e]
1102	EX_hcystin__L_e			
1103	EX_hdha10_e			
1104	EX_hdha11_e			
1105	EX_hdha13_e			
1106	EX_hdha14_e			
1107	EX_hdha16_e			
1108	EX_hdha17_e			
1109	EX_hdha20_e			
1110	EX_hdha4_e			
1111	EX_hdha7_e			
1112	EX_hdha8_e			
1113	EX_hematin_e			
1114	EX_hepe11_e			
1115	EX_hepe12_e			
1116	EX_hepe15_e	MAR11579	CE7082UPKt	CE7082UPKt
1117	EX_hepe18_e			
1118	EX_hepe5_e			
1119	EX_hepe8_e			
1120	EX_hepe9_e			
1121	EX_hete11_e			
1122	EX_hete12_e			
1123	EX_hete15_e			
1124	EX_hete5_e			
1125	EX_hete8_e			
1126	EX_hete9_e			
1127	EX_his__L_e	MAR09038	EX_his__L_e	EX_his_L[e]
1128	EX_hista_e	MAR00619	EX_hista_e	EX_hista[e]
1129	EX_hode13_e			
1130	EX_hode9_e			
1131	EX_homoval_e		EX_homoval_e	
1132	EX_hpta_e			
1133	EX_hxa_e		EX_hxa_e	
1134	EX_hxan_e		EX_hxan_e	
1135	EX_ile__L_e	MAR09358	EX_ile__L_e	EX_hxan[e]
1136	EX_inds_e			
1137	EX_inost_e	MAR09359	EX_inost_e	EX_idp[e]
1138	EX_ins_e		EX_ins_e	
1139	EX_k_e	MAR09360	EX_k_e	EX_imp[e]
1140	EX_kynr__L_e			
1141	EX_lac__D_e	MAR09136	EX_lac__D_e	EX_lac_D[e]
1142	EX_lac__L_e	MAR09135	EX_lac__L_e	EX_lac_L[e]
1143	EX_leu__L_e	MAR09367	EX_leu__L_e	EX_leuktrD4[e]
1144	EX_leuktrA4_e			
1145	EX_leuktrA5_e		EX_leuktrA4_e	
1146	EX_leuktrB4_e			
1147	EX_leuktrB5_e		EX_leuktrB4_e	
1148	EX_leuktrC4_e	MAR09363	EX_leuktrC4_e	EX_Lcystin[e]
1149	EX_leuktrC5_e			
1150	EX_li1_e			
1151	EX_lipoate_e	MAR09167	EX_lipoate_e	EX_lipoate[e]
1152	EX_lys__L_e	MAR09041	EX_lys__L_e	EX_lys_L[e]
1153	EX_mal__L_e	MAR11404	EX_mal__L_e	EX_mal_L[e]
1154	EX_man_e	MAR09137	EX_man_e	EX_man[e]
1155	EX_mdhdascb__L_e			
1156	EX_mepi__L_e	MAR09371	EX_mepi_e	EX_malttr[e]
1157	EX_met__L_e	MAR09372	EX_met__L_e	EX_meoh[e]
1158	EX_mg2_e			
1159	EX_mma_e	MAR11934	EX_mma_e	EX_mma[e]
1160	EX_mmarg__L_e			
1161	EX_mobd_e			
1162	EX_n2o3_e			
1163	EX_na1_e	MAR09077	EX_na1_e	EX_na1[e]
1164	EX_nac_e	MAR09375	EX_nac_e	EX_mthgxl[e]
1165	EX_nad_e	MAR07774	EX_nad_e	
1166	EX_nadp_e		EX_nadp_e	
1167	EX_ncam_e		EX_ncam_e	
1168	EX_nh3_e			
1169	EX_nh4_e	MAR11420	EX_nh4_e	EX_nh4[e]
1170	EX_nmn_e			
1171	EX_no2_e	MAR09149	EX_no2_e	EX_no2[e]
1172	EX_no3_e			
1173	EX_no_e	MAR09378	EX_no_e	EX_ncam[e]
1174	EX_nona_e			
1175	EX_normete__L_e	MAR10490	EX_normete__L_e	EX_normete_L[e]
1176	EX_nrpphr__L_e	MAR09379	EX_nrpphr_e	EX_nifedipine[e];EX_nfd[e]
1177	EX_o2_e	MAR09048	EX_o2_e	EX_o2[e]
1178	EX_o2s_e	MAR09382	EX_o2s_e	EX_nrpphrsf[e]
1179	EX_octa_e	MAR09385	EX_octa_e	EX_oagt3_hs[e]
1180	EX_oh1_e		EX_oh1_e	
1181	EX_onoo_e	MAR11906		
1182	EX_onooh_e			
1183	EX_orn__L_e	MAR09087	EX_orn__L_e	EX_orn[e]
1184	EX_orot_e		EX_orot_e	
1185	EX_oxa_e	MAR09387	EX_oxa_e	EX_omeprazole[e]
1186	EX_pail_hs_e	MAR12127	EX_pail_hs_e	EX_pail_hs[e]
1187	EX_pc_hs_e			
1188	EX_pe_hs_e	MAR00656	EX_pe_hs_e	EX_pe_hs[e]
1189	EX_peth_hs_e			
1190	EX_phe__L_e	MAR09390	EX_phe__L_e	EX_perillyl[e]
1191	EX_pheme_e	MAR09107	EX_pheme_e	EX_pheme[e]
1192	EX_pi_e	MAR09072	EX_pi_e	EX_pi[e]
1193	EX_pnto__R_e	MAR09392	EX_pnto__R_e	EX_phyQ[e]
1194	EX_ppa_e		EX_ppa_e	
1195	EX_ppi_e	MAR11405	EX_ppi_e	EX_ppi[e]
1196	EX_ppp9_e	MAR11954	EX_ppp9_e	EX_ppp9[e]
1197	EX_prgstrn_e		EX_prgstrn_e	
1198	EX_pro__L_e	MAR09068	EX_pro__L_e	EX_pro_L[e]
1199	EX_prostge1_e	MAR09394	EX_prostge1_e	EX_pro_D[e]
1200	EX_prostge2_e		EX_prostge2_e	
1201	EX_prostge3_e			
1202	EX_prostgf1_e			
1203	EX_prostgf2_e	MAR09395	EX_prostgf2_e	EX_prostgd2[e]
1204	EX_prostgf3_e			
1205	EX_ps_hs_e	MAR00661	EX_ps_hs_e	EX_ps_hs[e]
1206	EX_pta_e			
1207	EX_ptrc_e	MAR11426	EX_ptrc_e	EX_ptrc[e]
1208	EX_pydam_e	MAR09398	EX_pydam_e	EX_prostgf2[e]
1209	EX_pydx_e		EX_pydx_e	
1210	EX_pydxn_e	MAR09144	EX_pydxn_e	EX_pydxn[e]
1211	EX_pyr_e	MAR09399	EX_pyr_e	EX_pydam[e]
1212	EX_r5p_e			
1213	EX_rbt_e	MAR09400	EX_rbt_e	EX_pydx[e]
1214	EX_retinol_e	MAR09147	EX_retinol_e	EX_retinol[e]
1215	EX_rib__D_e	MAR09404	EX_rib__D_e	EX_retn[e]
1216	EX_ribflv_e	MAR09405	EX_ribflv_e	EX_retnglc[e]
1217	EX_rnamh_e			
1218	EX_saica_e			
1219	EX_sbt__D_e		EX_sbt__D_e	
1220	EX_seln_e			
1221	EX_selni_e			
1222	EX_ser__L_e	MAR09069	EX_ser__L_e	EX_ser_L[e]
1223	EX_sgthprostga1_e			
1224	EX_sgthprostga2_e			
1225	EX_sgthprostga3_e			
1226	EX_sh1_e			
1227	EX_snocys__L_e			
1228	EX_so4_e		EX_so4_e	
1229	EX_sph1p_e	MAR09074	EX_sph1p_e	EX_so4[e]
1230	EX_sphgn_e	MAR11959	EX_sphgn_e	EX_sphgn[e]
1231	EX_sphings_e	MAR11947	EX_sphings_e	EX_sphings[e]
1232	EX_sphmyln_hs_e	MAR11281	EX_sphmyln_hs_e	EX_sphmyln_hs[e]
1233	EX_sphs1p_e	MAR09409	EX_sphs1p_e	EX_spc_hs[e]
1234	EX_spmd_e	MAR11427	EX_spmd_e	EX_spmd[e]
1235	EX_sppt_e			
1236	EX_sprm_e		EX_sprm_e	
1237	EX_srtn_e	MAR09410	EX_srtn_e	EX_sph1p[e]
1238	EX_succ_e	MAR09414	EX_succ_e	EX_strch2[e]
1239	EX_taur_e		EX_taur_e	
1240	EX_tetiodthy__L_e			
1241	EX_thbpt_e	MAR10496	EX_thbpt_e	EX_thbpt[e]
1242	EX_thf_e		EX_thf_e	
1243	EX_thm_e	MAR09159	EX_thm_e	EX_thm[e]
1244	EX_thmmp_e	MAR09421	EX_thmmp_e	EX_thf[e]
1245	EX_thr__L_e	MAR09044	EX_thr__L_e	EX_thr_L[e]
1246	EX_thym_e		EX_thym_e	
1247	EX_thymd_e		EX_thymd_e	
1248	EX_triiodthy__L_e			
1249	EX_trp__L_e	MAR09427	EX_trp__L_e	EX_triodthy[e]
1250	EX_tststerone_e	MAR09428	EX_tststerone_e	EX_triodthysuf[e]
1251	EX_tyr__L_e	MAR09434	EX_tyr__L_e	EX_tymsf[e]
1252	EX_upp1_e			
1253	EX_upp3_e			
1254	EX_ura_e	MAR09435	EX_ura_e	EX_udp[e]
1255	EX_urate_e	MAR09436	EX_urate_e	EX_ump[e]
1256	EX_urea_e	MAR09437	EX_urea_e	EX_ura[e]
1257	EX_uri_e	MAR09075	EX_uri_e	EX_urate[e]
1258	EX_val__L_e	MAR09440	EX_val__L_e	EX_utp[e]
1259	EX_vanillac_e	MAR11474	EX_vanillac_e	EX_vanillac[e]
1260	EX_xan_e	MAR11428	EX_xan_e	EX_xan[e]
1261	EX_xyl__D_e		EX_xyl__D_e	
1262	EX_xylt_e	MAR09138	EX_xylt_e	EX_xylt[e]
1263	EX_xylu__D_e	MAR11942	EX_xylu__D_e	EX_xylu_D[e]
1264	EX_zn2_e			
1265	F1PGT	MAR09153	F1PGT	
1266	F1PP			
1267	F6PP			
1268	FA120ACPH	MAR02172		FA120ACPH
1269	FA140ACPH	MAR02177		FA140ACPH
1270	FA160ACPH	MAR02182	FA160ACPHi	FA160ACPH
1271	FA180ACPH	MAR02329	FA180ACPH	r1317
1272	FACOA2ERy_16_2E			
1273	FACOA2ERy_17_2E			
1274	FACOA2ERy_18_2E	MAR02194		RE0583C
1275	FACOA2ERy_19_2E	MAR02262	HMR_2262	HMR_2262
1276	FACOA2ERy_20_2E	MAR02204	RE0568C	RE0568C
1277	FACOA2ERy_20_2E11Z	MAR02311	RE3229C	RE3229C
1278	FACOA2ERy_20_2E11Z14Z	MAR02430	RE3164C	RE3164C
1279	FACOA2ERy_20_2E11Z14Z17Z	MAR02537	HMR_2537	HMR_2537
1280	FACOA2ERy_20_2E13Z	MAR02345	HMR_2345	HMR_2345
1281	FACOA2ERy_20_2E5Z8Z11Z14Z	MAR02482	RE3106C	RE3106C
1282	FACOA2ERy_20_2E8Z11Z	MAR02364	HMR_2364	HMR_2364
1283	FACOA2ERy_20_2E8Z11Z14Z	MAR02378	RE3104C	RE3104C
1284	FACOA2ERy_20_2E9Z	MAR02350	HMR_2350	HMR_2350
1285	FACOA2ERy_21_2E	MAR02266	HMR_2266	HMR_2266
1286	FACOA2ERy_22_2E	MAR02210	HMR_2210	HMR_2210
1287	FACOA2ERy_22_2E10Z13Z16Z	MAR02421	RE3168C	RE3168C
1288	FACOA2ERy_22_2E10Z13Z16Z19Z	MAR02520	RE3169C	RE3169C
1289	FACOA2ERy_22_2E11Z	MAR02356	HMR_2356	HMR_2356
1290	FACOA2ERy_22_2E13Z	MAR02321	RE3232C	RE3232C
1291	FACOA2ERy_22_2E13Z16Z	MAR02436	HMR_2436	HMR_2436
1292	FACOA2ERy_22_2E13Z16Z19Z	MAR02543	HMR_2543	HMR_2543
1293	FACOA2ERy_22_2E7Z10Z13Z16Z	MAR02391	HMR_2391	HMR_2391
1294	FACOA2ERy_22_2E7Z10Z13Z16Z19Z	MAR02493	RE3119C	RE3119C
1295	FACOA2ERy_23_2E	MAR02270	HMR_2270	HMR_2270
1296	FACOA2ERy_24_2E	MAR02214		RE0576C
1297	FACOA2ERy_24_2E12Z15Z18Z21Z	MAR02528	RE3173C	RE3173C
1298	FACOA2ERy_24_2E15Z	MAR02330	RE3236C	RE3236C
1299	FACOA2ERy_24_2E9Z12Z15Z18Z			
1300	FACOA2ERy_24_2E9Z12Z15Z18Z21Z	MAR02503		RE3123C
1301	FACOA2ERy_26_2E	MAR02219	HMR_2219	HMR_2219
1302	FACOA2ERy_26_2E17Z	MAR02338	HMR_2338	HMR_2338
1303	FACOA3OHDH_16_3OH			
1304	FACOA3OHDH_17_3OH			
1305	FACOA3OHDH_18_3OH	MAR02193	HMR_2193	HMR_2193
1306	FACOA3OHDH_19_3OH	MAR02261	HMR_2261	HMR_2261
1307	FACOA3OHDH_20_11Z14Z17Z3OH	MAR02535	HMR_2535	HMR_2535
1308	FACOA3OHDH_20_11Z14Z3OH			
1309	FACOA3OHDH_20_11Z3OH	MAR02309	RE3228C	RE3228C
1310	FACOA3OHDH_20_13Z3OH	MAR02344	HMR_2344	HMR_2344
1311	FACOA3OHDH_20_3OH	MAR02203	RE0567C	RE0567C
1312	FACOA3OHDH_20_5Z8Z11Z14Z3OH	MAR02480	RE3113C	RE3113C
1313	FACOA3OHDH_20_8Z11Z14Z3OH	MAR02376	HMR_2376	HMR_2376
1314	FACOA3OHDH_20_8Z11Z3OH	MAR02363	HMR_2363	HMR_2363
1315	FACOA3OHDH_20_9Z3OH	MAR02349	HMR_2349	HMR_2349
1316	FACOA3OHDH_21_3OH	MAR02265	HMR_2265	HMR_2265
1317	FACOA3OHDH_22_10Z13Z16Z19Z3OH	MAR02518	RE3172C	RE3172C
1318	FACOA3OHDH_22_10Z13Z16Z3OH	MAR02419	RE3167C	RE3167C
1319	FACOA3OHDH_22_11Z3OH	MAR02355	HMR_2355	HMR_2355
1320	FACOA3OHDH_22_13Z16Z19Z3OH	MAR02542	HMR_2542	HMR_2542
1321	FACOA3OHDH_22_13Z16Z3OH	MAR02428	RE3163C	RE3163C
1322	FACOA3OHDH_22_13Z3OH	MAR02319	RE3231C	RE3231C
1323	FACOA3OHDH_22_3OH	MAR02209	RE0571C	RE0571C
1324	FACOA3OHDH_22_7Z10Z13Z16Z19Z3OH	MAR02491	RE3122C	RE3122C
1325	FACOA3OHDH_22_7Z10Z13Z16Z3OH	MAR02389	RE3153C	RE3153C
1326	FACOA3OHDH_23_3OH	MAR02269	HMR_2269	HMR_2269
1327	FACOA3OHDH_24_12Z15Z18Z21Z3OH	MAR02526	RE3176C	RE3176C
1328	FACOA3OHDH_24_15Z3OH	MAR02328	RE3235C	RE3235C
1329	FACOA3OHDH_24_3OH	MAR02213	RE0575C	RE0575C
1330	FACOA3OHDH_24_9Z12Z15Z18Z21Z3OH	MAR02501		RE3126C
1331	FACOA3OHDH_24_9Z12Z15Z18Z3OH	MAR02399		RE3155C
1332	FACOA3OHDH_26_17Z3OH	MAR02336	HMR_2336	HMR_2336
1333	FACOA3OHDH_26_3OH	MAR02218	HMR_2218	HMR_2218
1334	FACOA3ORy_16_3O			
1335	FACOA3ORy_17_3O			
1336	FACOA3ORy_18_3O	MAR02191	RE0581C	RE0581C
1337	FACOA3ORy_19_3O	MAR02260	HMR_2260	HMR_2260
1338	FACOA3ORy_20_11Z14Z17Z3O	MAR02533	HMR_2533	HMR_2533
1339	FACOA3ORy_20_11Z14Z3O	MAR02426	RE3162C	RE3162C
1340	FACOA3ORy_20_11Z3O	MAR02307	RE3227C	RE3227C
1341	FACOA3ORy_20_13Z3O	MAR02343	HMR_2343	HMR_2343
1342	FACOA3ORy_20_3O	MAR02202	RE0566C	RE0566C
1343	FACOA3ORy_20_5Z8Z11Z14Z3O	MAR02478	RE3112C	RE3112C
1344	FACOA3ORy_20_8Z11Z14Z3O	MAR02374	HMR_2374	HMR_2374
1345	FACOA3ORy_20_8Z11Z3O	MAR02362	HMR_2362	HMR_2362
1346	FACOA3ORy_20_9Z3O	MAR02348	HMR_2348	HMR_2348
1347	FACOA3ORy_21_3O	MAR02264	HMR_2264	HMR_2264
1348	FACOA3ORy_22_10Z13Z16Z19Z3O	MAR02516	RE3171C	RE3171C
1349	FACOA3ORy_22_10Z13Z16Z3O	MAR02417	RE3166C	RE3166C
1350	FACOA3ORy_22_11Z3O	MAR02354	HMR_2354	HMR_2354
1351	FACOA3ORy_22_13Z16Z19Z3O	MAR02541	HMR_2541	HMR_2541
1352	FACOA3ORy_22_13Z16Z3O	MAR02434	HMR_2434	HMR_2434
1353	FACOA3ORy_22_13Z3O	MAR02317	RE3230C	RE3230C
1354	FACOA3ORy_22_3O	MAR02208	RE0570C	RE0570C
1355	FACOA3ORy_22_7Z10Z13Z16Z19Z3O	MAR02489	RE3121C	RE3121C
1356	FACOA3ORy_22_7Z10Z13Z16Z3O	MAR02387	RE3152C	RE3152C
1357	FACOA3ORy_23_3O	MAR02268	HMR_2268	HMR_2268
1358	FACOA3ORy_24_12Z15Z18Z21Z3O	MAR02524	RE3175C	RE3175C
1359	FACOA3ORy_24_15Z3O	MAR02326	RE3234C	RE3234C
1360	FACOA3ORy_24_3O	MAR02212	RE0574C	RE0574C
1361	FACOA3ORy_24_9Z12Z15Z18Z21Z3O	MAR02499		RE3125C
1362	FACOA3ORy_24_9Z12Z15Z18Z3O	MAR02397	RE3154C	RE3154C
1363	FACOA3ORy_26_17Z3O	MAR02334	HMR_2334	HMR_2334
1364	FACOA3ORy_26_3O	MAR02217	HMR_2217	HMR_2217
1365	FACOAE_10_0			
1366	FACOAE_11_0			
1367	FACOAE_12_0	MAR00189		HMR_0189
1368	FACOAE_13_0	MAR00193	HMR_0193	HMR_0193
1369	FACOAE_14_0	MAR00197		HMR_0197
1370	FACOAE_14_5Z	MAR00210	HMR_0210	HMR_0210
1371	FACOAE_14_7Z	MAR00206	HMR_0206	HMR_0206
1372	FACOAE_14_9Z	MAR00201	HMR_0201	HMR_0201
1373	FACOAE_15_0	MAR00214	HMR_0214	HMR_0214
1374	FACOAE_16_0	MAR00223		HDCAc
1375	FACOAE_16_7Z	MAR00234	HMR_0234	HMR_0234
1376	FACOAE_16_9Z	MAR00230		HMR_0230
1377	FACOAE_17_0	MAR00238	HMR_0238	HMR_0238
1378	FACOAE_17_10Z	MAR00242	HMR_0242	HMR_0242
1379	FACOAE_17_9Z	MAR00246	HMR_0246	HMR_0246
1380	FACOAE_18_0	MAR00250		RE0344C
1381	FACOAE_18_11Z	MAR00260	HMR_0260	HMR_0260
1382	FACOAE_18_13Z	MAR00256	HMR_0256	HMR_0256
1383	FACOAE_18_6Z9Z	MAR00276	HMR_0276	HMR_0276
1384	FACOAE_18_6Z9Z12Z	MAR00402		HMR_0402
1385	FACOAE_18_6Z9Z12Z15Z	MAR00354	HMR_0354	HMR_0354
1386	FACOAE_18_7Z	MAR00272	HMR_0272	HMR_0272
1387	FACOAE_18_9E	MAR00268	HMR_0268	HMR_0268
1388	FACOAE_18_9Z	MAR00264	FACOAE181	RE3245C
1389	FACOAE_18_9Z12Z	MAR00398		HMR_0398
1390	FACOAE_18_9Z12Z15Z	MAR00350		HMR_0350
1391	FACOAE_19_0	MAR00280	HMR_0280	HMR_0280
1392	FACOAE_20_0	MAR00284	RE0577C	RE0577C
1393	FACOAE_20_11Z	MAR00294	RE3238C	RE3238C
1394	FACOAE_20_11Z14Z	MAR00430	HMR_0430	HMR_0430
1395	FACOAE_20_11Z14Z17Z	MAR00382	HMR_0382	HMR_0382
1396	FACOAE_20_13Z	MAR00290	HMR_0290	HMR_0290
1397	FACOAE_20_5Z8Z11Z	MAR00306	HMR_0306	HMR_0306
1398	FACOAE_20_5Z8Z11Z14Z			
1399	FACOAE_20_5Z8Z11Z14Z17Z	MAR00362	HMR_0362	HMR_0362
1400	FACOAE_20_8Z11Z	MAR00302	HMR_0302	HMR_0302
1401	FACOAE_20_8Z11Z14Z	MAR00406	HMR_0406	HMR_0406
1402	FACOAE_20_8Z11Z14Z17Z	MAR00358	HMR_0358	HMR_0358
1403	FACOAE_20_9Z	MAR00298	HMR_0298	HMR_0298
1404	FACOAE_21_0	MAR00310	HMR_0310	HMR_0310
1405	FACOAE_22_0	MAR00314	RE0578C	RE0578C
1406	FACOAE_22_10Z13Z16Z	MAR00438	HMR_0438	HMR_0438
1407	FACOAE_22_10Z13Z16Z19Z	MAR00390	HMR_0390	HMR_0390
1408	FACOAE_22_11Z	MAR00324	HMR_0324	HMR_0324
1409	FACOAE_22_13Z	MAR00320	RE3239C	RE3239C
1410	FACOAE_22_13Z16Z	MAR00434	HMR_0434	HMR_0434
1411	FACOAE_22_13Z16Z19Z	MAR00386	HMR_0386	HMR_0386
1412	FACOAE_22_4Z7Z10Z13Z16Z	MAR00426	HMR_0426	HMR_0426
1413	FACOAE_22_4Z7Z10Z13Z16Z19Z	MAR00378	HMR_0378	HMR_0378
1414	FACOAE_22_7Z10Z13Z16Z	MAR00414	HMR_0414	HMR_0414
1415	FACOAE_22_7Z10Z13Z16Z19Z	MAR00366	HMR_0366	HMR_0366
1416	FACOAE_23_0	MAR00328	HMR_0328	HMR_0328
1417	FACOAE_24_0	MAR00332		RE0579C
1418	FACOAE_24_12Z15Z18Z21Z	MAR00394	HMR_0394	HMR_0394
1419	FACOAE_24_15Z	MAR00338	RE3237C	RE3237C
1420	FACOAE_24_6Z9Z12Z15Z18Z	MAR00422	HMR_0422	HMR_0422
1421	FACOAE_24_6Z9Z12Z15Z18Z21Z	MAR00374	HMR_0374	HMR_0374
1422	FACOAE_24_9Z12Z15Z18Z	MAR00418	HMR_0418	HMR_0418
1423	FACOAE_24_9Z12Z15Z18Z21Z	MAR00370	HMR_0370	HMR_0370
1424	FACOAE_26_0	MAR00342		HMR_0342
1425	FACOAE_26_17Z	MAR00346	HMR_0346	HMR_0346
1426	FACOAE_2_0			
1427	FACOAE_3_0	MAR00154	RE2649C	RE2649C
1428	FACOAE_4_0			
1429	FACOAE_5_0			
1430	FACOAE_6_0		FACOAE60	
1431	FACOAE_7_0			
1432	FACOAE_8_0			
1433	FACOAE_9_0			
1434	FACOAL_10_0	MAR00180	HMR_0180	HMR_0180
1435	FACOAL_11_0	MAR00184	HMR_0184	HMR_0184
1436	FACOAL_12_0	MAR00188	HMR_0188	HMR_0188
1437	FACOAL_13_0	MAR00192	HMR_0192	HMR_0192
1438	FACOAL_14_0	MAR00196	FACOAL140	FACOAL140i
1439	FACOAL_14_5Z	MAR00209	HMR_0209	HMR_0209
1440	FACOAL_14_7Z	MAR00204	HMR_0204	HMR_0204
1441	FACOAL_14_9Z	MAR00200	HMR_0200	HMR_0200
1442	FACOAL_15_0	MAR00213	FACOAL150	FACOAL150
1443	FACOAL_16_0	MAR00217	FACOAL160	FACOAL160i
1444	FACOAL_16_7Z	MAR00233	HMR_0233	HMR_0233
1445	FACOAL_16_9Z	MAR00226	FACOAL161	FACOAL161
1446	FACOAL_17_0	MAR00237	FACOAL170	FACOAL170
1447	FACOAL_17_10Z	MAR00241	HMR_0241	HMR_0241
1448	FACOAL_17_9Z	MAR00245	HMR_0245	HMR_0245
1449	FACOAL_18_0	MAR00249	FACOAL180	FACOAL180i
1450	FACOAL_18_11Z	MAR00259	FACOAL1812	FACOAL1812;HMR_0259
1451	FACOAL_18_13Z			
1452	FACOAL_18_6Z9Z	MAR00275	FACOAL1822	FACOAL1822
1453	FACOAL_18_6Z9Z12Z	MAR00401	FACOAL1831	FACOAL1831
1454	FACOAL_18_6Z9Z12Z15Z	MAR00353	FACOAL184	FACOAL184
1455	FACOAL_18_7Z	MAR00255	HMR_0255	HMR_0255
1456	FACOAL_18_9E	MAR00267	HMR_0267	HMR_0267
1457	FACOAL_18_9Z	MAR00263	FACOAL181	FACOAL181i
1458	FACOAL_18_9Z12Z	MAR00397	FACOAL1821	FACOAL1821
1459	FACOAL_18_9Z12Z15Z	MAR00349	FACOAL1832	FACOAL1832
1460	FACOAL_19_0	MAR00279	HMR_0279	HMR_0279
1461	FACOAL_20_0	MAR00283	FACOAL200	FACOAL200
1462	FACOAL_20_11Z	MAR00293	HMR_0293	HMR_0293
1463	FACOAL_20_11Z14Z	MAR00429	HMR_0429	HMR_0429
1464	FACOAL_20_11Z14Z17Z	MAR00381	HMR_0381	HMR_0381
1465	FACOAL_20_13Z	MAR00289	HMR_0289	HMR_0289
1466	FACOAL_20_5Z8Z11Z	MAR00305	HMR_0305	HMR_0305
1467	FACOAL_20_5Z8Z11Z14Z	MAR00409	FACOAL204	FACOAL204
1468	FACOAL_20_5Z8Z11Z14Z17Z	MAR00361	FACOAL205	FACOAL205
1469	FACOAL_20_8Z11Z	MAR00301	HMR_0301	HMR_0301
1470	FACOAL_20_8Z11Z14Z	MAR00405	FACOAL203	FACOAL203
1471	FACOAL_20_8Z11Z14Z17Z	MAR00357	FACOAL2042	FACOAL2042
1472	FACOAL_20_9Z	MAR00297	HMR_0297	HMR_0297
1473	FACOAL_21_0	MAR00309	HMR_0309	HMR_0309
1474	FACOAL_22_0	MAR00313	DOCOSACT	DOCOSACT
1475	FACOAL_22_10Z13Z16Z	MAR00437	HMR_0437	HMR_0437
1476	FACOAL_22_10Z13Z16Z19Z	MAR00389	HMR_0389	HMR_0389
1477	FACOAL_22_11Z	MAR00323	HMR_0323	HMR_0323
1478	FACOAL_22_13Z	MAR00319	HMR_0319	HMR_0319
1479	FACOAL_22_13Z16Z	MAR00433	HMR_0433	HMR_0433
1480	FACOAL_22_13Z16Z19Z	MAR00385	HMR_0385	HMR_0385
1481	FACOAL_22_4Z7Z10Z13Z16Z	MAR00425	FACOAL2251	FACOAL2251
1482	FACOAL_22_4Z7Z10Z13Z16Z19Z	MAR00377	FACOAL226	FACOAL226
1483	FACOAL_22_7Z10Z13Z16Z	MAR00413	FACOAL224	FACOAL224
1484	FACOAL_22_7Z10Z13Z16Z19Z	MAR00365	FACOAL2252	FACOAL2252
1485	FACOAL_23_0	MAR00327	HMR_0327	HMR_0327
1486	FACOAL_24_0	MAR00331		FACOAL240
1487	FACOAL_24_12Z15Z18Z21Z	MAR00393	HMR_0393	HMR_0393
1488	FACOAL_24_15Z	MAR00337	FACOAL241	FACOAL241
1489	FACOAL_24_6Z9Z12Z15Z18Z	MAR00421	FACOAL245_1	FACOAL245_1
1490	FACOAL_24_6Z9Z12Z15Z18Z21Z	MAR00373	FACOAL246_1	FACOAL246_1
1491	FACOAL_24_9Z12Z15Z18Z	MAR00417	FACOAL244_1	FACOAL244_1
1492	FACOAL_24_9Z12Z15Z18Z21Z	MAR00369	FACOAL245_2	FACOAL245_2
1493	FACOAL_26_0	MAR00341	FACOAL260	FACOAL260
1494	FACOAL_26_17Z	MAR00345	HMR_0345	HMR_0345
1495	FACOAL_2_0			
1496	FACOAL_3_0			
1497	FACOAL_4_0	MAR00156	HMR_0156	HMR_0156
1498	FACOAL_5_0	MAR00165	HMR_0165	HMR_0165
1499	FACOAL_6_0	MAR00168	HMR_0168	HMR_0168
1500	FACOAL_7_0	MAR00171	HMR_0171	HMR_0171
1501	FACOAL_8_0	MAR00174	FACOAL80	FACOAL80i
1502	FACOAL_9_0	MAR00177	HMR_0177	HMR_0177
1503	FADL			
1504	FADRy	MAR06511		HMR_6511
1505	FAWOXx_10_10OH			
1506	FAWOXx_10_10OXO	MAR06376	FAOXOHMC10DC10c	FAOXOHMC10DC10c
1507	FAWOXx_12_12OH			
1508	FAWOXx_12_12OXO			
1509	FAWOXx_14_14OH			
1510	FAWOXx_14_14OXO			
1511	FAWOXx_16_016OH			
1512	FAWOXx_16_016OXO	MAR06349	FAOXOHC16C16DCc	FAOXOHC16C16DCc
1513	FAWOXx_20_5Z8Z11Z14Z20OH			
1514	FAWOXx_20_5Z8Z11Z14Z20OXO			
1515	FAWOXx_22_22OH			
1516	FAWOXx_22_22OXO	MAR06350	FAOXOHC22C22DCc	FAOXOHC22C22DCc
1517	FAt_16_0	MAR00216	HDCAt	HDCAtr
1518	FAt_16_2E			
1519	FAt_18_0		OCDCAt	
1520	FAt_18_9Z	MAR00262	OCDCEAt	OCDCEAtr
1521	FAt_18_9Z12Z	MAR00396	LNLCt	LNLCt
1522	FAt_20_5Z8Z11Z14Z	MAR00408	ARACHDt2	ARACHDt2
1523	FAt_hs_10_0	MAR00179	DCATDc	DCATDc
1524	FAt_hs_11_0	MAR00183	HMR_0183	HMR_0183
1525	FAt_hs_12_0	MAR00187	r2444	DDCAte
1526	FAt_hs_13_0	MAR00191	HMR_0191	HMR_0191
1527	FAt_hs_14_0	MAR00195	TTDCAtr	TTDCAtr
1528	FAt_hs_14_5Z	MAR00208	HMR_0208	HMR_0208
1529	FAt_hs_14_7Z	MAR00203	HMR_0203	HMR_0203
1530	FAt_hs_14_9Z	MAR00199	TTDCEAt	TTDCEAt
1531	FAt_hs_15_0	MAR00212	PTDCAt	PTDCAt
1532	FAt_hs_16_7Z	MAR00232	HMR_0232	HMR_0232
1533	FAt_hs_16_9Z	MAR00225	HDCEAt	HDCEAtr
1534	FAt_hs_17_0	MAR00236	HPDCAt	HPDCAt
1535	FAt_hs_17_10Z	MAR00240	HMR_0240	HMR_0240
1536	FAt_hs_17_9Z	MAR00244	HMR_0244	HMR_0244
1537	FAt_hs_18_11Z	MAR00258	VACCt	VACCt
1538	FAt_hs_18_13Z	MAR00254	HMR_0254	HMR_0254
1539	FAt_hs_18_6Z9Z	MAR00274	LNELDCt	LNELDCt
1540	FAt_hs_18_6Z9Z12Z	MAR00400	LNLNCGt	LNLNCGt
1541	FAt_hs_18_6Z9Z12Z15Z	MAR00352	STRDNCt	STRDNCt
1542	FAt_hs_18_7Z	MAR00270	HMR_0270	HMR_0270
1543	FAt_hs_18_9E	MAR00266	ELAIDt	ELAIDt
1544	FAt_hs_18_9Z12Z15Z	MAR00348	LNLNCAt	LNLNCAt
1545	FAt_hs_19_0	MAR00278	HMR_0278	HMR_0278
1546	FAt_hs_20_0	MAR00282	ARACHt	ARACHt
1547	FAt_hs_20_11Z	MAR00292	HMR_0292	HMR_0292
1548	FAt_hs_20_11Z14Z	MAR00428	HMR_0428	HMR_0428
1549	FAt_hs_20_11Z14Z17Z	MAR00380	HMR_0380	HMR_0380
1550	FAt_hs_20_13Z	MAR00288	HMR_0288	HMR_0288
1551	FAt_hs_20_5Z8Z11Z	MAR00304	HMR_0304	HMR_0304
1552	FAt_hs_20_5Z8Z11Z14Z17Z	MAR00360	TMNDNCt	TMNDNCt
1553	FAt_hs_20_8Z11Z	MAR00300	HMR_0300	HMR_0300
1554	FAt_hs_20_8Z11Z14Z	MAR00404	DLNLCGt	DLNLCGt
1555	FAt_hs_20_8Z11Z14Z17Z	MAR00356	EICOSTETt	EICOSTETt
1556	FAt_hs_20_9Z	MAR00296	HMR_0296	HMR_0296
1557	FAt_hs_21_0	MAR00308	HMR_0308	HMR_0308
1558	FAt_hs_22_0	MAR00312	DOCOSACTDe	DOCOSACTDe
1559	FAt_hs_22_10Z13Z16Z	MAR00436	HMR_0436	HMR_0436
1560	FAt_hs_22_10Z13Z16Z19Z	MAR00388	HMR_0388	HMR_0388
1561	FAt_hs_22_11Z	MAR00322	HMR_0322	HMR_0322
1562	FAt_hs_22_13Z	MAR00318	CE2512te	CE2512te
1563	FAt_hs_22_13Z16Z	MAR00432	HMR_0432	HMR_0432
1564	FAt_hs_22_13Z16Z19Z	MAR00384	HMR_0384	HMR_0384
1565	FAt_hs_22_4Z7Z10Z13Z16Z	MAR00424	DCSPTN1t	DCSPTN1t
1566	FAt_hs_22_4Z7Z10Z13Z16Z19Z	MAR08681	CRVNCtr	CRTSTRNtr
1567	FAt_hs_22_7Z10Z13Z16Z	MAR00412	ADRNt	ADRNt
1568	FAt_hs_22_7Z10Z13Z16Z19Z	MAR00364	CLPNDt	CLPNDt
1569	FAt_hs_23_0	MAR00326	HMR_0326	HMR_0326
1570	FAt_hs_24_0	MAR00330	LGNCt	LGNCt
1571	FAt_hs_24_12Z15Z18Z21Z	MAR00392	HMR_0392	HMR_0392
1572	FAt_hs_24_15Z	MAR00336		CE2513td
1573	FAt_hs_24_6Z9Z12Z15Z18Z	MAR00420	TETPENT6t	TETPENT6t
1574	FAt_hs_24_6Z9Z12Z15Z18Z21Z	MAR00372	TETHEX3t	TETHEX3t
1575	FAt_hs_24_9Z12Z15Z18Z	MAR00416	TETTET6t	TETTET6t
1576	FAt_hs_24_9Z12Z15Z18Z21Z	MAR00368	TETPENT3t	TETPENT3t
1577	FAt_hs_26_0	MAR00340	HEXCt	HEXCt
1578	FAt_hs_26_17Z	MAR00344	HMR_0344	HMR_0344
1579	FAt_hs_3_0	MAR01640	PPAtr	PPAt
1580	FAt_hs_4_0	MAR00155		HMR_0155
1581	FAt_hs_5_0	MAR00164	HMR_0164	HMR_0164
1582	FAt_hs_6_0	MAR00167	HMR_0167	HMR_0167
1583	FAt_hs_7_0	MAR00170	HMR_0170	HMR_0170
1584	FAt_hs_8_0			
1585	FAt_hs_9_0	MAR00176	HMR_0176	HMR_0176
1586	FBA	MAR08946	FBA	FATP8t
1587	FBA2	MAR08947	FBA2	FATP9t
1588	FBA3	MAR04355	r0407	r0407
1589	FBA6			
1590	FCYTOB5OXR	MAR03992	r0023	r0023
1591	FE2DMT1t	MAR05987	FE2DMT1	FE2DMT1
1592	FE2H2O2X			
1593	FE2O2OX			
1594	FE2PHEMEABCte			
1595	FE2PHEMEOX			
1596	FE2t	MAR09197	FE2t	FE2t
1597	FE3RD			
1598	FE3t		FE3t	
1599	FEROX	MAR03991	FEROc	r0016
1600	FISC			
1601	FK	MAR04402	FK	FK
1602	FLDPP			
1603	FLVRy			
1604	FMNAT	MAR06508	FMNAT	FMNAT
1605	FMNPH	MAR06507	ACP1_FMN	ACP1_FMN_
1606	FMNRy			
1607	FOR_Cltex			
1608	FPDPP			
1609	FRU3K	MAR04318		HMR_4318
1610	FRUt1r	MAR04321	FRUt1r	FRUt1r
1611	FTHFL	MAR08143	FTHFLi	FTHFCL
1612	FUM	MAR08222	FUM	FUCGALGBSIDEtg
1613	FUMAC	MAR08875	FUMAC	FUCtly
1614	FUMAC2			
1615	FUMtr	MAR09828	FUMtr	FUMtr
1616	FUTGAL2A	MAR00886		HMR_0886
1617	FUTGLOBO1	MAR00813		HMR_0813
1618	FUTINLC8CER1	MAR00908		HMR_0908
1619	FUTINLC8CER2	MAR00909		HMR_0909
1620	FUTLC4CER	MAR00864		HMR_0864
1621	FUTLC5CER	MAR00866		HMR_0866
1622	FUTNLC5CER	MAR00880		HMR_0880
1623	FUTNLC6CER	MAR00898		HMR_0898
1624	FUTNLC7CER	MAR00904		HMR_0904
1625	FUTPGBSIDE	MAR00883		HMR_0883
1626	FYDPP			
1627	G16BPS1			
1628	G16BPS2			
1629	G1PPa			
1630	G3PP			
1631	G5SAD	MAR03819	G5SADs	G5SADs
1632	G6PDA	MAR04299	G6PDA	G6PDA
1633	G6PDH2	MAR08971	G6PDH2r	G6PDH2c;G6PDH2r
1634	G6PM			
1635	GACMTR	MAR04583	GACMTRc	GACMTRc
1636	GAL1PP			
1637	GALK	MAR08191	GALKr	GALGT3
1638	GALM			
1639	GALOR	MAR08766	GALOR	GALOR
1640	GALT	MAR08205	GALT	GALSIDEtg
1641	GALTt	MAR10356	GALTt	GALTt
1642	GALU	MAR03944	GALUi	GALU
1643	GAL_Dt	MAR04858	GALt1r	GALt1r
1644	GAL_bDt			
1645	GAMt1r	MAR08765	GAMt1r	GALtly
1646	GAPD	MAR08227	GAPD	GAO2
1647	GAPP			
1648	GARFT	MAR08228	GARFT	GAO2g
1649	GFDPP			
1650	GFUCSx			
1651	GFUCSy			
1652	GGCLUT2			
1653	GGDPP	MAR06898	GLYGLYCNc	GLYGLYCNc
1654	GGLUCT2ABUT	MAR06971		RE2040C
1655	GGLUCTC	MAR04708	r0568	r0568
1656	GGNG	MAR05395	GGNG	HMR_5395;GGNG
1657	GHBDHy			
1658	GHMT2	MAR03845	GHMT2r	GHMT2r
1659	GHMT3	MAR06980	GHMT3	GHMT3
1660	GHMT4			
1661	GK1	MAR04020	GK1	GK1
1662	GK2			
1663	GK3			
1664	GLBRAN	MAR05397	GLBRAN	GLBRAN
1665	GLCM			
1666	GLC_Dt	MAR05029	GLCt2	GLCGLUT2;GLCt1r
1667	GLC_aDt			
1668	GLDBRAN	MAR01380	r1391	GLDBRAN
1669	GLDPP			
1670	GLGNS1	MAR05396	GLGNS1	GLGNS1
1671	GLNADMARGNaEx			
1672	GLNALANaEx	MAR05618	GLNALANaEx	GLNALANaEx
1673	GLNARGNaEx	MAR05838	r1923	r1923
1674	GLNASNNaEx	MAR05627	GLNASNNaEx	GLNASNNaEx
1675	GLNCITRNaEx	MAR05841	r1926	r1926
1676	GLNCYSNaEx	MAR05624	GLNCYSNaEx	GLNCYSNaEx
1677	GLNLYSNaEx	MAR05837	r1922	r1922
1678	GLNMMARGNaEx			
1679	GLNNaHtex	MAR06380		
1680	GLNORNNaEx	MAR05839	r1924	r1924
1681	GLNS	MAR03890	GLNS	GLNS
1682	GLNSERNaEx	MAR05619	GLNSERNaEx	GLNSERNaEx
1683	GLNTHRNaEx	MAR05629	GLNTHRNaEx	GLNTHRNaEx
1684	GLNTRS	MAR05136		HMR_5136
1685	GLNtec			
1686	GLOBINRCCL			
1687	GLPASE1	MAR05398	GLPASE1	GLPASE1
1688	GLPASE2	MAR05401	GLPASE2	r1393
1689	GLU2ABUTS			
1690	GLUCYS	MAR04324	GLUCYS	GLUCYS
1691	GLUN	MAR09802	GLUN	HMR_9802
1692	GLUNaHKtex	MAR04932	GLUt6	GLUt6
1693	GLUTRS	MAR05137		HMR_5137
1694	GLUte			
1695	GLXCLtex			
1696	GLXO1	MAR08780	GLXO1	GLXO1
1697	GLYADMARGNaEx			
1698	GLYALDD	MAR00456	GLYALDDr	r0392
1699	GLYAMDTRc	MAR04582	GLYAMDTRc	GLYAMDTRc
1700	GLYARGNaEx	MAR05828	r1913	r1913
1701	GLYCITRNaEx	MAR05831	r1916	r1916
1702	GLYCLTDx			
1703	GLYCLTDy	MAR07702	GLYCLTDy	GLYCLTDy
1704	GLYCLTt2			
1705	GLYCTCLtex			
1706	GLYC_Rt	MAR08893	GLYC_Rt	GLYC_Rt
1707	GLYC_St	MAR01385	GLYC_St	GLYC_St
1708	GLYCt	MAR00444	GLYCt	GLYCt;GLYCTDle
1709	GLYLYSNaEx	MAR05827	r1912	r1912
1710	GLYMMARGNaEx			
1711	GLYORNNaEx	MAR05829	r1914	r1914
1712	GLYOX	MAR03857	GLYOX	GLYOX
1713	GLYTRS	MAR05138		HMR_5138
1714	GLY_Cl_2Nat	MAR05455	GLYt7_211_r	GLYt7_211_r
1715	GLY_Cltex			
1716	GLYtec	MAR06371	GLYt2r	GLYt2r
1717	GMAND	MAR04399	GMAND	GMAND
1718	GMPR	MAR04419	GMPR	GMPR;r0276
1719	GMPS	MAR04453	r0301	
1720	GMPS2	MAR04046	GMPS2	GMPS2
1721	GND	MAR04474	GND	GND
1722	GOATA			
1723	GP4AH1			
1724	GPAT	MAR00493		r1185
1725	GPDDA1	MAR00635	GPDDA1	GPDDA1
1726	GPDDA2	MAR00646		HMR_0646
1727	GPDDA3			
1728	GPDDA5	MAR09537		HMR_9537
1729	GPDDA6			
1730	GPDPP	MAR11414	GLYPROPRO1c	GLYPROPRO1c
1731	GRDX2CGTHR			
1732	GRDX2CGTHRDG			
1733	GRTT	MAR01460	GRTT	GRTT
1734	GSNt	MAR05037	GSNt	GSNt
1735	GTHDH	MAR08620	GTHDH	GTHDH
1736	GTHGLXTA			
1737	GTHLEUKTRA4			
1738	GTHLEUKTRA5	MAR01081	HMR_1081	HMR_1081
1739	GTHNHOHD			
1740	GTHNOABCte			
1741	GTHNODN			
1742	GTHNOH2HYD			
1743	GTHNOH2RD			
1744	GTHNORDx			
1745	GTHNORDy			
1746	GTHOXABCte	MAR11312	GTHOXti2	GTHOXti2
1747	GTHOXATA			
1748	GTHOx	MAR03868		r0021
1749	GTHOy	MAR04118	GTHOr	GTHO
1750	GTHP	MAR04116	GTHPi	GTHP
1751	GTHS	MAR04326	GTHS	GTHS
1752	GTHS2			
1753	GTPCH1	MAR04169		r0120
1754	GTPCH2	MAR04833		r0775
1755	GTPCH3	MAR04835		r0777
1756	GTPCH4	MAR04817		r0708
1757	GUACYC	MAR04022	GUACYC	GUACYC
1758	GUACYC2			
1759	GUAPRT	MAR04452	GUAPRT	GUAPRT
1760	GUAt	MAR04985	GUAt	GUAt
1761	GULN3D	MAR08352	GULN3D	GULN3D
1762	GULND	MAR06537	GULND	RE0383C
1763	GWDPP			
1764	H2O2t	MAR08408	H2O2t	H2O2t
1765	H2Ot	MAR04885	H2Ot	H2Ot
1766	H2SMT			
1767	H2SUCCt			
1768	H2Sc			
1769	H2Se			
1770	H2St			
1771	HB23DPGB			
1772	HBCOB			
1773	HBFE4OAR			
1774	HBFE4OCPP			
1775	HBFE4OPX			
1776	HBFE4ORPX			
1777	HBNO2R			
1778	HBNONT			
1779	HBNOOXDNT			
1780	HBO2B1			
1781	HBO2B2			
1782	HCO3E	MAR03955	HCO3E	H2CO3D
1783	HCO3Ee		HCO3Ee	
1784	HCO3_Cltex	MAR06525	HCO3_CLt	HCO3_CLt
1785	HCYSADMARGNaEx			
1786	HCYSALANaEx			
1787	HCYSARGNaEx	MAR05868	r1953	r1953
1788	HCYSCITRNaEx	MAR05871	r1956	r1956
1789	HCYSLYSNaEx	MAR05867	r1952	r1952
1790	HCYSMMARGNaEx			
1791	HCYSORNNaEx			
1792	HCYSSERNaEx			
1793	HCYSTHRNaEx			
1794	HCYSTRDX			
1795	HCYSte	MAR11313	HCYSte	HCYSte
1796	HDHA10te			
1797	HDHA11te			
1798	HDHA13te			
1799	HDHA14te			
1800	HDHA16te			
1801	HDHA17te			
1802	HDHA20te			
1803	HDHA4te			
1804	HDHA7te			
1805	HDHA8te			
1806	HEMATINABCte			
1807	HEMATINGTHG			
1808	HEMEGTHOHDEG			
1809	HEMEGTHOHDX			
1810	HEPE11te			
1811	HEPE12te			
1812	HEPE15te	MAR11579		
1813	HEPE18te			
1814	HEPE5te			
1815	HEPE8te			
1816	HEPE9te			
1817	HETE11te			
1818	HETE12te	MAR02404	r2346	r2346
1819	HETE15te			
1820	HETE5te	MAR10019	C04805td	C04805td
1821	HETE8te			
1822	HETE9te			
1823	HEX1	MAR04394	HEX1	HEX1
1824	HEX10	MAR04494	HEX10	HEX10
1825	HEX1a			
1826	HEX4	MAR04490	HEX4	HEX4
1827	HEX7	MAR04319	HEX7	HEX7
1828	HEXGA2	MAR00821	HMR_0821	HMR_0821
1829	HEXGBSIDE	MAR00807	HMR_0807	HMR_0807
1830	HEXGM2	MAR00828	HMR_0828	HMR_0828
1831	HGNTOR	MAR06774	HGNTOR	HGNTOR
1832	HISADMARGNaEx			
1833	HISARGNaEx	MAR07102	HISyLATtc	HISyLATtc
1834	HISCITRNaEx			
1835	HISCITRtex	MAR05586	r1671	r1671
1836	HISLYSNaEx			
1837	HISLYStex	MAR05580	r1665	r1665
1838	HISMMARGNaEx			
1839	HISNaHtex	MAR06384		
1840	HISORNNaEx			
1841	HISORNtex	MAR05585	r1670	r1670
1842	HISTANMT	MAR04429	SAMHISTA	SAMHISTA
1843	HISTAt	MAR04999	HISTAtu	HISTAtu
1844	HISTRS	MAR05139		HMR_5139
1845	HIStec	MAR05070	HIStiDF	HIStiDF;HISCAT1
1846	HIUH			
1847	HMBS	MAR04746	HMBS	HMBS
1848	HMGTHDH	MAR03933	r1378	r1378
1849	HMGTHS			
1850	HMOBD_Cltex			
1851	HNO2t			
1852	HODE13te			
1853	HODE9te			
1854	HOMOVALt			
1855	HONOOt			
1856	HPDHA10GTHR			
1857	HPDHA11GTHR			
1858	HPDHA13GTHR			
1859	HPDHA14GTHR			
1860	HPDHA16GTHR			
1861	HPDHA17GTHR			
1862	HPDHA20GTHR			
1863	HPDHA4GTHR			
1864	HPDHA7GTHR			
1865	HPDHA8GTHR			
1866	HPEPE11GTHR			
1867	HPEPE12GTHR			
1868	HPEPE15GTHR			
1869	HPEPE18GTHR			
1870	HPEPE5GTHR			
1871	HPEPE8GTHR			
1872	HPEPE9GTHR			
1873	HPETE11GTHR			
1874	HPETE12GTHR	MAR01037	HMR_1037	HMR_1037
1875	HPETE15GTHR			
1876	HPETE5GTHR	MAR00960	HMR_0960	HMR_0960
1877	HPETE8GTHR			
1878	HPETE9GTHR			
1879	HPODE13GTHR			
1880	HPODE9GTHR			
1881	HPROy		HPROb	
1882	HPTALDHx			
1883	HPTEAL2EDHx			
1884	HPYRRx_R			
1885	HPYRRx_S			
1886	HPYRRy_R			
1887	HTSULDHLA			
1888	HTSULGTHST			
1889	HXALDHx			
1890	HXDCAL2EDHx			
1891	HXDCAL2EDHy			
1892	HXDCALDHx			
1893	HXDCALDHy			
1894	HXEAL2EDHx			
1895	HXPRT	MAR04418	HXPRT	HXPRT
1896	HYPTROX	MAR08759	HYPTROX	HYPTROX
1897	HYXNt	MAR04848	HYXNt	HYXNt
1898	H_2Clt			
1899	Ht	MAR11318	Ht	The
1900	ICDHy	MAR00710	ICDHyr	ICDHy
1901	ILEADMARGNaEx			
1902	ILEARGNaEx	MAR05903	r1988	r1988
1903	ILECITRNaEx	MAR05906	r1991	r1991
1904	ILELYSNaEx	MAR05902	r1987	r1987
1905	ILEMMARGNaEx			
1906	ILEORNNaEx	MAR05904	r1989	r1989
1907	ILETRS	MAR05140		HMR_5140
1908	ILEtec	MAR05092	ILEtec	ILEtec
1909	IMGPT			
1910	IMPC	MAR04038	IMPC	IMPC
1911	IMPD	MAR04040	IMPD	IMPD
1912	IND56Q1ERx			
1913	IND56Q2ERy			
1914	IND56Q2ERz			
1915	IND56QNGST			
1916	IND56SQOX			
1917	INDSABCte			
1918	INDStec			
1919	INOSTt			
1920	INS6P1K	MAR07656		HMR_7656
1921	INSULINGTHOR	MAR09806		HMR_9806
1922	INSt	MAR05042	INSt	INSt
1923	KCC2t	MAR06527	KCC2t	KCC2t
1924	KCCt	MAR05990	KCCt	KCCt
1925	KDNH	MAR08372	KDNH	KDNH
1926	KLDPP			
1927	KYNAKGAT		KYNAKGAT	
1928	KYNATESYN		KYNATESYN	
1929	Kt1		Kt1	
1930	L2HGDHx	MAR00719		HMR_0719
1931	L4HGSA			
1932	LADPP			
1933	LADRNCHRGTHABCte			
1934	LADRNCHRO2SX			
1935	LADRNCHRPX			
1936	LADRNCHRSQDP			
1937	LALDO	MAR08502	LALDO	LALDO
1938	LALDO2x	MAR03856	ALCD22_D	LALDO2x;ALCD22_D
1939	LALDO2y	MAR08501	LALDD	HMR_8501
1940	LALD_Ly	MAR03855	HMR_3855	HMR_3855
1941	LCAD	MAR08503	LCADi	LCADi
1942	LCARR	MAR08507	ALCD21_D	ALCD21_D;PPDOx
1943	LCARS	MAR08508	LCARS	ALCD21_L
1944	LCMTPPP2CA			
1945	LCYSTAT	MAR08066	LCYSTAT	LCYSTAT
1946	LDH_L	MAR04388	LDH_L	LDH_L
1947	LDOPAMT	MAR06730	RE2122C	RE2122C
1948	LDOPAt	MAR08081	34DHPHEt	34DHPHEt
1949	LDPAMCHRO2SX			
1950	LDPAMCHRPX			
1951	LDPAMCHRSQDP			
1952	LDPAMMT	MAR06763	DOPAMT	DOPAMT
1953	LDPAMt	MAR06732	DOPAtu	DOPAtu
1954	LDPCHRGTHABCte			
1955	LDPCHRO2SX_L			
1956	LDPCHRPX_L			
1957	LDPCHRSQDP_L			
1958	LEUADMARGNaEx			
1959	LEUARGNaEx	MAR05873	r1958	r1958
1960	LEUCITRNaEx	MAR05876	r1961	r1961
1961	LEUKTRA4t	MAR06254	LEUKTRA4t	LEUKTRA4t
1962	LEUKTRA5t			
1963	LEUKTRB4ABCte			
1964	LEUKTRB5ABCte			
1965	LEUKTRC4ABCte			
1966	LEUKTRC5ABCte	MAR09893	LEUKABCtc	LEUKABCtc
1967	LEULYSNaEx	MAR05872	r1957	r1957
1968	LEUMMARGNaEx			
1969	LEUORNNaEx	MAR05874	r1959	r1959
1970	LEUTRS	MAR05141		HMR_5141
1971	LEUtec	MAR05085	LEUtec	LEUtec
1972	LGDPP			
1973	LGFTPAP			
1974	LGGTPAP			
1975	LGTHL	MAR03853	LGTHL	LGTHL
1976	LHCYSTIN	MAR11299	LHCYSTIN	LHCYSTIN
1977	LHCYSTINt	MAR11300	LHCYSTINt	LHCYSTINt
1978	LIPTASCBR	MAR06394		RE2899C
1979	LIPTt			
1980	LIt			
1981	LKYNRtr	MAR09274	LKYNRtr	LKYNRtr
1982	LLAC_2HBtex	MAR06007	r2086	r2086
1983	LLAC_5OXPROtex			
1984	LLAC_ACACtex	MAR06000	r2079	r2079
1985	LLAC_ACtex	MAR06015	r2094	r2094
1986	LLAC_BUTtex			
1987	LLAC_DLACtex			
1988	LLAC_GLYCLTtex			
1989	LLAC_PPAtex			
1990	LLDPP			
1991	LLLTPAP			
1992	LNAPELPLD			
1993	LNLC1213MOXy	MAR02457	HMR_2457	HMR_2457
1994	LNLC910MOXy	MAR02455	C14825c	C14825c
1995	LNLCOHRI			
1996	LNLCRO2P			
1997	LNLCROO13AVITE1RT			
1998	LNLCROO13AVITE1T			
1999	LNLCROO9AVITE1RT			
2000	LNLCROO9AVITE1T			
2001	LNRPPHRCHRGTHABCte			
2002	LNRPPHRCHRO2SX			
2003	LNRPPHRCHRPX			
2004	LNRPPHRCHRSQDP			
2005	LNSTLS	MAR01473	LNSTLS	LNSTLS
2006	LPAAT			
2007	LPALPLB			
2008	LPCAT			
2009	LPCLPLB		LPASE	
2010	LPCLPLD			
2011	LPCOAT			
2012	LPCOLPLD	MAR03824		RE3378C
2013	LPCPAT			
2014	LPDPP	MAR11092	LEUPROr	LEUPROr
2015	LPEAT			
2016	LPELPLB			
2017	LPELPLD			
2018	LPEPAT			
2019	LPIAT			
2020	LPILPLB			
2021	LPSAT			
2022	LPSLPLB			
2023	LTA4H	MAR01080	LTA4H	LTA4H
2024	LTA5H			
2025	LYSCITRtex	MAR05581	r1666	r1666
2026	LYSORNtex	MAR05579	r1664	r1664
2027	LYSTRS	MAR05142		HMR_5142
2028	LYStec	MAR05071	LYSt5r	LYStiDF
2029	L_LACt2	MAR05998	L_LACt2r	L_LACt2r
2030	M16BPS1			
2031	MACACI	MAR06776	MACACI	MACACI
2032	MAGL1			
2033	MAGL2			
2034	MAGOK			
2035	MALDHx			
2036	MALt	MAR09030	MALt	MAL_Lte
2037	MAN1PT		MAN1PT	
2038	MAN6PI	MAR04383	MAN6PI	MAN6PI
2039	MANt1r	MAR04973	MANt1r	MANt1r
2040	MCLOR	MAR06519	MCLORi	MCLOR
2041	MCOATA	MAR02151	MCOATA	MCOATA
2042	MCPST	MAR06518	HMR_6515	MCPST
2043	MCPST3			
2044	MCPST4			
2045	MDH	MAR04139	MDH	MDH
2046	MDHDASCBDP			
2047	MDHDASCBRy			
2048	MDRPD	MAR05386	MDRPD	MDRPD
2049	ME2	MAR04089	ME2	ME2
2050	MEOHP	MAR04201	PRDX	PRDX
2051	MEPIt	MAR10480	MEPIt	MEPIt
2052	MERCPURMT	MAR09504		HMR_9504
2053	MERCPURPRT			
2054	METADMARGNaEx			
2055	METARGNaEx	MAR05848	r1933	r1933
2056	METAT	MAR03875	METAT	METAT
2057	METCITRNaEx	MAR05851	r1936	r1936
2058	METHBCYTBR			
2059	METHBFMNR			
2060	METHBHEMED			
2061	METHBNO2A			
2062	METHBONOOD1			
2063	METHBONOOD2			
2064	METHBONOOX			
2065	METHBPX			
2066	METHBRCCL			
2067	METHBRHEMED			
2068	METLYSNaEx	MAR05847	r1932	r1932
2069	METMMARGNaEx			
2070	METORNNaEx	MAR05849	r1934	r1934
2071	METSELNEORy			
2072	METSELNIORy			
2073	METTRS	MAR05143		HMR_5143
2074	METtec	MAR05073	METtec	METtec
2075	MG2NAtex2			
2076	MG2tec			
2077	MGSA	MAR08516	MGSA	MGSA
2078	MGSA2	MAR08517	MGSA2	MGSA2
2079	MI13456P3PP			
2080	MI1345P3PP		MITKP	
2081	MI1345P5PP	MAR06565	MI1345PP	MI1345PP
2082	MI1456P6PP			
2083	MI145P3K	MAR06563	MI145PK	MI145PK
2084	MI145P5PP	MAR06560	MI145PP	MI145PP
2085	MI14P1PP			
2086	MI14P4PP			
2087	MI1PP	MAR06540	MI1PP	MI1PP
2088	MI3PP	MAR06571	MI3PP	MI3PP
2089	MI3PS		MI3PS	
2090	MI4PP	MAR06562	MI4PP	MI4PP
2091	MLTHFS	MAR03972	FldAct	FldAct
2092	MMARGARGtex			
2093	MMARGCITRtex			
2094	MMARGHIStex			
2095	MMARGLYStex			
2096	MMARGORNtex			
2097	MMARGt_L			
2098	MMAt2	MAR11775	MMAt2e	MMAt2e
2099	MMCD	MAR01521	MMCD	MMCD
2100	MNDN2ERy			
2101	MPDPP			
2102	MPMOBDT			
2103	MPTAT	MAR07147		HMR_7147
2104	MTAP	MAR05384	MTAP	MTAP
2105	MTHFC	MAR04503	MTHFC	MTHFC
2106	MTHFD	MAR04442	MTHFD	MTHFD
2107	MTMERCPURPRT			
2108	MTOX			
2109	MTRI	MAR05385	MTRI	MTRI
2110	N1ASPMDOX	MAR06961		RE1537C
2111	N1SPRMOX	MAR06958		RE1539C
2112	N2O3CYSNT			
2113	N2O3GTHNT			
2114	N2O3HC			
2115	N2O3t			
2116	NABTNO	MAR08605	NABTNO	NABTNO
2117	NACt	MAR04989	NACt	NACDe;NACUP
2118	NADHHR			
2119	NADHHS			
2120	NADHXD			
2121	NADHXE			
2122	NADK	MAR04269	NADK	NADK
2123	NADL			
2124	NADLe			
2125	NADN	MAR07143	NADN	NADN
2126	NADN2			
2127	NADNe	MAR07142	NADNe	NADNe
2128	NADPHHR			
2129	NADPHHS			
2130	NADPHPPS			
2131	NADPHXD			
2132	NADPHXE			
2133	NADPL			
2134	NADPLe			
2135	NADPN	MAR07627	NADPN	NADPN
2136	NADPNe	MAR08788	NADPNe	NADPNe
2137	NADS2	MAR04260	NADS2	NADS2
2138	NAMNPP			
2139	NAPEPLD			
2140	NAPRT		NAPRT	
2141	NAt	MAR01527	NAt	NAt
2142	NCAMt	MAR04969	NCAMUP	NCAMUP;NCAMDe
2143	NDPAe	MAR03999	ATPH2e	ATPH2e
2144	NDPC	MAR04516	NDP6	NDP6
2145	NDPK1	MAR04016	NDPK1	NDPK1
2146	NDPK10	MAR07878	NDPK10	NDPK10
2147	NDPK2	MAR04006	NDPK2	NDPK2
2148	NDPK3	MAR04028	NDPK3	NDPK3
2149	NDPK4	MAR04635	NDPK4	NDPK4
2150	NDPK5	MAR04570	NDPK5	NDPK5
2151	NDPK6	MAR04673	NDPK6	NDPK6
2152	NDPK7	MAR04670	NDPK7	NDPK7
2153	NDPK8	MAR04044	NDPK8	NDPK8
2154	NDPK9	MAR04291	NDPK9	NDPK9
2155	NH3t			
2156	NH4c			
2157	NH4e			
2158	NICHYD	MAR04252	NT5C	NT5C
2159	NKCC2t	MAR06526	NKCC2t	NKCC2t
2160	NKCCt	MAR04956	NKCCt	NKCCt
2161	NMNAT	MAR01542	NMNAT	NMNATr
2162	NMNHAT			
2163	NMNHYD	MAR04264	NMNHYD	NTD5_a
2164	NMNN			
2165	NMNNe			
2166	NMNS	MAR04262	NMNS	NMNS
2167	NNAT	MAR04257	NNATr	NNATr
2168	NO22Natex			
2169	NO2_Cltex			
2170	NO3_Cltex			
2171	NONALDHx			
2172	NONEAL2EDHx			
2173	NOO2OX			
2174	NOO2SOX			
2175	NORMETEt	MAR10479	NORMETEt	NORMETEt
2176	NOS1	MAR04190	NOS1	NOS1
2177	NOS2	MAR03993	NOS2	NOS2;r0024
2178	NOt	MAR05009	NOt	NOt;NODe
2179	NRHK			
2180	NRPPHRCHR1ERx			
2181	NRPPHRCHR2ERy			
2182	NRPPHRCHR2ERz			
2183	NRPPHRCHRGST	MAR06824		RE2523C
2184	NRPPHRCHRSQOX			
2185	NRPPHRGTHABCte			
2186	NRPPHRMT	MAR06743	NORANMT	NORANMT
2187	NRPPHRO2SX_L			
2188	NRPPHRPX_L			
2189	NRPPHRQ1ERx_L			
2190	NRPPHRQ2ERy_L			
2191	NRPPHRQ2ERz_L			
2192	NRPPHRQC_L			
2193	NRPPHRQGST_L			
2194	NRPPHRSQDP_L			
2195	NRPPHRSQOX_L			
2196	NRPPHRt	MAR06241	NRPPHRtu	NRPPHRtu
2197	NTD1	MAR04642	NTD1	NTD1
2198	NTD10	MAR04705	NTD10	NTD10
2199	NTD11	MAR04417	NTD11	NTD11
2200	NTD12	MAR07880	NTD12	NTD12
2201	NTD15			
2202	NTD2	MAR03970	NTD2	NTD2
2203	NTD3	MAR04510	NTD3	NTD3
2204	NTD4	MAR04177	NTD4	NTD4
2205	NTD5	MAR04056	NTD5	NTD5
2206	NTD6	MAR04632	NTD6	NTD6
2207	NTD7	MAR04010	NTD7	NTD7
2208	NTD8	MAR04602	NTD8	NTD8
2209	NTD9	MAR04449	NTD9	NTD9
2210	NTDAe	MAR04081	NTD7e	NTD7e
2211	NTDSAMP			
2212	NTDSZMP			
2213	NTDZMP			
2214	NTPA	MAR03964	ATPM;NTP1	DM_atp_c_
2215	NTPAe			
2216	NTPG		NTP3	
2217	NTPPDC			
2218	NTPPDI	MAR07879	NTPP10	NTPP10
2219	NTPPI	MAR08489	NTPP9	NTPP9
2220	NTPPX	MAR08488	NTPP11	NTPP11
2221	NaHtex			
2222	NaKt	MAR05429	NaKt	
2223	NaLitex			
2224	O2S_Cltex			
2225	O2St	MAR03959	O2St	O2St
2226	O2t	MAR04896	O2t	O2t
2227	OAADC	MAR11430	OAADC	OAADC
2228	OCTALDHx			
2229	OCTEAL2EDHx			
2230	OH1t			
2231	OMPDC	MAR04036	OMPDC	OMPDC
2232	ONOOCO2D1			
2233	ONOOCO2D2			
2234	ONOOCO2X			
2235	ONOOHD1			
2236	ONOOHD2			
2237	ONOOHc			
2238	ONOOHe			
2239	ONOO_Cltex			
2240	OPHGLXTA			
2241	OPHOXATA			
2242	ORNDC	MAR04212	ORNDC	ORNDC
2243	ORNtec		ORNt	
2244	OROTGLUex			
2245	ORPT	MAR04577	ORPT	ORPT
2246	OXOGAH	MAR04114	r0085	r0085
2247	OXOSUCAH			
2248	OXYHBAOX			
2249	OXYHBNO2OX			
2250	OXYHBNOD			
2251	OXYHBONOOX			
2252	OXYHBPX			
2253	P4AH			
2254	P5CRx	MAR03835	PRO1x	PRO1x
2255	P5CRy	MAR03833	P5CR	P5CR
2256	PAFH	MAR08518	PAFH	PAFH
2257	PAFS	MAR08521	PAFS	PAFS
2258	PAN4PP	MAR08792	PAN4PP	PAN4PP
2259	PAOACPP			
2260	PAPLA2			
2261	PAPP	MAR00596	PPAP	PPAP
2262	PAPPO			
2263	PCETHTP			
2264	PCFLOPt			
2265	PCOPLA2			
2266	PCPLA2		PLA2_2	
2267	PCPLD			
2268	PCPPLA2			
2269	PCSCRt			
2270	PDEA	MAR04014	PDE1	PDE1
2271	PDEG	MAR04048	PDE4	PDE4
2272	PDEI			
2273	PDX5PO	MAR04067	PDX5POi	PDX5PO
2274	PDXPP	MAR08725	PDXPP	PDXPP
2275	PEFLIPt			
2276	PEFLOPt			
2277	PENMT1			
2278	PENMT2			
2279	PENMT3			
2280	PEPCK	MAR04101	PEPCK_re	PEPCK
2281	PEPLA2			
2282	PEPPLA2			
2283	PEPTDPROI	MAR09492		HMR_9492
2284	PESCRt			
2285	PETHCT	MAR00651	PETHCT	PETHCT
2286	PETHt			
2287	PFDPP			
2288	PFK	MAR04379	PFK	PFK
2289	PGA1GTHABC			
2290	PGA2GTHABC			
2291	PGA3GTHABC			
2292	PGCD	MAR03839	PGCD	PGCD
2293	PGD21GH			
2294	PGD2Ry			
2295	PGD2S	MAR01330	PGDI	PGDI
2296	PGDF21GH			
2297	PGE1ABCte			
2298	PGE1DHYD			
2299	PGE1DHy			
2300	PGE1Ry			
2301	PGE1S			
2302	PGE21GH	MAR01342		RE2067C
2303	PGE2ABCte	MAR08935	PROSTGE2t3	PROSTGE2t3
2304	PGE2DHYD	MAR01321	HMR_1321	HMR_1321
2305	PGE2DHy	MAR08651	CBR1	CBPter
2306	PGE2Ry	MAR01327	CBR2	CBR2
2307	PGE2S			
2308	PGE3ABCte			
2309	PGE3DHYD			
2310	PGE3DHy			
2311	PGE3Ry			
2312	PGE3S	MAR01312		HMR_1312
2313	PGF1ABCte			
2314	PGF1DHy			
2315	PGF2ABCte			
2316	PGF2DHy			
2317	PGF3ABCte			
2318	PGF3DHy			
2319	PGG1GTHR			
2320	PGG1S			
2321	PGG2GTHR			
2322	PGG2S			
2323	PGG3GTHR			
2324	PGG3S			
2325	PGH2Ry	MAR01326	RE2799C	RE2799C
2326	PGI	MAR04381	PGI	PGI
2327	PGK	MAR04368	PGK	PGK
2328	PGL	MAR04625	PGL	PGL
2329	PGLYCK			
2330	PGLYCP	MAR09558	PGLYCP	PGLYCP
2331	PGM	MAR04365	PGM	PGM
2332	PGMTa			
2333	PHEADMARGNaEx			
2334	PHEARGNaEx	MAR05858	r1943	r1943
2335	PHECITRNaEx	MAR05861	r1946	r1946
2336	PHELYSNaEx	MAR05857	r1942	r1942
2337	PHEMMARGNaEx			
2338	PHEORNNaEx	MAR05859	r1944	r1944
2339	PHETA1	MAR06725	PHETA1	PHETA1
2340	PHETHPTOX2	MAR08539	PHETHPTOX2	PHETHPTOX2
2341	PHETRS	MAR05145		HMR_5145
2342	PHEtec	MAR05082	PHEtec	PHEtec
2343	PHLAC	MAR09936	PHLAC	PHLAC
2344	PHPT1			
2345	PHPT2			
2346	PHPYRT	MAR06727		HMR_6727
2347	PI2Natex			
2348	PI345P5P	MAR06557	PI345P5P	PI345P5P
2349	PI34P5K	MAR06592	PI34P5K	PI34P5K
2350	PI35P3P		PI35P3P	
2351	PI35P4K			
2352	PI3K			
2353	PI3P4K	MAR08813	PI3P4K	PI3P4K
2354	PI3P5K	MAR08815	PI3P5K	PI3P5K
2355	PI3PP		PI3PP	
2356	PI45P4P	MAR06553	PI45P4P	PI45P4P
2357	PI45P5P	MAR06552	PI45P5P	PI45P5P
2358	PI45PLC	MAR06559	PI45PLC	PI45PLC
2359	PI4K	MAR06546	PIK4	PIK4
2360	PI4P5K	MAR06551	PI4P5K	PI4P5K
2361	PI4PLC	MAR08822	PI4PLC	PI4PLC
2362	PI4PP	MAR06547	PI4PP	PI4PP
2363	PI5K			
2364	PI5P4KA	MAR06554	PI5P4K	PI5P4K
2365	PI5P4KG			
2366	PIPLA2			
2367	PIPLC	MAR00663	PIPLC	PIPLC;HMR_0663
2368	PISCRt			
2369	PIt	MAR02351	PIt	r1423
2370	PLDPP			
2371	PMANM	MAR04385	PMANM	PMANM
2372	PNP	MAR08791	PNP	PNP
2373	PNP2	MAR04662	NP1	NP1
2374	PNTOK	MAR04718	PNTK	PNTK
2375	PNTOt			
2376	POLYADPRH			
2377	POOL_FA	MAR10033		
2378	POOL_FACOA	MAR10036		
2379	PPA	MAR03977	PPA	PPA
2380	PPA2	MAR05363	PPA2	PPA2
2381	PPALDHx			
2382	PPA_ACACtex			
2383	PPA_ACtex			
2384	PPA_GLYCLTtex			
2385	PPAe			
2386	PPAt2r			
2387	PPBNGS	MAR04744	PPBNGS	PPBNGS
2388	PPCDC	MAR04725	PPCDC	PPCDC
2389	PPCOAC			
2390	PPDOy	MAR08509	PPDOy	PPDOy
2391	PPDPP			
2392	PPGPPDP			
2393	PPM	MAR04354	PPM	PPM
2394	PPM2		PPM2	
2395	PPMEPPP2CA			
2396	PPNCL3	MAR11416	PPNCL3	PPNCL3
2397	PPP9ABCte	MAR11786	PPP9ABCte	PPP9ABCte
2398	PRAGS	MAR04799	PRAGSr	PRAGSr
2399	PRAIS	MAR04802	PRAIS	r0666
2400	PRASCS	MAR04810	PRASCSi	PRASCS
2401	PRDX1GRDX2CDG			
2402	PRDX1GTHDG			
2403	PRDX1GTHG			
2404	PRDX1OX1			
2405	PRDX2OX1			
2406	PRDX2OX2			
2407	PRDX2SO2OX1			
2408	PRDX2SOOX1			
2409	PRDX2SOR			
2410	PRDX2TRDXRD			
2411	PRFGS	MAR04808	PRFGS	PRFGS
2412	PRGSTRNRy			
2413	PRGSTRNt	MAR08931	PRGSTRNt	PRGSTRNt
2414	PRMTADMA			
2415	PRMTMMA			
2416	PRMTSDMA			
2417	PROADMARGNaEx			
2418	PROARGNaEx	MAR05878	r1963	r1963
2419	PROCITRNaEx	MAR05881	r1966	r1966
2420	PROLYSNaEx	MAR05877	r1962	r1962
2421	PROMMARGNaEx			
2422	PROORNNaEx	MAR05869	r1954	r1954
2423	PROSTGA1GST			
2424	PROSTGA2GST	MAR01370		RE3554C
2425	PROSTGA3GST			
2426	PROTCADPRH			
2427	PROTCADPRT			
2428	PROTCDGLAC_D			
2429	PROTCDGLAC_L			
2430	PROTCMTHGXL			
2431	PROTCSAE_14_0			
2432	PROTCSAE_16_0	MAR09499		HMR_9499
2433	PROTCSAE_18_0			
2434	PROTCSAT_14_0			
2435	PROTCSAT_16_0			
2436	PROTCSAT_18_0			
2437	PROTDDHYD_D			
2438	PROTDDHYD_L			
2439	PROTDMH_D			
2440	PROTDMT_D			
2441	PROTGMT	MAR09500		HMR_9500
2442	PROTIDDHYD_D			
2443	PROTISODDHYD_L			
2444	PROTISODMH_L			
2445	PROTISODMT_L			
2446	PROTKACTPAC			
2447	PROTKDG6PGL			
2448	PROTKDGLAC_D			
2449	PROTKDGLAC_L			
2450	PROTKDGLCGL			
2451	PROTKDR5PGL			
2452	PROTKF3PDG			
2453	PROTKF6PPP			
2454	PROTKFRU3K			
2455	PROTKMTHGXL			
2456	PROTKNADDAC			
2457	PROTKRBLK			
2458	PROTKRU3PDG			
2459	PROTKRU5PPP			
2460	PROTKTnAgGALT			
2461	PROTNDA			
2462	PROTNK1			
2463	PROTNK2			
2464	PROTQADRNLGMT			
2465	PROTQDPAMGMT			
2466	PROTQGLUN			
2467	PROTQHISTAGMT			
2468	PROTQPROTLGMT			
2469	PROTQSRTNGMT			
2470	PROTRADPRTe	MAR07623		HMR_7623
2471	PROTRDGLAC_D			
2472	PROTRDGLAC_L			
2473	PROTRMTHGXL			
2474	PROTRS	MAR05146		HMR_5146
2475	PROTS3OACGAMH			
2476	PROTSACGALT			
2477	PROTSACGAMT			
2478	PROTSADPRH			
2479	PROTSK			
2480	PROTSPP			
2481	PROTSTnAgGALT			
2482	PROTSUCAMR			
2483	PROTT3OACGAMH			
2484	PROTTACGALT			
2485	PROTTACGAMT			
2486	PROTTK			
2487	PROTTPP			
2488	PROTYK			
2489	PROTYPP			
2490	PRO_Cl_2Nat			
2491	PROtec			
2492	PRPPPP			
2493	PRPPS	MAR04052	PRPPS	PRPPS
2494	PRPPSZ			
2495	PSDC			
2496	PSERT	MAR03841	PSERT	PSERT
2497	PSFLIPt			
2498	PSFLOPt			
2499	PSPLA2			
2500	PSP_L	MAR03843	PSP_L	PSP_L
2501	PSSCRt			
2502	PTHPS	MAR04163	PTHPS	PTHPS
2503	PTPAT	MAR04727	PTPATi	PTPAT
2504	PTRCtex2	MAR08989	PTRCtex2	PTCRTD
2505	PTTHK	MAR04714	APNPT	r0578
2506	PUNP3	MAR04651	PUNP3	PUNP3
2507	PUNP4	MAR04603	PUNP4	PUNP4
2508	PUNP5	MAR04574	PUNP5	PUNP5
2509	PUNP6	MAR04709	PUNP6	PUNP6
2510	PUNP7	MAR04663	PUNP7	PUNP7
2511	PYAM5PO	MAR04069	PYAM5PO	PYAM5POr
2512	PYDAMK	MAR04068	PYDAMK	PYDAMK
2513	PYDAMPP	MAR08724	HYPOE	HYPOE
2514	PYDAMtr	MAR05010	PYDAMtr	PYDAMtr
2515	PYDXDH	MAR08102	PYDXDH	PYDXDH
2516	PYDXK	MAR04065	PYDXK	PYDXK
2517	PYDXNK	MAR04066	PYDXNK	PYDXNK
2518	PYDXNtr	MAR04993	PYDXNtr	PYDXNtr
2519	PYDXPP	MAR04064	PYDXPP	PYDXPP
2520	PYDXtr	MAR04062	PYDXtr	PYDXtr
2521	PYK	MAR04358	PYK	PYK
2522	PYRRLHYD	MAR02527	RE0691C	RE0691C
2523	PYR_2HBtex			
2524	PYR_2OBUTtex			
2525	PYR_5OXPROtex	MAR06006	r2085	r2085
2526	PYR_ACACtex	MAR06008	r2087	r2087
2527	PYR_ACtex	MAR06001	r2080	r2080
2528	PYR_BUTtex			
2529	PYR_DLACtex			
2530	PYR_GLYCLTtex			
2531	PYR_LLACtex			
2532	PYR_PPAtex			
2533	PYRt2	MAR04928	PYRt2	PYRt2r
2534	Q102ERx	MAR01808	TRDR3	TRDR3
2535	Q102ERy	MAR01801	TRDR2	TRDR2
2536	Q102ERz			
2537	QMPNH			
2538	R15BPS1			
2539	R5PP			
2540	RADH1x	MAR20011	RADH	RADH
2541	RADH2x			
2542	RADH3x			
2543	RADH4x	MAR06675	RADH3	RADH3
2544	RBFK	MAR06506	RBFK	RBFK
2545	RBK	MAR04350	RBK	RBK
2546	RBTDG2_Dx			
2547	RBTDG_Dx	MAR04841	r0796	r0796
2548	RBTt	MAR05002	RBTt	RBTt
2549	RDH1y	MAR06630	RDH1a	RDH1a
2550	RDH2y	MAR01690	RDH2a	RDH2a
2551	RDH3y	MAR08709	RDH3a	RDH3a
2552	RDH4y			
2553	RETt	MAR06628	RETt	RETt
2554	RIBFLVABCte	MAR09910	RIBFLVt3o	RIBFLVte
2555	RIBFLVt	MAR06505	r1106	r1106
2556	RIBt	MAR04958	RIBt	RIBt
2557	RNAMHt			
2558	RPE	MAR04477	RPE	RPE
2559	RPI	MAR04352	RPI	RPI
2560	RPPTPAP			
2561	SAICAABCte			
2562	SALMCOM	MAR06750	SALMCOM	SALMCOM
2563	SALMCOM2	MAR06746	SALMCOM2	SALMCOM2
2564	SARCOX			
2565	SARCS_Cl_2Nat			
2566	SBTD_D2	MAR04315	SBTD_D2	SBTD_D2
2567	SBTRa	MAR04316	SBTR	SBTR
2568	SBT_Dt		SBT_Dt	
2569	SEAHCYSHYD	MAR07136	SEAHCYSHYD	SEAHCYSHYD
2570	SELCYSTL	MAR07134	SELCYSTGL	SELCYSTGL
2571	SELDIGTHOXy			
2572	SELGTHGTHR			
2573	SELMETAT	MAR07139	SELMETAT	SELMETAT
2574	SELMETHL	MAR07137		HMR_7137
2575	SELNI4GTHOR			
2576	SELNIOR3y	MAR07131		HMR_7131
2577	SELNI_Cltex			
2578	SERADMARGNaEx			
2579	SERALANaEx	MAR05633	SERALANaEx	SERALANaEx
2580	SERARGNaEx	MAR05843	r1928	r1928
2581	SERASNNaEx	MAR05642	SERASNNaEx	SERASNNaEx
2582	SERCITRNaEx	MAR05846	r1931	r1931
2583	SERCYSNaEx	MAR05639	SERCYSNaEx	SERCYSNaEx
2584	SERGLNNaEx	MAR05634	SERGLNNaEx	SERGLNNaEx
2585	SERHCYSNaEx			
2586	SERLYSNaEx	MAR05842	SERLYSNaex	SERLYSNaex
2587	SERMMARGNaEx			
2588	SERORNNaEx	MAR05844	r1929	r1929
2589	SERPT	MAR00738		SERPT
2590	SERPYRTA		SPTc	
2591	SERTHRNaEx	MAR05644	SERTHRNaEx	SERTHRNaEx
2592	SERTRS	MAR05147		HMR_5147
2593	SER_Cltex			
2594	SERtec			
2595	SFGTH	MAR03937	SFGTHi	SFGTH
2596	SH1_Cltex			
2597	SHPK	MAR09799		HMR_9799
2598	SLDx	MAR08068	SLDx	SLDx
2599	SMFLOPt			
2600	SMOX	MAR04078	SMOX	HMR_4078
2601	SMPD	MAR00795	HMR_0795	HMR_0795
2602	SMS	MAR00736	SMS	SMS
2603	SMSCRt			
2604	SNOCYSDN			
2605	SNOCYSt			
2606	SO4Cltex2			
2607	SO4OXAtex2	MAR08736	SO4OXAtex2	SO4OXAtex2
2608	SPH1PL			
2609	SPH1PP			
2610	SPH1tex			
2611	SPHGANK	MAR00744	SLCBK1	SLCBK1
2612	SPHGNSK			
2613	SPHGNSte	MAR09641	SPHGNSte	SPHGNSte
2614	SPHGNte	MAR11958	SPHGNte	SPHGNte
2615	SPHS1PABCte	MAR11802	SPHS1Pt2e	SPHS1Pt2e
2616	SPHS1PL	MAR00779	r0786	r0786
2617	SPHS1PP	MAR00746	SBPP3	r0787
2618	SPHS1tex			
2619	SPMDACT	MAR06938		RE1234C
2620	SPMDOX	MAR07991	SPMDOX	SPMDOX
2621	SPMDtex2	MAR04994	SPMDtex2	r0944;SPMTDe
2622	SPMS	MAR04075	SPMS	SPMS
2623	SPODM	MAR03960	SPODM	SPODM
2624	SPODM2			
2625	SPPTDH			
2626	SPPTt	MAR11801	CE2705t	CE2705t
2627	SPRMACT	MAR06929		HMR_6929
2628	SPRMS	MAR04077	SPRMS	SPRMS
2629	SPRMt2	MAR11317	SPRMt2i	SPRMt2r
2630	SRDX1GRDX2CDG			
2631	SRDX1GTHDG			
2632	SRDX1GTHRD			
2633	SRTNt	MAR06243	SRTNtu	SRTNtu
2634	SSGTHOX			
2635	SSO2GTHHYD			
2636	SUCACETAT	MAR11462	SUCACETATc	SUCACETATc
2637	SUCACETATALT	MAR11463	SUCACETATALTc	SUCACETATALTc
2638	SUCACETO	MAR11464	SUCACETOc	SUCACETOc
2639	SULO			
2640	TAGL		LPS	
2641	TALA	MAR04565	TALA	TALA
2642	TAURt	MAR08995	TAURt	TAURCHAe
2643	TDP	MAR04208	TDP	TDP
2644	TETIODTHYt2	MAR06055	THYOXt2	THYOXt2
2645	THBPT4ACAMDASE	MAR08538	THBPT4ACAMDASE	THBPT4ACAMDASE
2646	THBPTt	MAR10489	THBPTt	THBPTt
2647	THF_5FTHFtex			
2648	THF_5MTHFtex			
2649	THF_AICARtex			
2650	THF_OHtex	MAR01780	THFt2	THFt2
2651	THF_THMMPtex			
2652	THIOGMPMT			
2653	THIOGMPS			
2654	THIOGMPS2			
2655	THIOGUAPRT			
2656	THIOIMPMT			
2657	THMMPP			
2658	THMMP_OHtex	MAR01782	THMMPt4	THMMPt4
2659	THMTP	MAR04207	THMTP	THMTP
2660	THMt	MAR11320	THMtrbc	THMtrbc
2661	THMt3	MAR11433	THMt3	THMt3
2662	THRA	MAR04284	THRA	HMR_4284
2663	THRADMARGNaEx			
2664	THRALANaEx	MAR05783	THRALANaEx	THRALANaEx
2665	THRARGNaEx	MAR05893	r1978	r1978
2666	THRASNNaEx	MAR05793	THRASNNaEx	THRASNNaEx
2667	THRCITRNaEx	MAR05896	r1981	r1981
2668	THRCYSNaEx	MAR05790	THRCYSNaEx	THRCYSNaEx
2669	THRGLNNaEx	MAR05784	THRGLNNaEx	THRGLNNaEx
2670	THRHCYSNaEx			
2671	THRLYSNaEx	MAR05892	r1977	r1977
2672	THRMMARGNaEx			
2673	THRORNNaEx	MAR05894	r1979	r1979
2674	THRSERNaEx	MAR05785	THRSERNaEx	THRSERNaEx
2675	THRTLD_Lx			
2676	THRTRS	MAR05148		HMR_5148
2677	THRtec			
2678	THYMDt			
2679	THYMt	MAR04980	THYMt	THYMt
2680	TKT1	MAR04501	TKT1	TKT1
2681	TKT2	MAR04404	TKT2	TKT2
2682	TMABADH	MAR06981	TMABADH	TMABADH
2683	TMASCBOXt			
2684	TMASCBOXt2			
2685	TMASCBOXt3			
2686	TMDNC1112MOXy			
2687	TMDNC1415MOXy			
2688	TMDNC1718MOXy			
2689	TMDNC56MOXy			
2690	TMDNC89MOXy			
2691	TMDPK	MAR04204	TMDPK	TMDPK
2692	TMDPK2			
2693	TMDPK3			
2694	TMDPK4			
2695	TMNDNCOHRI			
2696	TMNDNCRO2P			
2697	TMNDNCROO11AVITE1RT			
2698	TMNDNCROO11AVITE1T			
2699	TMNDNCROO12AVITE1RT			
2700	TMNDNCROO12AVITE1T			
2701	TMNDNCROO15AVITE1RT			
2702	TMNDNCROO15AVITE1T			
2703	TMNDNCROO18AVITE1RT			
2704	TMNDNCROO18AVITE1T			
2705	TMNDNCROO5AVITE1RT			
2706	TMNDNCROO5AVITE1T			
2707	TMNDNCROO8AVITE1RT			
2708	TMNDNCROO8AVITE1T			
2709	TMNDNCROO9AVITE1RT			
2710	TMNDNCROO9AVITE1T			
2711	TPI	MAR04391	TPI	TPI
2712	TRDRy			
2713	TRIIODTHYt2	MAR06056	TRIODTHYt2	TRIODTHYt2
2714	TRIOK	MAR00454	TRIOK	TRIOK
2715	TRPADMARGNaEx			
2716	TRPARGNaEx	MAR05853	r1938	r1938
2717	TRPCITRNaEx	MAR05856	r1941	r1941
2718	TRPLYSNaEx	MAR05852	r1937	r1937
2719	TRPMMARGNaEx			
2720	TRPORNNaEx	MAR05854	r1939	r1939
2721	TRPTRS	MAR05149		HMR_5149
2722	TRPtec			
2723	TSTSTERONEt	MAR08852	TSTSTERONEt	TSTSTERONEt
2724	TYR3MO2	MAR08537	TYR3MO2	TYR3MO2
2725	TYRADMARGNaEx			
2726	TYRARGNaEx	MAR05863	r1948	r1948
2727	TYRCITRNaEx	MAR05866	r1951	r1951
2728	TYRLYSNaEx	MAR05862	r1947	r1947
2729	TYRMMARGNaEx			
2730	TYRORNNaEx	MAR05864	r1949	r1949
2731	TYRTA	MAR06768	TYRTA	TYRTA
2732	TYRTRS	MAR05130		HMR_5130
2733	TYRtec			
2734	UAG4E	MAR04159	UAG4E	UAG4E
2735	UDPG4E	MAR04128	UDPG4E	UDPG4E
2736	UGLT	MAR04132	UGLT	UGLT
2737	UMPCYTDPT			
2738	UMPINSPT			
2739	UMPK1	MAR04008	UMPK	UMPK
2740	UMPK5	MAR07869	UMPK5	UMPK5
2741	UNK3	MAR05391	UNK3	UNK3r
2742	UPP1ABCte			
2743	UPP3ABCte			
2744	UPPG1DC	MAR04772	HMR_4772	HMR_4772
2745	UPPG1OX	MAR04769	RE3637C	RE3637C
2746	UPPG1S	MAR04771	HMR_4771	HMR_4771
2747	UPPG3DC	MAR04750	UPPDC1	UPPDC1
2748	UPPG3OX	MAR04768		HMR_4768;RE3053C
2749	UPPG3S	MAR04748	UPP3S	UPP3S
2750	URATEABCte	MAR05446	r1536	r1536
2751	URATEOH1R	MAR06607	HMR_6607	HMR_6607
2752	URATEOOHYD			
2753	URATERD			
2754	URATERO2SX			
2755	URATEt	MAR09198	URATEt	URATEt
2756	URAt	MAR04882	URAt	URAt
2757	UREAHYDL			
2758	UREAt	MAR04949	UREAt	UREAt
2759	URIt	MAR05035	URIt	URIt
2760	VALADMARGNaEx			
2761	VALARGNaEx	MAR05888	r1973	r1973
2762	VALCITRNaEx	MAR05891	r1976	r1976
2763	VALLYSNaEx	MAR05887	r1972	r1972
2764	VALMMARGNaEx			
2765	VALORNNaEx	MAR05889	r1974	r1974
2766	VALTRS	MAR05150		HMR_5150
2767	VALtec	MAR05089	VALtec	VALtec
2768	VANILLAC	MAR11468	VANILLACc	VANILLACc
2769	VANILLACte	MAR11473	VANILLACte	VANILLACte
2770	VANILPYR	MAR11467	VANILPYRc	VANILPYRc
2771	VLDPP			
2772	VPDPP			
2773	VYDPP			
2774	XANt	MAR09833	XANt	XANtr
2775	XAO	MAR04649	XAO	r0504
2776	XAO2	MAR04520	XAO2	r0395
2777	XAO3			
2778	XAO4			
2779	XOLEST2EH			
2780	XPPT		XPPT	
2781	XYLK	MAR04595	XYLK	XYLK
2782	XYLR_Dy	MAR04592	XYLR	HMR_4592
2783	XYLTD_Dx	MAR04593	XYLTD_D	XYLTD_Dr;r0784
2784	XYLTt	MAR07253	XYLTt	XYLTt
2785	XYLUR_Ly	MAR04590	XYLUR	XYLUR
2786	XYLU_Dt			
2787	XYLt	MAR08867	XYLt	XYLt
2788	YYDPP			
2789	YYYTPAP			
2790	ZN2Htex2			
2791	ZN2t	MAR06370		r2465
