reactions	name	reaction	gene reaction rule	subsystem	spontaneous	proteomic evidence (#studies)	references	notes	metatlas
ARDFE2	Acireductone dioxygenase [iron(II)-requiring]	dhmtp_c + o2_c --> 2kmb_c + for_c + h_c	ADI1	Cysteine and methionine metabolism	1		pubmed:27491795	"According to description of EC 3.1.3.77. Reaction can occur spontaneously under aerobic conditions. Nickel bound to the acireductone dioxygenase results in formation of formate, CO and 3-(methylsulfanyl)propanoate, while iron bound results in formate and 4-(methylsulfanyl)-2-oxobutanoate."	MAR05389
BHMT	Betaine-homocysteine S-methyltransferase	glyb_c + hcys__L_c --> dmgly_c + met__L_c	BHMT	"Glycine, serine and threonine metabolism"	0		pubmed:24636780;pubmed:25200932;pubmed:25556331
ACYP	3-Phospho-D-glyceroyl phosphate phosphohydrolase	13dpg_c + h2o_c --> 3pg_c + h_c + pi_c	ACYP1 or ACYP2	Glycolysis / Gluconeogenesis	0		pubmed:1645713;pubmed:3026468;pubmed:4311179
E14BPP	Erroneous formation of 4-phosphoerythronate	e14bp_c + h2o_c --> 4per_c + pi_c	ACYP1 or ACYP2	Glycolysis / Gluconeogenesis	0		pubmed:1645713;pubmed:3026468
ENO	Enolase	2pg_c <=> h2o_c + pep_c	ENO1 or ENO2 or ENO3 or (ENO1 and ENO2) or (ENO1 and ENO3) or (ENO2 and ENO3)	Glycolysis / Gluconeogenesis	0		doi:10.1016/B978-0-12-677201-2.X5001-6;pubmed:10477268;pubmed:10477269;pubmed:10477270;pubmed:2141093;pubmed:2630803;pubmed:6301709
FBA	Fructose-bisphosphate aldolase	fdp_c <=> dhap_c + g3p_c	ALDOC or ALDOA or ALDOB	Glycolysis / Gluconeogenesis	0		doi:10.1016/B978-0-12-677201-2.X5001-6;pubmed:10477268;pubmed:10477269;pubmed:10477270;pubmed:2141093;pubmed:2630803;pubmed:889843
HPTALDHx	Heptanal (FAL 7:0) dehydrogenase (NADH)	h2o_c + hptal_c + nad_c --> 2.0 h_c + hpta_c + nadh_c	ALDH3A1 or ALDH9A1 or ALDH1A1 or ALDH3B1 or ALDH3A2	Miscellaneous	0		pubmed:19296407;pubmed:2372192;pubmed:23721920;pubmed:28783931
HPTEAL2EDHx	Heptenal (FAL 7:0(2E)) dehydrogenase (NADH)	h2o_c + hpteal_2E_c + nad_c --> 2.0 h_c + hptea_2E_c + nadh_c	ALDH3A1 or ALDH9A1 or ALDH1A1 or ALDH3B1 or ALDH3A2	Miscellaneous	0		pubmed:19296407;pubmed:2372192;pubmed:23721920;pubmed:28783931
HXALDHx	Hexanal (FAL 6:0) dehydrogenase (NADH)	h2o_c + hxal_c + nad_c --> 2.0 h_c + hxa_c + nadh_c	ALDH3A1 or ALDH9A1 or ALDH1A1 or ALDH3B1 or ALDH3A2	Miscellaneous	0		pubmed:19296407;pubmed:2372192;pubmed:23721920;pubmed:28783931
HXEAL2EDHx	Hexenal (FAL 6:0(2E)) dehydrogenase (NADH)	h2o_c + hxeal_2E_c + nad_c --> 2.0 h_c + hxea_2E_c + nadh_c	ALDH3A1 or ALDH9A1 or ALDH1A1 or ALDH3B1 or ALDH3A2	Miscellaneous	0		pubmed:19296407;pubmed:2372192;pubmed:23721920;pubmed:28783931;pubmed:30914451
INSULINGTHOR	Insulin disulfide:glutathione oxidoreductase	2.0 gthrd_c + insulinox_c --> gthox_c + insulinrd_c	PDIA6 or P4HB or PDIA3 or PDIA4 or TXNDC5	Miscellaneous	0		pubmed:7030366
NONALDHx	Nonanal (FAL 9:0) dehydrogenase (NADH)	h2o_c + nad_c + nonal_c --> 2.0 h_c + nadh_c + nona_c	ALDH3A1 or ALDH9A1 or ALDH1A1 or ALDH3B1 or ALDH3A2	Miscellaneous	0		pubmed:19296407;pubmed:2372192;pubmed:23721920;pubmed:28783931
NONEAL2EDHx	Nonenal (FAL 9:0(2E)) dehydrogenase (NADH)	h2o_c + nad_c + noneal_2E_c --> 2.0 h_c + nadh_c + nonea_2E_c	ALDH3A1 or ALDH9A1 or ALDH1A1 or ALDH3B1 or ALDH3A2	Miscellaneous	0		pubmed:19296407;pubmed:2372192;pubmed:23721920;pubmed:28783931
OCTALDHx	Octanal (FAL 8:0) dehydrogenase (NADH)	h2o_c + nad_c + octal_c --> 2.0 h_c + nadh_c + octa_c	ALDH3A1 or ALDH9A1 or ALDH1A1 or ALDH3B1 or ALDH3A2	Miscellaneous	0		pubmed:19296407;pubmed:2372192;pubmed:23721920;pubmed:28783931
OCTEAL2EDHx	Octenal (FAL 8:0(2E)) dehydrogenase (NADH)	h2o_c + nad_c + octeal_2E_c --> 2.0 h_c + nadh_c + octea_2E_c	ALDH3A1 or ALDH9A1 or ALDH1A1 or ALDH3B1 or ALDH3A2	Miscellaneous	0		pubmed:19296407;pubmed:2372192;pubmed:23721920;pubmed:28783931
PEPTDPROI	Peptidylprolyl isomerase	protein_pepproW0_c <=> protein_pepproW180_c	PPIA or FKBP2 or FKBP1A or PPIB or PTPA or FKBP4 or FKBP2 or FKBP3 or FKBP4 or FKBP5	Miscellaneous	0		pubmed:33806028
CYTK1	Cytidylate kinase (ATP:CMP)	atp_c + cmp_c <=> adp_c + cdp_c	CMPK1 or CMPK2	Nucleotide metabolism	0		pubmed:178178;pubmed:180018;pubmed:36070;pubmed:40615
CYTK13	Cytidylate kinase (dATP:dCMP)	datp_c + dcmp_c <=> dadp_c + dcdp_c	CMPK1 or CMPK2	Nucleotide metabolism	0		pubmed:178178;pubmed:180018;pubmed:36070;pubmed:40615
CYTK2	Cytidylate kinase (ATP:dCMP)	atp_c + dcmp_c <=> adp_c + dcdp_c	CMPK1 or CMPK2	Nucleotide metabolism	0		pubmed:178178;pubmed:180018;pubmed:36070;pubmed:40615
CYTK8	Cytidylate kinase (dATP:CMP)	cmp_c + datp_c <=> cdp_c + dadp_c	CMPK1 or CMPK2	Nucleotide metabolism	0		pubmed:178178;pubmed:180018;pubmed:36070;pubmed:40615
NTPA	NTP phosphohydrolase (ATP)	atp_c + h2o_c --> adp_c + h_c + pi_c	HSP90AA1 or HSPA8 or RUVBL2 or RUVBL1 or VCP or ACTB or ABCE1 or VPS4A or ACTG1 or NSF or ACTA1 or ACTC1	Nucleotide metabolism	0	ABCE1 (12);ACTB (17);ACTG1 (10);HSP90AA1 (18);HSPA8 (23);NSF (16);RUVBL1 (17);RUVBL2 (20);VCP (21);VPS4A (10)	pubmed:4230833
NTPG	NTP phosphohydrolase (GTP)	gtp_c + h2o_c --> gdp_c + h_c + pi_c	RAC1 or RAB5C or RAB11B or CDC42 or RAP2B or KRAS or RAB5B or RAB10 or RAB3C or RAB8A or RAB11B or DNM2 or RHOA or RAP1A or RALA or RAN or NRAS or RAB6B or RAB2B or RAB5A or RAB1A or ABCE1 or ARF6 or RAB2A or EEF2 or ARF1 or DNM3	Nucleotide metabolism	0	ABCE1 (12);ARF6 (11);CDC42 (20);DNM2 (17);EEF2 (17);KRAS (18);NRAS (13);RAB10 (18);RAB11B (16);RAB1A (11);RAB2A (12);RAB2B (12);RAB5A (12);RAB5B (20);RAB5C (21);RAB6B (13);RAB8A (18);RAC1 (19);RALA (15);RAN (14);RAP1A (18);RAP2B (20);RHOA (16)	pubmed:4230833
UMPK1	Uridylate kinase (ATP:UMP)	atp_c + ump_c <=> adp_c + udp_c	CMPK1 or CMPK2	Nucleotide metabolism	0		pubmed:178178;pubmed:180018;pubmed:36070;pubmed:40615
UMPK5	Uridylate kinase (dATP:UMP)	datp_c + ump_c <=> dadp_c + udp_c	CMPK1 or CMPK2	Nucleotide metabolism	0		pubmed:178178;pubmed:180018;pubmed:36070;pubmed:40615
FBA2	Fructose-1-phosphate aldolase	f1p_c <=> dhap_c + glyald_c	ALDOC or ALDOA or ALDOB	Pentose phosphate pathway	0		pubmed:31473074;pubmed:5641904
FBA3	"Sedoheptulose 1,7-bisphosphate aldolase"	s17bp_c <=> dhap_c + e4p_c	ALDOC or ALDOA or ALDOB	Pentose phosphate pathway	0		pubmed:31473074;pubmed:5641904
FBA6	"Octulose 1,8-diphosphate aldolase"	o18bp_c <=> dhap_c + r5p_c	ALDOC or ALDOA or ALDOB	Pentose phosphate pathway	0		pubmed:31473074;pubmed:5641904
ACMDAC	N-acetyl-L-methionine deacetylase	acmet__L_c + h2o_c --> ac_c + met__L_c	ACY1	Peptide metabolism	0		pubmed:10719179;pubmed:7275011
PROTSK	L-seryl-[protein] kinase	atp_c + protein_ser__L_c --> adp_c + h_c + protein_serpi_c	(PRKACA and PRKAR1B and PRKAR2B) or PRKG1 or (PRKACB and PRKAR1B) or RPS6KA4 or (PRKACA and PRKACB and PRKAR1A) or MAP2K3 or MAP2K2 or CDK4 or CSNK1A1 or MAP2K6 or MAPKAPK2 or STK11 or ROCK2 or PRKACB or MAPK1 or CSNK1G3 or (PRKACB and PRKAR1B and PRKAR2B) or (PRKACA and PRKACB and PRKAR1B and PRKAR2B) or PRKACA or (CSNK2A2 and CSNK2B) or PRKCB or (PRKACA and PRKACB and PRKAR1B) or MAPK3 or (PRKAA1 and PRKAB1 and PRKAG1) or (PRKACB and PRKAR1A) or (PRKACA and PRKACB and PRKAR2B) or (PRKACA and PRKACB and PRKAR1A and PRKAR1B) or PAK2 or (PRKACA and PRKACB and PRKAR1A and PRKAR2B) or (PRKACA and PRKAR1B) or (PRKACA and PRKAR1A and PRKAR1B) or (CSNK2A1 and CSNK2B) or WNK1 or (PRKACA and PRKAR1A) or (PRKACA and PRKAR2B) or (PRKACB and PRKAR1A and PRKAR1B) or GSK3A or RPS6KA3 or (PRKACB and PRKAR2B) or CSNK1G1 or PRKCA or RPS6KA5 or OXSR1 or (PRKACA and PRKAR1A and PRKAR2B) or MAP2K1 or PRKD1 or PRKCI or PRKCZ or (PRKACB and PRKAR1A and PRKAR2B) or (CSNK2A2 and CSNK2A1 and CSNK2B) or BMP2K or CDK2 or CDK5 or CDK6 or CSNK1G2	Protein modification	0		pubmed:19758581;pubmed:20231105
PROTSPP	O-phospho-L-seryl-[protein] phosphatase	h2o_c + protein_serpi_c --> pi_c + protein_ser__L_c	CPPED1 or PPP1CC or PPP1CA or (PPP2CB and PPP2R1A and PPP2R5D) or (PPP2CA and PPP2R1B and PPP2R5B) or (PPP2CB and PPP2R1B and PPP2R5D) or (PPP2CA and PPP2R1B) or (PPP2CB and PPP2R1B) or (PPP2CA and PPP2R1A and PPP2R5B) or (PPP2CB and PPP2R1A and PPP2R5B) or (PPP2CA and PPP2R1A and PPP2R5D) or (PPP2CA and PPP2R1B and PPP2R5D) or (PPP2CB and PPP2R1B and PPP2R5B) or (PPP2CB and PPP2R1A) or (PPP2CA and PPP2R1A) or PPP1CB or DUSP23	Protein modification	0		pubmed:19758581;pubmed:20231105
PROTTK	L-threonyl-[protein] kinase	atp_c + protein_thr__L_c --> adp_c + h_c + protein_thrpi_c	(PRKACA and PRKAR1B and PRKAR2B) or PRKG1 or (PRKACB and PRKAR1B) or RPS6KA4 or (PRKACA and PRKACB and PRKAR1A) or MAP2K3 or MAP2K2 or CDK4 or CSNK1A1 or MAP2K6 or MAPKAPK2 or STK11 or ROCK2 or PRKACB or MAPK1 or CSNK1G3 or (PRKACB and PRKAR1B and PRKAR2B) or (PRKACA and PRKACB and PRKAR1B and PRKAR2B) or PRKACA or (CSNK2A2 and CSNK2B) or PRKCB or (PRKACA and PRKACB and PRKAR1B) or MAPK3 or (PRKAA1 and PRKAB1 and PRKAG1) or (PRKACB and PRKAR1A) or (PRKACA and PRKACB and PRKAR2B) or (PRKACA and PRKACB and PRKAR1A and PRKAR1B) or PAK2 or (PRKACA and PRKACB and PRKAR1A and PRKAR2B) or (PRKACA and PRKAR1B) or (PRKACA and PRKAR1A and PRKAR1B) or (CSNK2A1 and CSNK2B) or WNK1 or (PRKACA and PRKAR1A) or (PRKACA and PRKAR2B) or (PRKACB and PRKAR1A and PRKAR1B) or GSK3A or RPS6KA3 or (PRKACB and PRKAR2B) or CSNK1G1 or PRKCA or RPS6KA5 or OXSR1 or (PRKACA and PRKAR1A and PRKAR2B) or MAP2K1 or PRKD1 or PRKCI or PRKCZ or (PRKACB and PRKAR1A and PRKAR2B) or (CSNK2A2 and CSNK2A1 and CSNK2B) or BMP2K or CDK2 or CDK5 or CDK6 or CSNK1G2	Protein modification	0		pubmed:19758581;pubmed:20231105
PROTTPP	O-phospho-L-threonyl-[protein] phosphatase	h2o_c + protein_thrpi_c --> pi_c + protein_thr__L_c	CPPED1 or PPP1CC or PPP1CA or (PPP2CB and PPP2R1A and PPP2R5D) or (PPP2CA and PPP2R1B and PPP2R5B) or (PPP2CB and PPP2R1B and PPP2R5D) or (PPP2CA and PPP2R1B) or (PPP2CB and PPP2R1B) or (PPP2CA and PPP2R1A and PPP2R5B) or (PPP2CB and PPP2R1A and PPP2R5B) or (PPP2CA and PPP2R1A and PPP2R5D) or (PPP2CA and PPP2R1B and PPP2R5D) or (PPP2CB and PPP2R1B and PPP2R5B) or (PPP2CB and PPP2R1A) or (PPP2CA and PPP2R1A) or PPP1CB or DUSP23	Protein modification	0		pubmed:19758581;pubmed:20231105
PROTYK	L-tyrosyl-[protein] kinase	atp_c + protein_tyr__L_c --> adp_c + h_c + protein_tyrpi_c	FYN or MAP2K3 or MAP2K1 or LYN or JAK3 or SYK or HCK or MAP2K6 or INSR	Protein modification	0		pubmed:19758581;pubmed:20231105;pubmed:2418829
PROTYPP	O-phospho-L-tyrosyl-[protein] phosphatase	h2o_c + protein_tyrpi_c --> pi_c + protein_tyr__L_c	ACP1 or MDP1 or PTPN11 or PGP or PTPN1 or PTPN3 or PTPN6 or DUSP23	Protein modification	0		pubmed:19758581;pubmed:20231105
NDPK1	Nucleoside-diphosphate kinase (ATP:GDP)	atp_c + gdp_c <=> adp_c + gtp_c	NME1 or (NME1 and NME2) or NME2 or (NME1 and NME3) or AK1 or CMPK1 or NME3 or CMPK2	Pyrimidine metabolism	0		doi:10.1016/B978-0-12-677201-2.X5001-6;pubmed:1332781;pubmed:1851158;pubmed:211386;pubmed:23416111;pubmed:24495878;pubmed:4072092;pubmed:5555569;pubmed:5562833;pubmed:5903722;pubmed:5916396;pubmed:5940
NDPK3	Nucleoside-diphosphate kinase (ATP:CDP)	atp_c + cdp_c <=> adp_c + ctp_c	NME1 or (NME1 and NME2) or NME2 or (NME1 and NME3) or AK1 or CMPK1 or NME3 or CMPK2	Pyrimidine metabolism	0		pubmed:1332781;pubmed:1851158;pubmed:211386;pubmed:23416111;pubmed:24495878;pubmed:5555569;pubmed:5562833;pubmed:5903722;pubmed:5916396;pubmed:5940
ACYP2	Acetyl phosphate phosphohydrolase	actp_c + h2o_c --> ac_c + h_c + pi_c	ACYP1 or ACYP2	Pyruvate metabolism	0		pubmed:1645713;pubmed:3026468;pubmed:4311179
HXDCAL2EDHx	(2E)-hexadecenal (FAL 16:1(2E))  dehydrogenase (NADH)	h2o_c + hxdceal_2E_c + nad_c --> FA_hs_16_2E_c + 2.0 h_c + nadh_c	ALDH3B1 or ALDH3A2	Sphingolipid metabolism	0		pubmed:2372192;pubmed:23721920;pubmed:35573876
HXDCAL2EDHy	(2E)-hexadecenal (FAL 16:1(2E))  dehydrogenase (NADPH)	h2o_c + hxdceal_2E_c + nadp_c --> FA_hs_16_2E_c + 2.0 h_c + nadph_c	ALDH3B1 or ALDH3A2	Sphingolipid metabolism	0		pubmed:2372192;pubmed:23721920;pubmed:35573876
HXDCALDHx	Hexadecanal (FAL 16:0)  dehydrogenase (NADH)	h2o_c + hxdcal_c + nad_c --> FA_hs_16_0_c + 2.0 h_c + nadh_c	ALDH3B1 or ALDH3A2	Sphingolipid metabolism	0		pubmed:2372192;pubmed:23721920;pubmed:35573876
HXDCALDHy	Hexadecenal (FAL 16:0)  dehydrogenase (NADPH)	h2o_c + hxdcal_c + nadp_c --> FA_hs_16_0_c + 2.0 h_c + nadph_c	ALDH3B1 or ALDH3A2	Sphingolipid metabolism	0		pubmed:2372192;pubmed:23721920;pubmed:35573876
SMPD	Sphingomyelin phosphodiesterase	h2o_c + sphmyln_hs_c --> cholp_c + crm_hs_c + h_c	SMPD1 or SMPD3	Sphingolipid metabolism	0		pubmed:15741229;pubmed:21749329;pubmed:22824271;pubmed:26014962;pubmed:27352097;pubmed:32367017;pubmed:35573876;pubmed:6327723
2ABUTtec	(S)-2-aminobutanoate transport via facilitated diffusion (extracellular to cytosol)	2abut_c <=> 2abut_e	(SLC7A5 and SLC3A2) or SLC43A1 or SLC43A2	"Transport, extracellular"	0		pubmed:32318874;pubmed:7055559;pubmed:7915653
2HB_5OXPROtex	2-hydroxybutyrate/5-oxoproline exchange	2hb_c + 5oxpro_e <=> 2hb_e + 5oxpro_c	(SLC16A1 and BSG) or (SLC16A1 and EMB) or (SLC16A7 and EMB)	"Transport, extracellular"	0		pubmed:11005765;pubmed:12739169;pubmed:22131303;pubmed:22162139;pubmed:22878645;pubmed:25371203;pubmed:6764785;pubmed:8476015
2HB_ACACtex	2-hydroxybutyrate/Acetoacetate exchange	2hb_c + acac_e <=> 2hb_e + acac_c	(SLC16A1 and BSG) or (SLC16A1 and EMB) or (SLC16A7 and EMB)	"Transport, extracellular"	0		pubmed:11005765;pubmed:12739169;pubmed:22131303;pubmed:22162139;pubmed:22878645;pubmed:25371203;pubmed:6764785;pubmed:8476015
2HB_ACtex	2-hydroxybutyrate/Acetate exchange	2hb_c + ac_e <=> 2hb_e + ac_c	(SLC16A1 and BSG) or (SLC16A1 and EMB) or (SLC16A7 and EMB)	"Transport, extracellular"	0		pubmed:11005765;pubmed:12739169;pubmed:22131303;pubmed:22162139;pubmed:22878645;pubmed:25371203;pubmed:6764785;pubmed:8476015
2HB_BUTtex	2-hydroxybutyrate/Butyrate exchange	2hb_c + but_e <=> 2hb_e + but_c	(SLC16A1 and BSG) or (SLC16A1 and EMB) or (SLC16A7 and EMB)	"Transport, extracellular"	0		pubmed:11005765;pubmed:12739169;pubmed:22131303;pubmed:22162139;pubmed:22878645;pubmed:25371203;pubmed:6764785;pubmed:8476015
2HB_DLACtex	2-hydroxybutyrate/D-lactate exchange	2hb_c + lac__D_e <=> 2hb_e + lac__D_c	(SLC16A1 and BSG) or (SLC16A1 and EMB) or (SLC16A7 and EMB)	"Transport, extracellular"	0		pubmed:11005765;pubmed:12739169;pubmed:22131303;pubmed:22162139;pubmed:22878645;pubmed:25371203;pubmed:6764785;pubmed:8476015
2HB_GLYCLTtex	2-hydroxybutyrate/Glycolate exchange	2hb_c + glyclt_e <=> 2hb_e + glyclt_c	(SLC16A1 and BSG) or (SLC16A1 and EMB) or (SLC16A7 and EMB)	"Transport, extracellular"	0		pubmed:11005765;pubmed:12739169;pubmed:22131303;pubmed:22162139;pubmed:22878645;pubmed:25371203;pubmed:6764785;pubmed:8476015
2HB_PPAtex	2-hydroxybutyrate/Propanoate exchange	2hb_c + ppa_e <=> 2hb_e + ppa_c	(SLC16A1 and BSG) or (SLC16A1 and EMB) or (SLC16A7 and EMB)	"Transport, extracellular"	0		pubmed:11005765;pubmed:12739169;pubmed:22131303;pubmed:22162139;pubmed:22878645;pubmed:25371203;pubmed:6764785;pubmed:8476015
2HBt2	2-hydroxybutyrate transport via proton symport	2hb_c + h_c <=> 2hb_e + h_e	(SLC16A1 and BSG) or (SLC16A1 and EMB) or (SLC16A7 and EMB)	"Transport, extracellular"	0		pubmed:11005765;pubmed:12739169;pubmed:22131303;pubmed:22162139;pubmed:22878645;pubmed:25371203;pubmed:6764785;pubmed:8476015
2OBUT_2HBtex	2-oxobutyrate/2-hydroxybutyrate exchange	2hb_e + 2obut_c <=> 2hb_c + 2obut_e	(SLC16A1 and BSG) or (SLC16A1 and EMB) or (SLC16A7 and EMB)	"Transport, extracellular"	0		pubmed:11005765;pubmed:12739169;pubmed:22131303;pubmed:22162139;pubmed:22878645;pubmed:25371203;pubmed:6764785;pubmed:8476015
2OBUT_5OXPROtex	2-oxobutyrate/5-oxoproline exchange	2obut_c + 5oxpro_e <=> 2obut_e + 5oxpro_c	(SLC16A1 and BSG) or (SLC16A1 and EMB) or (SLC16A7 and EMB)	"Transport, extracellular"	0		pubmed:11005765;pubmed:12739169;pubmed:22131303;pubmed:22162139;pubmed:22878645;pubmed:25371203;pubmed:6764785;pubmed:8476015
2OBUT_ACACtex	2-oxobutyrate/Acetoacetate exchange	2obut_c + acac_e <=> 2obut_e + acac_c	(SLC16A1 and BSG) or (SLC16A1 and EMB) or (SLC16A7 and EMB)	"Transport, extracellular"	0		pubmed:11005765;pubmed:12739169;pubmed:22131303;pubmed:22162139;pubmed:22878645;pubmed:25371203;pubmed:6764785;pubmed:8476015
2OBUT_ACtex	2-oxobutyrate/Acetate exchange	2obut_c + ac_e <=> 2obut_e + ac_c	(SLC16A1 and BSG) or (SLC16A1 and EMB) or (SLC16A7 and EMB)	"Transport, extracellular"	0		pubmed:11005765;pubmed:12739169;pubmed:22131303;pubmed:22162139;pubmed:22878645;pubmed:25371203;pubmed:6764785;pubmed:8476015
2OBUT_BUTtex	2-oxobutyrate/Butyrate exchange	2obut_c + but_e <=> 2obut_e + but_c	(SLC16A1 and BSG) or (SLC16A1 and EMB) or (SLC16A7 and EMB)	"Transport, extracellular"	0		pubmed:11005765;pubmed:12739169;pubmed:22131303;pubmed:22162139;pubmed:22878645;pubmed:25371203;pubmed:6764785;pubmed:8476015
2OBUT_DLACtex	2-oxobutyrate/D-lactate exchange	2obut_c + lac__D_e <=> 2obut_e + lac__D_c	(SLC16A1 and BSG) or (SLC16A1 and EMB) or (SLC16A7 and EMB)	"Transport, extracellular"	0		pubmed:11005765;pubmed:12739169;pubmed:22131303;pubmed:22162139;pubmed:22878645;pubmed:25371203;pubmed:6764785;pubmed:8476015
2OBUT_GLYCLTtex	2-oxobutyrate/Glycolate exchange	2obut_c + glyclt_e <=> 2obut_e + glyclt_c	(SLC16A1 and BSG) or (SLC16A1 and EMB) or (SLC16A7 and EMB)	"Transport, extracellular"	0		pubmed:11005765;pubmed:12739169;pubmed:22131303;pubmed:22162139;pubmed:22878645;pubmed:25371203;pubmed:6764785;pubmed:8476015
2OBUT_LLACtex	2-oxobutyrate/L-lactate exchange	2obut_c + lac__L_e <=> 2obut_e + lac__L_c	(SLC16A1 and BSG) or (SLC16A1 and EMB) or (SLC16A7 and EMB)	"Transport, extracellular"	0		pubmed:11005765;pubmed:12739169;pubmed:22131303;pubmed:22162139;pubmed:22878645;pubmed:25371203;pubmed:6764785;pubmed:8476015
2OBUT_PPAtex	2-oxobutyrate/Propanoate exchange	2obut_c + ppa_e <=> 2obut_e + ppa_c	(SLC16A1 and BSG) or (SLC16A1 and EMB) or (SLC16A7 and EMB)	"Transport, extracellular"	0		pubmed:11005765;pubmed:12739169;pubmed:22131303;pubmed:22162139;pubmed:22878645;pubmed:25371203;pubmed:6764785;pubmed:8476015
2OBUTt	2-oxobutanoate transport in via proton symport	2obut_c + h_c <=> 2obut_e + h_e	(SLC16A1 and BSG) or (SLC16A1 and EMB) or (SLC16A7 and EMB)	"Transport, extracellular"	0		pubmed:11005765;pubmed:12739169;pubmed:22131303;pubmed:22162139;pubmed:22878645;pubmed:25371203;pubmed:6764785;pubmed:8476015
5OXPRO_ACACtex	5-oxoproline/Acetoacetate exchange	5oxpro_c + acac_e <=> 5oxpro_e + acac_c	(SLC16A1 and BSG) or (SLC16A1 and EMB) or (SLC16A7 and EMB)	"Transport, extracellular"	0		pubmed:11005765;pubmed:12739169;pubmed:22131303;pubmed:22162139;pubmed:22878645;pubmed:25371203;pubmed:6764785;pubmed:8476015
5OXPRO_ACtex	5-oxoproline/Acetate exchange	5oxpro_c + ac_e <=> 5oxpro_e + ac_c	(SLC16A1 and BSG) or (SLC16A1 and EMB) or (SLC16A7 and EMB)	"Transport, extracellular"	0		pubmed:11005765;pubmed:12739169;pubmed:22131303;pubmed:22162139;pubmed:22878645;pubmed:25371203;pubmed:6764785;pubmed:8476015
5OXPRO_BUTtex	5-oxoproline/Butyrate exchange	5oxpro_c + but_e <=> 5oxpro_e + but_c	(SLC16A1 and BSG) or (SLC16A1 and EMB) or (SLC16A7 and EMB)	"Transport, extracellular"	0		pubmed:11005765;pubmed:12739169;pubmed:22131303;pubmed:22162139;pubmed:22878645;pubmed:25371203;pubmed:6764785;pubmed:8476015
5OXPRO_DLACtex	5-oxoproline/D-lactate exchange	5oxpro_c + lac__D_e <=> 5oxpro_e + lac__D_c	(SLC16A1 and BSG) or (SLC16A1 and EMB) or (SLC16A7 and EMB)	"Transport, extracellular"	0		pubmed:11005765;pubmed:12739169;pubmed:22131303;pubmed:22162139;pubmed:22878645;pubmed:25371203;pubmed:6764785;pubmed:8476015
5OXPRO_GLYCLTtex	5-oxoproline/Glycolate exchange	5oxpro_c + glyclt_e <=> 5oxpro_e + glyclt_c	(SLC16A1 and BSG) or (SLC16A1 and EMB) or (SLC16A7 and EMB)	"Transport, extracellular"	0		pubmed:11005765;pubmed:12739169;pubmed:22131303;pubmed:22162139;pubmed:22878645;pubmed:25371203;pubmed:6764785;pubmed:8476015
5OXPRO_PPAtex	5-oxoproline/Propanoate exchange	5oxpro_c + ppa_e <=> 5oxpro_e + ppa_c	(SLC16A1 and BSG) or (SLC16A1 and EMB) or (SLC16A7 and EMB)	"Transport, extracellular"	0		pubmed:11005765;pubmed:12739169;pubmed:22131303;pubmed:22162139;pubmed:22878645;pubmed:25371203;pubmed:6764785;pubmed:8476015
5OXPROt2	5-oxoproline transport via proton symport	5oxpro_c + h_c <=> 5oxpro_e + h_e	(SLC16A1 and BSG) or (SLC16A1 and EMB) or (SLC16A7 and EMB)	"Transport, extracellular"	0		pubmed:11005765;pubmed:12739169;pubmed:22131303;pubmed:22162139;pubmed:22878645;pubmed:25371203;pubmed:6764785;pubmed:8476015
ACAC_ACtex	Acetoacetate/Acetate exchange	ac_e + acac_c <=> ac_c + acac_e	(SLC16A1 and BSG) or (SLC16A1 and EMB) or (SLC16A7 and EMB)	"Transport, extracellular"	0		pubmed:11005765;pubmed:12739169;pubmed:22131303;pubmed:22162139;pubmed:22878645;pubmed:25371203;pubmed:6764785;pubmed:8476015
ACAC_GLYCLTtex	Acetoacetate/Glycolate exchange	acac_c + glyclt_e <=> acac_e + glyclt_c	(SLC16A1 and BSG) or (SLC16A1 and EMB) or (SLC16A7 and EMB)	"Transport, extracellular"	0		pubmed:11005765;pubmed:12739169;pubmed:22131303;pubmed:22162139;pubmed:22878645;pubmed:25371203;pubmed:6764785;pubmed:8476015
ACACt2	Acetoacetate transport via proton symport	acac_c + h_c <=> acac_e + h_e	(SLC16A1 and BSG) or (SLC16A1 and EMB) or (SLC16A7 and EMB)	"Transport, extracellular"	0		pubmed:11005765;pubmed:12739169;pubmed:22131303;pubmed:22162139;pubmed:22878645;pubmed:25371203;pubmed:6764785;pubmed:8476015
AC_GLYCLTtex	Acetate/Glycolate exchange	ac_c + glyclt_e <=> ac_e + glyclt_c	(SLC16A1 and BSG) or (SLC16A1 and EMB) or (SLC16A7 and EMB)	"Transport, extracellular"	0		pubmed:11005765;pubmed:12739169;pubmed:22131303;pubmed:22162139;pubmed:22878645;pubmed:25371203;pubmed:6764785;pubmed:8476015
ACt2	Acetate transport via proton symport	ac_c + h_c <=> ac_e + h_e	(SLC16A1 and BSG) or (SLC16A1 and EMB) or (SLC16A7 and EMB)	"Transport, extracellular"	0		pubmed:11005765;pubmed:12739169;pubmed:22131303;pubmed:22162139;pubmed:22878645;pubmed:25371203;pubmed:5027080;pubmed:6764785;pubmed:8476015
ASNtec	L-asparagine transport via facilitated diffusion	asn__L_c <=> asn__L_e	(SLC7A5 and SLC3A2) or SLC43A1 or SLC43A2	"Transport, extracellular"	0		pubmed:32318874;pubmed:7055559;pubmed:7915653
BUT_ACACtex	Butyrate/Acetoacetate exchange	acac_e + but_c <=> acac_c + but_e	(SLC16A1 and BSG) or (SLC16A1 and EMB) or (SLC16A7 and EMB)	"Transport, extracellular"	0		pubmed:11005765;pubmed:12739169;pubmed:22131303;pubmed:22162139;pubmed:22878645;pubmed:25371203;pubmed:6764785;pubmed:8476015
BUT_ACtex	Butyrate/Acetate exchange	ac_e + but_c <=> ac_c + but_e	(SLC16A1 and BSG) or (SLC16A1 and EMB) or (SLC16A7 and EMB)	"Transport, extracellular"	0		pubmed:11005765;pubmed:12739169;pubmed:22131303;pubmed:22162139;pubmed:22878645;pubmed:25371203;pubmed:6764785;pubmed:8476015
BUT_GLYCLTtex	Butyrate/Glycolate exchange	but_c + glyclt_e <=> but_e + glyclt_c	(SLC16A1 and BSG) or (SLC16A1 and EMB) or (SLC16A7 and EMB)	"Transport, extracellular"	0		pubmed:11005765;pubmed:12739169;pubmed:22131303;pubmed:22162139;pubmed:22878645;pubmed:25371203;pubmed:6764785;pubmed:8476015
BUT_PPAtex	Butyrate/Propanoate exchange	but_c + ppa_e <=> but_e + ppa_c	(SLC16A1 and BSG) or (SLC16A1 and EMB) or (SLC16A7 and EMB)	"Transport, extracellular"	0		pubmed:11005765;pubmed:12739169;pubmed:22131303;pubmed:22162139;pubmed:22878645;pubmed:25371203;pubmed:6764785;pubmed:8476015
BUTt2r	Butyrate transport via H+ symport	but_c + h_c <=> but_e + h_e	(SLC16A1 and BSG) or (SLC16A1 and EMB) or (SLC16A7 and EMB)	"Transport, extracellular"	0		pubmed:11005765;pubmed:12739169;pubmed:22131303;pubmed:22162139;pubmed:22878645;pubmed:25371203;pubmed:6764785;pubmed:8476015
CYSIt	L-cystine transport via facilitated diffusion (extracellular to cytosol)	cysi__L_c <=> cysi__L_e	(SLC7A5 and SLC3A2) or SLC43A1 or SLC43A2	"Transport, extracellular"	0		pubmed:32318874;pubmed:7055559;pubmed:7915653
CYStec	L-cysteine transport via facilitated diffusion (extracellular to cytosol)	cys__L_c <=> cys__L_e	(SLC7A5 and SLC3A2) or SLC43A1 or SLC43A2	"Transport, extracellular"	0		pubmed:32318874;pubmed:7055559;pubmed:7915653
DLAC_ACACtex	D-lactate/Acetoacetate exchange	acac_e + lac__D_c <=> acac_c + lac__D_e	(SLC16A1 and BSG) or (SLC16A1 and EMB) or (SLC16A7 and EMB)	"Transport, extracellular"	0		pubmed:11005765;pubmed:12739169;pubmed:22131303;pubmed:22162139;pubmed:22878645;pubmed:25371203;pubmed:6764785;pubmed:8476015
DLAC_ACtex	D-lactate/Acetate exchange	ac_e + lac__D_c <=> ac_c + lac__D_e	(SLC16A1 and BSG) or (SLC16A1 and EMB) or (SLC16A7 and EMB)	"Transport, extracellular"	0		pubmed:11005765;pubmed:12739169;pubmed:22131303;pubmed:22162139;pubmed:22878645;pubmed:25371203;pubmed:6764785;pubmed:8476015
DLAC_BUTtex	D-lactate/Butyrate exchange	but_e + lac__D_c <=> but_c + lac__D_e	(SLC16A1 and BSG) or (SLC16A1 and EMB) or (SLC16A7 and EMB)	"Transport, extracellular"	0		pubmed:11005765;pubmed:12739169;pubmed:22131303;pubmed:22162139;pubmed:22878645;pubmed:25371203;pubmed:6764785;pubmed:8476015
DLAC_GLYCLTtex	D-lactate/Glycolate exchange	glyclt_e + lac__D_c <=> glyclt_c + lac__D_e	(SLC16A1 and BSG) or (SLC16A1 and EMB) or (SLC16A7 and EMB)	"Transport, extracellular"	0		pubmed:11005765;pubmed:12739169;pubmed:22131303;pubmed:22162139;pubmed:22878645;pubmed:25371203;pubmed:6764785;pubmed:8476015
DLAC_PPAtex	D-lactate/Propanoate exchange	lac__D_c + ppa_e <=> lac__D_e + ppa_c	(SLC16A1 and BSG) or (SLC16A1 and EMB) or (SLC16A7 and EMB)	"Transport, extracellular"	0		pubmed:11005765;pubmed:12739169;pubmed:22131303;pubmed:22162139;pubmed:22878645;pubmed:25371203;pubmed:6764785;pubmed:8476015
D_LACt2	D-lactate transport via proton symport	h_c + lac__D_c <=> h_e + lac__D_e	(SLC16A1 and BSG) or (SLC16A1 and EMB) or (SLC16A7 and EMB)	"Transport, extracellular"	0		pubmed:11005765;pubmed:12739169;pubmed:22131303;pubmed:22162139;pubmed:22878645;pubmed:25371203;pubmed:6764785;pubmed:8476015
GLNtec	L-glutamine transport via facilitated diffusion	gln__L_c <=> gln__L_e	(SLC7A5 and SLC3A2) or SLC43A1 or SLC43A2	"Transport, extracellular"	0		pubmed:32318874;pubmed:7055559;pubmed:7915653
GLYCLTt2	Glycolate transport via proton symport	glyclt_c + h_c <=> glyclt_e + h_e	(SLC16A1 and BSG) or (SLC16A1 and EMB) or (SLC16A7 and EMB)	"Transport, extracellular"	0		pubmed:11005765;pubmed:12739169;pubmed:22131303;pubmed:22162139;pubmed:22878645;pubmed:25371203;pubmed:6764785;pubmed:8476015
GLYtec	Glycine transport via facilitated diffusion (extracellular to cytosol)	gly_c <=> gly_e	(SLC7A5 and SLC3A2) or SLC43A1 or SLC43A2	"Transport, extracellular"	0		pubmed:32318874;pubmed:7055559;pubmed:7320944;pubmed:7915653
H2SUCCt	Transport of succinate via proton symport	2.0 h_c + succ_c <=> 2.0 h_e + succ_e	(SLC16A1 and BSG) or (SLC16A1 and EMB) or (SLC16A7 and EMB)	"Transport, extracellular"	0		pubmed:32946811	Protonated succinate can be transported via monocarboxylate transporter.
HCYSte	L-homocysteine transport via facilitated diffusion (extracellular to cytosol)	hcys__L_c <=> hcys__L_e	(SLC7A5 and SLC3A2) or SLC43A1 or SLC43A2	"Transport, extracellular"	0		pubmed:1623596;pubmed:32318874;pubmed:36671064;pubmed:7055559;pubmed:7240192;pubmed:7915653	Homocysteine shares carrier systems with cysteine
HIStec	L-histidine transport via facilitated diffusion (extracellular/cytosol)	his__L_c <=> his__L_e	(SLC7A5 and SLC3A2) or SLC43A1 or SLC43A2	"Transport, extracellular"	0		pubmed:32318874;pubmed:7055559;pubmed:7915653
ILEtec	L-isoleucine transport via facilitated diffusion (extracellular/cytosol)	ile__L_c <=> ile__L_e	(SLC7A5 and SLC3A2) or SLC43A1 or SLC43A2	"Transport, extracellular"	0		pubmed:32318874;pubmed:7055559;pubmed:7915653
LEUtec	L-leucine transport via facilitated diffusion (extracellular/cytosol)	leu__L_c <=> leu__L_e	(SLC7A5 and SLC3A2) or SLC43A1 or SLC43A2	"Transport, extracellular"	0		pubmed:32318874;pubmed:7055559;pubmed:7915653
LHCYSTINt	L-homocystine transport via facilitated diffusion (extracellular to cytosol)	hcystin__L_c <=> hcystin__L_e	(SLC7A5 and SLC3A2) or SLC43A1 or SLC43A2	"Transport, extracellular"	0		pubmed:32318874;pubmed:7055559;pubmed:7915653
LKYNRtr	L-kynurenine transport via facilitated diffusion	kynr__L_c <=> kynr__L_e	(SLC7A5 and SLC3A2) or SLC43A1 or SLC43A2	"Transport, extracellular"	0		pubmed:32318874;pubmed:7055559;pubmed:7915653;pubmed:37976448
LLAC_2HBtex	L-lactate/2-hydroxybutyrate exchange	2hb_e + lac__L_c <=> 2hb_c + lac__L_e	(SLC16A1 and BSG) or (SLC16A1 and EMB) or (SLC16A7 and EMB)	"Transport, extracellular"	0		pubmed:11005765;pubmed:12739169;pubmed:22131303;pubmed:22162139;pubmed:22878645;pubmed:25371203;pubmed:6764785;pubmed:8476015
LLAC_5OXPROtex	L-lactate/5-oxoproline exchange	5oxpro_e + lac__L_c <=> 5oxpro_c + lac__L_e	(SLC16A1 and BSG) or (SLC16A1 and EMB) or (SLC16A7 and EMB)	"Transport, extracellular"	0		pubmed:11005765;pubmed:12739169;pubmed:22131303;pubmed:22162139;pubmed:22878645;pubmed:25371203;pubmed:6764785;pubmed:8476015
LLAC_ACACtex	L-lactate/Acetoacetate exchange	acac_e + lac__L_c <=> acac_c + lac__L_e	(SLC16A1 and BSG) or (SLC16A1 and EMB) or (SLC16A7 and EMB)	"Transport, extracellular"	0		pubmed:11005765;pubmed:12739169;pubmed:22131303;pubmed:22162139;pubmed:22878645;pubmed:25371203;pubmed:6764785;pubmed:8476015
LLAC_ACtex	L-lactate/Acetate exchange	ac_e + lac__L_c <=> ac_c + lac__L_e	(SLC16A1 and BSG) or (SLC16A1 and EMB) or (SLC16A7 and EMB)	"Transport, extracellular"	0		pubmed:11005765;pubmed:12739169;pubmed:22131303;pubmed:22162139;pubmed:22878645;pubmed:25371203;pubmed:6764785;pubmed:8476015
LLAC_BUTtex	L-lactate/Butyrate exchange	but_e + lac__L_c <=> but_c + lac__L_e	(SLC16A1 and BSG) or (SLC16A1 and EMB) or (SLC16A7 and EMB)	"Transport, extracellular"	0		pubmed:11005765;pubmed:12739169;pubmed:22131303;pubmed:22162139;pubmed:22878645;pubmed:25371203;pubmed:6764785;pubmed:8476015
LLAC_DLACtex	L-lactate/D-lactate exchange	lac__D_e + lac__L_c <=> lac__D_c + lac__L_e	(SLC16A1 and BSG) or (SLC16A1 and EMB) or (SLC16A7 and EMB)	"Transport, extracellular"	0		pubmed:11005765;pubmed:12739169;pubmed:22131303;pubmed:22162139;pubmed:22878645;pubmed:25371203;pubmed:6764785;pubmed:8476015
LLAC_GLYCLTtex	L-lactate/Glycolate exchange	glyclt_e + lac__L_c <=> glyclt_c + lac__L_e	(SLC16A1 and BSG) or (SLC16A1 and EMB) or (SLC16A7 and EMB)	"Transport, extracellular"	0		pubmed:11005765;pubmed:12739169;pubmed:22131303;pubmed:22162139;pubmed:22878645;pubmed:25371203;pubmed:6764785;pubmed:8476015
LLAC_PPAtex	L-lactate/Propanoate exchange	lac__L_c + ppa_e <=> lac__L_e + ppa_c	(SLC16A1 and BSG) or (SLC16A1 and EMB) or (SLC16A7 and EMB)	"Transport, extracellular"	0		pubmed:11005765;pubmed:12739169;pubmed:22131303;pubmed:22162139;pubmed:22878645;pubmed:25371203;pubmed:6764785;pubmed:8476015
L_LACt2	L-lactate transport via proton symport	h_c + lac__L_c <=> h_e + lac__L_e	(SLC16A1 and BSG) or (SLC16A1 and EMB) or (SLC16A7 and EMB)	"Transport, extracellular"	0		pubmed:11005765;pubmed:12739169;pubmed:22131303;pubmed:22162139;pubmed:22878645;pubmed:25371203;pubmed:6764785;pubmed:8476015
METtec	L-methionine transport via facilitated diffusion (extracellular/cytosol)	met__L_c <=> met__L_e	(SLC7A5 and SLC3A2) or SLC43A1 or SLC43A2	"Transport, extracellular"	0		pubmed:1623596;pubmed:32318874;pubmed:7055559;pubmed:7240192;pubmed:7915653
PHEtec	L-phenylalanine transport via facilitated diffusion (extracellular/cytosol)	phe__L_c <=> phe__L_e	(SLC7A5 and SLC3A2) or SLC43A1 or SLC43A2 or SLC16A10	"Transport, extracellular"	0		pubmed:32318874;pubmed:7055559;pubmed:7915653
PPA_ACACtex	Propanoate/Acetoacetate exchange	acac_e + ppa_c <=> acac_c + ppa_e	(SLC16A1 and BSG) or (SLC16A1 and EMB) or (SLC16A7 and EMB)	"Transport, extracellular"	0		pubmed:11005765;pubmed:12739169;pubmed:22131303;pubmed:22162139;pubmed:22878645;pubmed:25371203;pubmed:6764785;pubmed:8476015
PPA_ACtex	Propanoate/Acetate exchange	ac_e + ppa_c <=> ac_c + ppa_e	(SLC16A1 and BSG) or (SLC16A1 and EMB) or (SLC16A7 and EMB)	"Transport, extracellular"	0		pubmed:11005765;pubmed:12739169;pubmed:22131303;pubmed:22162139;pubmed:22878645;pubmed:25371203;pubmed:6764785;pubmed:8476015
PPA_GLYCLTtex	Propanoate/Glycolate exchange	glyclt_e + ppa_c <=> glyclt_c + ppa_e	(SLC16A1 and BSG) or (SLC16A1 and EMB) or (SLC16A7 and EMB)	"Transport, extracellular"	0		pubmed:11005765;pubmed:12739169;pubmed:22131303;pubmed:22162139;pubmed:22878645;pubmed:25371203;pubmed:6764785;pubmed:8476015
PPAt2r	Propanoate transport via H+ symport	h_c + ppa_c <=> h_e + ppa_e	(SLC16A1 and BSG) or (SLC16A1 and EMB) or (SLC16A7 and EMB)	"Transport, extracellular"	0		pubmed:11005765;pubmed:12739169;pubmed:22131303;pubmed:22162139;pubmed:22878645;pubmed:25371203;pubmed:6764785;pubmed:8476015
PROtec	L-proline transport via facilitated diffusion	pro__L_c <=> pro__L_e	(SLC7A5 and SLC3A2) or SLC43A1 or SLC43A2	"Transport, extracellular"	0		pubmed:32318874;pubmed:7055559;pubmed:7915653
PYR_2HBtex	Pyruvate/2-hydroxybutyrate exchange	2hb_e + pyr_c <=> 2hb_c + pyr_e	(SLC16A1 and BSG) or (SLC16A1 and EMB) or (SLC16A7 and EMB)	"Transport, extracellular"	0		pubmed:11005765;pubmed:12739169;pubmed:22131303;pubmed:22162139;pubmed:22878645;pubmed:25371203;pubmed:6764785;pubmed:8476015
PYR_2OBUTtex	Pyruvate/2-oxobutyrate exchange	2obut_e + pyr_c <=> 2obut_c + pyr_e	(SLC16A1 and BSG) or (SLC16A1 and EMB) or (SLC16A7 and EMB)	"Transport, extracellular"	0		pubmed:11005765;pubmed:12739169;pubmed:22131303;pubmed:22162139;pubmed:22878645;pubmed:25371203;pubmed:6764785;pubmed:8476015
PYR_5OXPROtex	Pyruvate/5-oxoproline exchange	5oxpro_e + pyr_c <=> 5oxpro_c + pyr_e	(SLC16A1 and BSG) or (SLC16A1 and EMB) or (SLC16A7 and EMB)	"Transport, extracellular"	0		pubmed:11005765;pubmed:12739169;pubmed:22131303;pubmed:22162139;pubmed:22878645;pubmed:25371203;pubmed:6764785;pubmed:8476015
PYR_ACACtex	Pyruvate/Acetoacetate exchange	acac_e + pyr_c <=> acac_c + pyr_e	(SLC16A1 and BSG) or (SLC16A1 and EMB) or (SLC16A7 and EMB)	"Transport, extracellular"	0		pubmed:11005765;pubmed:12739169;pubmed:22131303;pubmed:22162139;pubmed:22878645;pubmed:25371203;pubmed:6764785;pubmed:8476015
PYR_ACtex	Pyruvate/Acetate exchange	ac_e + pyr_c <=> ac_c + pyr_e	(SLC16A1 and BSG) or (SLC16A1 and EMB) or (SLC16A7 and EMB)	"Transport, extracellular"	0		pubmed:11005765;pubmed:12739169;pubmed:22131303;pubmed:22162139;pubmed:22878645;pubmed:25371203;pubmed:6764785;pubmed:8476015
PYR_BUTtex	Pyruvate/Butyrate exchange	but_e + pyr_c <=> but_c + pyr_e	(SLC16A1 and BSG) or (SLC16A1 and EMB) or (SLC16A7 and EMB)	"Transport, extracellular"	0		pubmed:11005765;pubmed:12739169;pubmed:22131303;pubmed:22162139;pubmed:22878645;pubmed:25371203;pubmed:6764785;pubmed:8476015
PYR_DLACtex	Pyruvate/D-lactate exchange	lac__D_e + pyr_c <=> lac__D_c + pyr_e	(SLC16A1 and BSG) or (SLC16A1 and EMB) or (SLC16A7 and EMB)	"Transport, extracellular"	0		pubmed:11005765;pubmed:12739169;pubmed:22131303;pubmed:22162139;pubmed:22878645;pubmed:25371203;pubmed:6764785;pubmed:8476015
PYR_GLYCLTtex	Pyruvate/Glycolate exchange	glyclt_e + pyr_c <=> glyclt_c + pyr_e	(SLC16A1 and BSG) or (SLC16A1 and EMB) or (SLC16A7 and EMB)	"Transport, extracellular"	0		pubmed:11005765;pubmed:12739169;pubmed:22131303;pubmed:22162139;pubmed:22878645;pubmed:25371203;pubmed:6764785;pubmed:8476015
PYR_LLACtex	Pyruvate/L-lactate exchange	lac__L_e + pyr_c <=> lac__L_c + pyr_e	(SLC16A1 and BSG) or (SLC16A1 and EMB) or (SLC16A7 and EMB)	"Transport, extracellular"	0		pubmed:11005765;pubmed:12739169;pubmed:22131303;pubmed:22162139;pubmed:22878645;pubmed:25371203;pubmed:6764785;pubmed:8476015
PYR_PPAtex	Pyruvate/Propanoate exchange	ppa_e + pyr_c <=> ppa_c + pyr_e	(SLC16A1 and BSG) or (SLC16A1 and EMB) or (SLC16A7 and EMB)	"Transport, extracellular"	0		pubmed:11005765;pubmed:12739169;pubmed:22131303;pubmed:22162139;pubmed:22878645;pubmed:25371203;pubmed:6764785;pubmed:8476015
PYRt2	Pyruvate transport in via proton symport	h_c + pyr_c <=> h_e + pyr_e	(SLC16A1 and BSG) or (SLC16A1 and EMB) or (SLC16A7 and EMB)	"Transport, extracellular"	0		pubmed:11005765;pubmed:12739169;pubmed:22131303;pubmed:22162139;pubmed:22878645;pubmed:25371203;pubmed:6764785;pubmed:8476015
SERtec	L-serine transport via facilitated diffusion	ser__L_c <=> ser__L_e	(SLC7A5 and SLC3A2) or SLC43A1 or SLC43A2	"Transport, extracellular"	0		pubmed:32318874;pubmed:7055559;pubmed:7915653
TETIODTHYt2	"3,3',5,5'-Tetraiodo-L-thyronine transport via passive diffusion"	tetiodthy__L_c <=> tetiodthy__L_e	(SLC7A5 and SLC3A2) or SLC16A10	"Transport, extracellular"	0		pubmed:34925607;pubmed:4479710;pubmed:7915653;pubmed:11564694
THRtec	L-threonine transport via facilitated diffusion	thr__L_c <=> thr__L_e	(SLC7A5 and SLC3A2) or SLC43A1 or SLC43A2	"Transport, extracellular"	0		pubmed:32318874;pubmed:7055559;pubmed:7915653
TRIIODTHYt2	"3,5,3'-Triiodo-L-thyronine (T3) transport via facilitated diffusion"	triiodthy__L_c <=> triiodthy__L_e	(SLC7A5 and SLC3A2) or SLC16A10	"Transport, extracellular"	0		pubmed:34925607;pubmed:4479710;pubmed:7915653;pubmed:11564694
TRPtec	L-tyrptophan transport via facilitated diffusion (extracellular/cytosol)	trp__L_c <=> trp__L_e	(SLC7A5 and SLC3A2) or SLC43A1 or SLC43A2 or SLC16A10	"Transport, extracellular"	0		pubmed:32318874;pubmed:7055559;pubmed:7915653
TYRtec	L-tyrosine transport via facilitated diffusion (extracellular/cytosol)	tyr__L_c <=> tyr__L_e	(SLC7A5 and SLC3A2) or SLC43A1 or SLC43A2 or SLC16A10	"Transport, extracellular"	0		pubmed:32318874;pubmed:7055559;pubmed:7915653
VALtec	L-valine transport via facilitated diffusion (extracellular/cytosol)	val__L_c <=> val__L_e	(SLC7A5 and SLC3A2) or SLC43A1 or SLC43A2	"Transport, extracellular"	0		pubmed:32318874;pubmed:7055559;pubmed:7915653
UBIQE1ACT	ubiquitin:[E1 ubiquitin-activating enzyme] ligase (AMP-forming)	atp_c + e1act_cys__L_c + h2o_c + ubiquitin_c --> amp_c + h_c + ppi_c + ubiqSe1act_cys__L_c	UBB and (UBA1 or UBA6)	Ubiquitin mediated proteolysis	0		pubmed:15095787;pubmed:21508250;pubmed:34564533;pubmed:7721801
UBIQE1E2T	S-ubiquitinyl-[E1 ubiquitin-activating enzyme]-L-cysteine:[E2 ubiquitin-conjugating enzyme] ubiquitinyl transferase	e2conj_cys__L_c + ubiqSe1act_cys__L_c --> e1act_cys__L_c + ubiqSe2conj_cys__L_c	UBB and (UBE2L3 or CDC34)	Ubiquitin mediated proteolysis	0		pubmed:15095787;pubmed:21508250;pubmed:34564533;pubmed:7721801
UBIQE1T	[E1 ubiquitin-activating enzyme]-S-ubiquitinyl-L-cysteine:L-lysine ubiquitinyl transferase ([E3 ubiquitin transferase]-independent)	accprot_lys__L_c + ubiqSe1act_cys__L_c --> accprot_monoubiqlys_c + e1act_cys__L_c	UBB and (UBE2O or CDC34)	Ubiquitin mediated proteolysis	0		pubmed:15095787;pubmed:21508250;pubmed:34564533;pubmed:7721801
UBIQE2CONJT	[E2 ubiquitin-conjugating enzyme]-S-ubiquitinyl-L-cysteine:[acceptor protein] ubiquitin transferase	accprot_lys__L_c + ubiqSe2conj_cys__L_c --> accprot_ubiqlys_c + e2conj_cys__L_c	UBB and (UBR4 or HUWE1 or (UBAC1 and RNF123) or (CAND1 and RBX1 and CUL1 and SKP1))	Ubiquitin mediated proteolysis	0		pubmed:15095787;pubmed:21508250;pubmed:34564533;pubmed:7721801
5FLURAABCte	ATP-binding Cassette (ABC) export of 5-fluorouracil	5flura_c  + atp_c + h2o_c --> 5flura_e + adp_c + h_c + pi_c	ABCG2 or ABCC4 or ABCC5	"Transport, extracellular"	0		pubmed:16309273;pubmed:32996603
5FLURAt	Transport of 5-fluorouracil	5flura_c <=> 5flura_e	SLC29A1	"Transport, extracellular"	0		pubmed:8347174
ALAASNex	L-alanine/L-asparagine exchange	ala__L_c + asn__L_e <=> ala__L_e + asn__L_c	(SLC7A5 and SLC3A2)	"Transport, extracellular"	0		pubmed:37976448;pubmed:36582828		MAR05482
ALACYSex	L-alanine/L-cysteine exchange	ala__L_c + cys__L_e <=> ala__L_e + cys__L_c	(SLC7A5 and SLC3A2)	"Transport, extracellular"	0		pubmed:37976448;pubmed:36582828		MAR05479
ALAGLNex	L-alanine/L-glutamine exchange	ala__L_c + gln__L_e <=> ala__L_e + gln__L_c	(SLC7A5 and SLC3A2)	"Transport, extracellular"	0		pubmed:37976448;pubmed:36582828		MAR05473
ALAGLYex	L-alanine/Glycine exchange	ala__L_c + gly_e <=> ala__L_e + gly_c	(SLC7A5 and SLC3A2)	"Transport, extracellular"	0		pubmed:37976448;pubmed:36582828		MAR05458
ALAILEex	L-alanine/L-isoleucine exchange	ala__L_c + ile__L_e <=> ala__L_e + ile__L_c	(SLC7A5 and SLC3A2)	"Transport, extracellular"	0		pubmed:37976448;pubmed:36582828		MAR05486
ALALEUex	L-alanine/L-leucine exchange	ala__L_c + leu__L_e <=> ala__L_e + leu__L_c	(SLC7A5 and SLC3A2)	"Transport, extracellular"	0		pubmed:37976448;pubmed:36582828		MAR05480
ALAMETex	L-alanine/L-methionine exchange	ala__L_c + met__L_e <=> ala__L_e + met__L_c	(SLC7A5 and SLC3A2)	"Transport, extracellular"	0		pubmed:37976448;pubmed:36582828		MAR05475
ALAPHEex	L-alanine/L-phenylalanine exchange	ala__L_c + phe__L_e <=> ala__L_e + phe__L_c	(SLC7A5 and SLC3A2)	"Transport, extracellular"	0		pubmed:37976448;pubmed:36582828		MAR05477
ALAPROex	L-alanine/L-proline exchange	ala__L_c + pro__L_e <=> ala__L_e + pro__L_c	(SLC7A5 and SLC3A2)	"Transport, extracellular"	0		pubmed:37976448;pubmed:36582828		MAR05481
ALASERex	L-alanine/L-serine exchange	ala__L_c + ser__L_e <=> ala__L_e + ser__L_c	(SLC7A5 and SLC3A2)	"Transport, extracellular"	0		pubmed:37976448;pubmed:36582828		MAR05474
ALATHRex	L-alanine/L-threonine exchange	ala__L_c + thr__L_e <=> ala__L_e + thr__L_c	(SLC7A5 and SLC3A2)	"Transport, extracellular"	0		pubmed:37976448;pubmed:36582828		MAR05484
ALATRPex	L-alanine/L-tyrptophan exchange	ala__L_c + trp__L_e <=> ala__L_e + trp__L_c	(SLC7A5 and SLC3A2)	"Transport, extracellular"	0		pubmed:37976448;pubmed:36582828		MAR05476
ALATYRex	L-alanine/L-tyrosine exchange	ala__L_c + tyr__L_e <=> ala__L_e + tyr__L_c	(SLC7A5 and SLC3A2)	"Transport, extracellular"	0		pubmed:37976448;pubmed:36582828		MAR05478
ALAVALex	L-alanine/L-valine exchange	ala__L_c + val__L_e <=> ala__L_e + val__L_c	(SLC7A5 and SLC3A2)	"Transport, extracellular"	0		pubmed:37976448;pubmed:36582828		MAR05483
ARDNI2	Acireductone dioxygenase (Ni2+-requiring)	dhmtp_c + o2_c --> 3mtp_c + for_c + h_c + co_c	ADI1	Cysteine and methionine metabolism	1			"According to description of EC 3.1.3.77. Reaction can occur spontaneously under aerobic conditions. Nickel bound to the acireductone dioxygenase results in formation of formate, CO and 3-(methylsulfanyl)propanoate, while iron bound results in formate and 4-(methylsulfanyl)-2-oxobutanoate."	MAR05388
ASNCYSex	L-asparagine/L-cysteine exchange	asn__L_c + cys__L_e <=> asn__L_e + cys__L_c	(SLC7A5 and SLC3A2)	"Transport, extracellular"	0		pubmed:37976448;pubmed:36582828		MAR05552
ASNGLNex	L-asparagine/L-glutamine exchange	asn__L_c + gln__L_e <=> asn__L_e + gln__L_c	(SLC7A5 and SLC3A2)	"Transport, extracellular"	0		pubmed:37976448;pubmed:36582828		MAR05495
ASNGLYex	L-asparagine/Glycine exchange	asn__L_c + gly_e <=> asn__L_e + gly_c	(SLC7A5 and SLC3A2)	"Transport, extracellular"	0		pubmed:37976448;pubmed:36582828		MAR05468
ASNILEex	L-asparagine/L-isoleucine exchange	asn__L_c + ile__L_e <=> asn__L_e + ile__L_c	(SLC7A5 and SLC3A2)	"Transport, extracellular"	0		pubmed:37976448;pubmed:36582828		MAR05571
ASNLEUex	L-asparagine/L-leucine exchange	asn__L_c + leu__L_e <=> asn__L_e + leu__L_c	(SLC7A5 and SLC3A2)	"Transport, extracellular"	0		pubmed:37976448;pubmed:36582828		MAR05558
ASNMETex	L-asparagine/L-methionine exchange	asn__L_c + met__L_e <=> asn__L_e + met__L_c	(SLC7A5 and SLC3A2)	"Transport, extracellular"	0		pubmed:37976448;pubmed:36582828		MAR05518
ASNPHEex	L-asparagine/L-phenylalanine exchange	asn__L_c + phe__L_e <=> asn__L_e + phe__L_c	(SLC7A5 and SLC3A2)	"Transport, extracellular"	0		pubmed:37976448;pubmed:36582828		MAR05537
ASNPROex	L-asparagine/L-proline exchange	asn__L_c + pro__L_e <=> asn__L_e + pro__L_c	(SLC7A5 and SLC3A2)	"Transport, extracellular"	0		pubmed:37976448;pubmed:36582828		MAR05563
ASNSERex	L-asparagine/L-serine exchange	asn__L_c + ser__L_e <=> asn__L_e + ser__L_c	(SLC7A5 and SLC3A2)	"Transport, extracellular"	0		pubmed:37976448;pubmed:36582828		MAR05507
ASNTHRex	L-asparagine/L-threonine exchange	asn__L_c + thr__L_e <=> asn__L_e + thr__L_c	(SLC7A5 and SLC3A2)	"Transport, extracellular"	0		pubmed:37976448;pubmed:36582828		MAR05569
ASNTRPex	L-asparagine/L-tyrptophan exchange	asn__L_c + trp__L_e <=> asn__L_e + trp__L_c	(SLC7A5 and SLC3A2)	"Transport, extracellular"	0		pubmed:37976448;pubmed:36582828		MAR05528
ASNTYRex	L-asparagine/L-tyrosine exchange	asn__L_c + tyr__L_e <=> asn__L_e + tyr__L_c	(SLC7A5 and SLC3A2)	"Transport, extracellular"	0		pubmed:37976448;pubmed:36582828		MAR05545
ASNVALex	L-asparagine/L-valine exchange	asn__L_c + val__L_e <=> asn__L_e + val__L_c	(SLC7A5 and SLC3A2)	"Transport, extracellular"	0		pubmed:37976448;pubmed:36582828		MAR05568
CYSGLNex	L-cysteine/L-glutamine exchange	cys__L_c + gln__L_e <=> cys__L_e + gln__L_c	(SLC7A5 and SLC3A2)	"Transport, extracellular"	0		pubmed:37976448;pubmed:36582828		MAR05492
CYSGLYex	L-cysteine/Glycine exchange	cys__L_c + gly_e <=> cys__L_e + gly_c	(SLC7A5 and SLC3A2)	"Transport, extracellular"	0		pubmed:37976448;pubmed:36582828		MAR05465
CYSILEex	L-cysteine/L-isoleucine exchange	cys__L_c + ile__L_e <=> cys__L_e + ile__L_c	(SLC7A5 and SLC3A2)	"Transport, extracellular"	0		pubmed:37976448;pubmed:36582828		MAR05556
CYSMETex	L-cysteine/L-methionine exchange	cys__L_c + met__L_e <=> cys__L_e + met__L_c	(SLC7A5 and SLC3A2)	"Transport, extracellular"	0		pubmed:37976448;pubmed:36582828		MAR05515
CYSPHEex	L-cysteine/L-phenylalanine exchange	cys__L_c + phe__L_e <=> cys__L_e + phe__L_c	(SLC7A5 and SLC3A2)	"Transport, extracellular"	0		pubmed:37976448;pubmed:36582828		MAR05534
CYSPROex	L-cysteine/L-proline exchange	cys__L_c + pro__L_e <=> cys__L_e + pro__L_c	(SLC7A5 and SLC3A2)	"Transport, extracellular"	0		pubmed:37976448;pubmed:36582828		MAR05551
CYSSERex	L-cysteine/L-serine exchange	cys__L_c + ser__L_e <=> cys__L_e + ser__L_c	(SLC7A5 and SLC3A2)	"Transport, extracellular"	0		pubmed:37976448;pubmed:36582828		MAR05504
CYSTHRex	L-cysteine/L-threonine exchange	cys__L_c + thr__L_e <=> cys__L_e + thr__L_c	(SLC7A5 and SLC3A2)	"Transport, extracellular"	0		pubmed:37976448;pubmed:36582828		MAR05554
CYSTRPex	L-cysteine/L-tyrptophan exchange	cys__L_c + trp__L_e <=> cys__L_e + trp__L_c	(SLC7A5 and SLC3A2)	"Transport, extracellular"	0		pubmed:37976448;pubmed:36582828		MAR05525
CYSTYRex	L-cysteine/L-tyrosine exchange	cys__L_c + tyr__L_e <=> cys__L_e + tyr__L_c	(SLC7A5 and SLC3A2)	"Transport, extracellular"	0		pubmed:37976448;pubmed:36582828		MAR05542
CYSVALex	L-cysteine/L-valine exchange	cys__L_c + val__L_e <=> cys__L_e + val__L_c	(SLC7A5 and SLC3A2)	"Transport, extracellular"	0		pubmed:37976448;pubmed:36582828		MAR05553
DIIODTHYt2	"3,3'-Diiodo-L-thyronine (T2) transport via facilitated diffusion"	diiodthy__L_c <=> diiodthy__L_e	(SLC7A5 and SLC3A2)	"Transport, extracellular"	0		pubmed:11564694
DIIODTHYt2	"3,3'-Diiodo-L-thyronine (T2) transport via facilitated diffusion"	diiodthy__L_c <=> diiodthy__L_e	(SLC7A5 and SLC3A2)	"Transport, extracellular"	0		pubmed:11564694
GLNGLYex	L-glutamine/Glycine exchange	gln__L_c + gly_e <=> gln__L_e + gly_c	(SLC7A5 and SLC3A2)	"Transport, extracellular"	0		pubmed:37976448;pubmed:36582828		MAR05459
GLNILEex	L-glutamine/L-isoleucine exchange	gln__L_c + ile__L_e <=> gln__L_e + ile__L_c	(SLC7A5 and SLC3A2)	"Transport, extracellular"	0		pubmed:37976448;pubmed:36582828		MAR05499
GLNLEUex	L-glutamine/L-leucine exchange	gln__L_c + leu__L_e <=> gln__L_e + leu__L_c	(SLC7A5 and SLC3A2)	"Transport, extracellular"	0		pubmed:37976448;pubmed:36582828		MAR05493
GLNMETex	L-glutamine/L-methionine exchange	gln__L_c + met__L_e <=> gln__L_e + met__L_c	(SLC7A5 and SLC3A2)	"Transport, extracellular"	0		pubmed:37976448;pubmed:36582828		MAR05488
GLNPHEex	L-glutamine/L-phenylalanine exchange	gln__L_c + phe__L_e <=> gln__L_e + phe__L_c	(SLC7A5 and SLC3A2)	"Transport, extracellular"	0		pubmed:37976448;pubmed:36582828		MAR05490
GLNPROex	L-glutamine/L-proline exchange	gln__L_c + pro__L_e <=> gln__L_e + pro__L_c	(SLC7A5 and SLC3A2)	"Transport, extracellular"	0		pubmed:37976448;pubmed:36582828		MAR05494
GLNSERex	L-glutamine/L-serine exchange	gln__L_c + ser__L_e <=> gln__L_e + ser__L_c	(SLC7A5 and SLC3A2)	"Transport, extracellular"	0		pubmed:37976448;pubmed:36582828		MAR05487
GLNTHRex	L-glutamine/L-threonine exchange	gln__L_c + thr__L_e <=> gln__L_e + thr__L_c	(SLC7A5 and SLC3A2)	"Transport, extracellular"	0		pubmed:37976448;pubmed:36582828		MAR05497
GLNTRPex	L-glutamine/L-tyrptophan exchange	gln__L_c + trp__L_e <=> gln__L_e + trp__L_c	(SLC7A5 and SLC3A2)	"Transport, extracellular"	0		pubmed:37976448;pubmed:36582828		MAR05489
GLNTYRex	L-glutamine/L-tyrosine exchange	gln__L_c + tyr__L_e <=> gln__L_e + tyr__L_c	(SLC7A5 and SLC3A2)	"Transport, extracellular"	0		pubmed:37976448;pubmed:36582828		MAR05491
GLNVALex	L-glutamine/L-valine exchange	gln__L_c + val__L_e <=> gln__L_e + val__L_c	(SLC7A5 and SLC3A2)	"Transport, extracellular"	0		pubmed:37976448;pubmed:36582828		MAR05496
GLYILEex	Glycine/L-isoleucine exchange	gly_c + ile__L_e <=> gly_e + ile__L_c	(SLC7A5 and SLC3A2)	"Transport, extracellular"	0		pubmed:37976448;pubmed:36582828		MAR05472
GLYLEUex	Glycine/L-leucine exchange	gly_c + leu__L_e <=> gly_e + leu__L_c	(SLC7A5 and SLC3A2)	"Transport, extracellular"	0		pubmed:37976448;pubmed:36582828		MAR05466
GLYMETex	Glycine/L-methionine exchange	gly_c + met__L_e <=> gly_e + met__L_c	(SLC7A5 and SLC3A2)	"Transport, extracellular"	0		pubmed:37976448;pubmed:36582828		MAR05461
GLYPHEex	Glycine/L-phenylalanine exchange	gly_c + phe__L_e <=> gly_e + phe__L_c	(SLC7A5 and SLC3A2)	"Transport, extracellular"	0		pubmed:37976448;pubmed:36582828		MAR05463
GLYPROex	Glycine/L-proline exchange	gly_c + pro__L_e <=> gly_e + pro__L_c	(SLC7A5 and SLC3A2)	"Transport, extracellular"	0		pubmed:37976448;pubmed:36582828		MAR05467
GLYSERex	Glycine/L-serine exchange	gly_c + ser__L_e <=> gly_e + ser__L_c	(SLC7A5 and SLC3A2)	"Transport, extracellular"	0		pubmed:37976448;pubmed:36582828		MAR05460
GLYTHRex	Glycine/L-threonine exchange	gly_c + thr__L_e <=> gly_e + thr__L_c	(SLC7A5 and SLC3A2)	"Transport, extracellular"	0		pubmed:37976448;pubmed:36582828		MAR05470
GLYTRPex	Glycine/L-tyrptophan exchange	gly_c + trp__L_e <=> gly_e + trp__L_c	(SLC7A5 and SLC3A2)	"Transport, extracellular"	0		pubmed:37976448;pubmed:36582828		MAR05462
GLYTYRex	Glycine/L-tyrosine exchange	gly_c + tyr__L_e <=> gly_e + tyr__L_c	(SLC7A5 and SLC3A2)	"Transport, extracellular"	0		pubmed:37976448;pubmed:36582828		MAR05464
GLYVALex	Glycine/L-valine exchange	gly_c + val__L_e <=> gly_e + val__L_c	(SLC7A5 and SLC3A2)	"Transport, extracellular"	0		pubmed:37976448;pubmed:36582828		MAR05469
HSERALAex	L-homoserine/L-alanine exchange	ala__L_c + hser__L_e <=> ala__L_e + hser__L_c	(SLC7A5 and SLC3A2)	"Transport, extracellular"	0		pubmed:37976448;pubmed:36582828		MAR05485
HSERASNex	L-homoserine/L-asparagine exchange	asn__L_c + hser__L_e <=> asn__L_e + hser__L_c	(SLC7A5 and SLC3A2)	"Transport, extracellular"	0		pubmed:37976448;pubmed:36582828		MAR05570
HSERCYSex	L-homoserine/L-cysteine exchange	cys__L_c + hser__L_e <=> cys__L_e + hser__L_c	(SLC7A5 and SLC3A2)	"Transport, extracellular"	0		pubmed:37976448;pubmed:36582828		MAR05555
HSERGLNex	L-homoserine/L-glutamine exchange	gln__L_c + hser__L_e <=> gln__L_e + hser__L_c	(SLC7A5 and SLC3A2)	"Transport, extracellular"	0		pubmed:37976448;pubmed:36582828		MAR05498
HSERGLYex	L-homoserine/Glycine exchange	gly_c + hser__L_e <=> gly_e + hser__L_c	(SLC7A5 and SLC3A2)	"Transport, extracellular"	0		pubmed:37976448;pubmed:36582828		MAR05471
HSERILEex	L-homoserine/L-isoleucine exchange	hser__L_c + ile__L_e <=> hser__L_e + ile__L_c	(SLC7A5 and SLC3A2)	"Transport, extracellular"	0		pubmed:37976448;pubmed:36582828		MAR05577
HSERL1	Homoserine lyase	hser__L_c --> 2abuten_c + h2o_c	CTH	Cysteine and methionine metabolism
HSERLEUex	L-homoserine/L-leucine exchange	hser__L_c + leu__L_e <=> hser__L_e + leu__L_c	(SLC7A5 and SLC3A2)	"Transport, extracellular"	0		pubmed:37976448;pubmed:36582828		MAR05561
HSERMETex	L-homoserine/L-methionine exchange	hser__L_c + met__L_e <=> hser__L_e + met__L_c	(SLC7A5 and SLC3A2)	"Transport, extracellular"	0		pubmed:37976448;pubmed:36582828		MAR05521
HSERPHEex	L-homoserine/L-phenylalanine exchange	hser__L_c + phe__L_e <=> hser__L_e + phe__L_c	(SLC7A5 and SLC3A2)	"Transport, extracellular"	0		pubmed:37976448;pubmed:36582828		MAR05540
HSERPROex	L-homoserine/L-proline exchange	hser__L_c + pro__L_e <=> hser__L_e + pro__L_c	(SLC7A5 and SLC3A2)	"Transport, extracellular"	0		pubmed:37976448;pubmed:36582828		MAR05566
HSERSERex	L-homoserine/L-serine exchange	hser__L_c + ser__L_e <=> hser__L_e + ser__L_c	(SLC7A5 and SLC3A2)	"Transport, extracellular"	0		pubmed:37976448;pubmed:36582828		MAR05510
HSERTHRex	L-homoserine/L-threonine exchange	hser__L_c + thr__L_e <=> hser__L_e + thr__L_c	(SLC7A5 and SLC3A2)	"Transport, extracellular"	0		pubmed:37976448;pubmed:36582828		MAR05575
HSERTRPex	L-homoserine/L-tyrptophan exchange	hser__L_c + trp__L_e <=> hser__L_e + trp__L_c	(SLC7A5 and SLC3A2)	"Transport, extracellular"	0		pubmed:37976448;pubmed:36582828		MAR05531
HSERTYRex	L-homoserine/L-tyrosine exchange	hser__L_c + tyr__L_e <=> hser__L_e + tyr__L_c	(SLC7A5 and SLC3A2)	"Transport, extracellular"	0		pubmed:37976448;pubmed:36582828		MAR05548
HSERVALex	L-homoserine/L-valine exchange	hser__L_c + val__L_e <=> hser__L_e + val__L_c	(SLC7A5 and SLC3A2)	"Transport, extracellular"	0		pubmed:37976448;pubmed:36582828		MAR05573
ILELEUex	L-isoleucine/L-leucine exchange	ile__L_c + leu__L_e <=> ile__L_e + leu__L_c	(SLC7A5 and SLC3A2)	"Transport, extracellular"	0		pubmed:37976448;pubmed:36582828		MAR05562
ILEMETex	L-isoleucine/L-methionine exchange	ile__L_c + met__L_e <=> ile__L_e + met__L_c	(SLC7A5 and SLC3A2)	"Transport, extracellular"	0		pubmed:37976448;pubmed:36582828		MAR05522
ILEPHEex	L-isoleucine/L-phenylalanine exchange	ile__L_c + phe__L_e <=> ile__L_e + phe__L_c	(SLC7A5 and SLC3A2)	"Transport, extracellular"	0		pubmed:37976448;pubmed:36582828		MAR05541
ILEPROex	L-isoleucine/L-proline exchange	ile__L_c + pro__L_e <=> ile__L_e + pro__L_c	(SLC7A5 and SLC3A2)	"Transport, extracellular"	0		pubmed:37976448;pubmed:36582828		MAR05567
ILESERex	L-isoleucine/L-serine exchange	ile__L_c + ser__L_e <=> ile__L_e + ser__L_c	(SLC7A5 and SLC3A2)	"Transport, extracellular"	0		pubmed:37976448;pubmed:36582828		MAR05511
ILETHRex	L-isoleucine/L-threonine exchange	ile__L_c + thr__L_e <=> ile__L_e + thr__L_c	(SLC7A5 and SLC3A2)	"Transport, extracellular"	0		pubmed:37976448;pubmed:36582828		MAR05576
ILETRPex	L-isoleucine/L-tyrptophan exchange	ile__L_c + trp__L_e <=> ile__L_e + trp__L_c	(SLC7A5 and SLC3A2)	"Transport, extracellular"	0		pubmed:37976448;pubmed:36582828		MAR05532
ILETYRex	L-isoleucine/L-tyrosine exchange	ile__L_c + tyr__L_e <=> ile__L_e + tyr__L_c	(SLC7A5 and SLC3A2)	"Transport, extracellular"	0		pubmed:37976448;pubmed:36582828		MAR05549
ILEVALex	L-isoleucine/L-valine exchange	ile__L_c + val__L_e <=> ile__L_e + val__L_c	(SLC7A5 and SLC3A2)	"Transport, extracellular"	0		pubmed:37976448;pubmed:36582828		MAR05574
IMRBVPT	Nucleoside phosphotransferase (IMP:ribavirin)	ribavirin_c + imp_c --> ins_c + rbvmp_c	NT5C2	Ribavirin metabolism	0		pubmed:15917509;pubmed:2159925
LEULDOPAex	L-leucine/L-dopa exchange	dopa__L_e + leu__L_c <=> dopa__L_c + leu__L_e	(SLC7A5 and SLC3A2)	"Transport, extracellular"	0		pubmed:37976448;pubmed:36582828		MAR06859
LEUMETex	L-leucine/L-methionine exchange	leu__L_c + met__L_e <=> leu__L_e + met__L_c	(SLC7A5 and SLC3A2)	"Transport, extracellular"	0		pubmed:37976448;pubmed:36582828		MAR05516
LEUPHEex	L-leucine/L-phenylalanine exchange	leu__L_c + phe__L_e <=> leu__L_e + phe__L_c	(SLC7A5 and SLC3A2)	"Transport, extracellular"	0		pubmed:37976448;pubmed:36582828		MAR05535
LEUPROex	L-leucine/L-proline exchange	leu__L_c + pro__L_e <=> leu__L_e + pro__L_c	(SLC7A5 and SLC3A2)	"Transport, extracellular"	0		pubmed:37976448;pubmed:36582828		MAR05557
LEUSERex	L-leucine/L-serine exchange	leu__L_c + ser__L_e <=> leu__L_e + ser__L_c	(SLC7A5 and SLC3A2)	"Transport, extracellular"	0		pubmed:37976448;pubmed:36582828		MAR05505
LEUTHRex	L-leucine/L-threonine exchange	leu__L_c + thr__L_e <=> leu__L_e + thr__L_c	(SLC7A5 and SLC3A2)	"Transport, extracellular"	0		pubmed:37976448;pubmed:36582828		MAR05560
LEUTRPex	L-leucine/L-tyrptophan exchange	leu__L_c + trp__L_e <=> leu__L_e + trp__L_c	(SLC7A5 and SLC3A2)	"Transport, extracellular"	0		pubmed:37976448;pubmed:36582828		MAR05526
LEUTYRex	L-leucine/L-tyrosine exchange	leu__L_c + tyr__L_e <=> leu__L_e + tyr__L_c	(SLC7A5 and SLC3A2)	"Transport, extracellular"	0		pubmed:37976448;pubmed:36582828		MAR05543
LEUVALex	L-leucine/L-valine exchange	leu__L_c + val__L_e <=> leu__L_e + val__L_c	(SLC7A5 and SLC3A2)	"Transport, extracellular"	0		pubmed:37976448;pubmed:36582828		MAR05559
MERCPURt	Transport of 6-mercaptopurine	mercpur_c <=> mercpur_e	SLC29A1	"Transport, extracellular"	0		pubmed:32996603
METPHEex	L-methionine/L-phenylalanine exchange	met__L_c + phe__L_e <=> met__L_e + phe__L_c	(SLC7A5 and SLC3A2)	"Transport, extracellular"	0		pubmed:37976448;pubmed:36582828		MAR05513
METPROex	L-methionine/L-proline exchange	met__L_c + pro__L_e <=> met__L_e + pro__L_c	(SLC7A5 and SLC3A2)	"Transport, extracellular"	0		pubmed:37976448;pubmed:36582828		MAR05517
METSERex	L-methionine/L-serine exchange	met__L_c + ser__L_e <=> met__L_e + ser__L_c	(SLC7A5 and SLC3A2)	"Transport, extracellular"	0		pubmed:37976448;pubmed:36582828		MAR05500
METTHRex	L-methionine/L-threonine exchange	met__L_c + thr__L_e <=> met__L_e + thr__L_c	(SLC7A5 and SLC3A2)	"Transport, extracellular"	0		pubmed:37976448;pubmed:36582828		MAR05520
METTRPex	L-methionine/L-tyrptophan exchange	met__L_c + trp__L_e <=> met__L_e + trp__L_c	(SLC7A5 and SLC3A2)	"Transport, extracellular"	0		pubmed:37976448;pubmed:36582828		MAR05512
METTYRex	L-methionine/L-tyrosine exchange	met__L_c + tyr__L_e <=> met__L_e + tyr__L_c	(SLC7A5 and SLC3A2)	"Transport, extracellular"	0		pubmed:37976448;pubmed:36582828		MAR05514
METVALex	L-methionine/L-valine exchange	met__L_c + val__L_e <=> met__L_e + val__L_c	(SLC7A5 and SLC3A2)	"Transport, extracellular"	0		pubmed:37976448;pubmed:36582828		MAR05519
PHEPROex	L-phenylalanine/L-proline exchange	phe__L_c + pro__L_e <=> phe__L_e + pro__L_c	(SLC7A5 and SLC3A2)	"Transport, extracellular"	0		pubmed:37976448;pubmed:36582828		MAR05536
PHESERex	L-phenylalanine/L-serine exchange	phe__L_c + ser__L_e <=> phe__L_e + ser__L_c	(SLC7A5 and SLC3A2)	"Transport, extracellular"	0		pubmed:37976448;pubmed:36582828		MAR05502
PHETHRex	L-phenylalanine/L-threonine exchange	phe__L_c + thr__L_e <=> phe__L_e + thr__L_c	(SLC7A5 and SLC3A2)	"Transport, extracellular"	0		pubmed:37976448;pubmed:36582828		MAR05539
PHETRPex	L-phenylalanine/L-tyrptophan exchange	phe__L_c + trp__L_e <=> phe__L_e + trp__L_c	(SLC7A5 and SLC3A2)	"Transport, extracellular"	0		pubmed:37976448;pubmed:36582828		MAR05523
PHETYRex	L-phenylalanine/L-tyrosine exchange	phe__L_c + tyr__L_e <=> phe__L_e + tyr__L_c	(SLC7A5 and SLC3A2)	"Transport, extracellular"	0		pubmed:37976448;pubmed:36582828		MAR05533
PHEVALex	L-phenylalanine/L-valine exchange	phe__L_c + val__L_e <=> phe__L_e + val__L_c	(SLC7A5 and SLC3A2)	"Transport, extracellular"	0		pubmed:37976448;pubmed:36582828		MAR05538
PROSERex	L-proline/L-serine exchange	pro__L_c + ser__L_e <=> pro__L_e + ser__L_c	(SLC7A5 and SLC3A2)	"Transport, extracellular"	0		pubmed:37976448;pubmed:36582828		MAR05506
PROTHRex	L-proline/L-threonine exchange	pro__L_c + thr__L_e <=> pro__L_e + thr__L_c	(SLC7A5 and SLC3A2)	"Transport, extracellular"	0		pubmed:37976448;pubmed:36582828		MAR05565
PROTRPex	L-proline/L-tyrptophan exchange	pro__L_c + trp__L_e <=> pro__L_e + trp__L_c	(SLC7A5 and SLC3A2)	"Transport, extracellular"	0		pubmed:37976448;pubmed:36582828		MAR05527
PROTYRex	L-proline/L-tyrosine exchange	pro__L_c + tyr__L_e <=> pro__L_e + tyr__L_c	(SLC7A5 and SLC3A2)	"Transport, extracellular"	0		pubmed:37976448;pubmed:36582828		MAR05544
PROVALex	L-proline/L-valine exchange	pro__L_c + val__L_e <=> pro__L_e + val__L_c	(SLC7A5 and SLC3A2)	"Transport, extracellular"	0		pubmed:37976448;pubmed:36582828		MAR05564
RBVDA	Adenosine deaminase (ribavirin)	ribavirin_c + h2o_c --> rbvcbxlt_c + nh4_c	ADA	Ribavirin metabolism	0		pubmed:15917509;pubmed:2159925;pubmed:32996603
RBVDPK	Nucleoside-diphosphate kinase (ATP:6TGDP)	atp_c + rbvdp_c <=> adp_c + rbvtp_c	NME1 or (NME1 and NME2) or NME2	Ribavirin metabolism	0		pubmed:15917509;pubmed:2159925
RBVK	Adenosine kinase	ribavirin_c + atp_c --> adp_c + rbvmp_c + h_c	ADK	Ribavirin metabolism	0		pubmed:15917509;pubmed:2159925
RBVMPK	Guanylate kinase (Ribavirin monophosphate)	rbvmp_c + atp_c --> adp_c + rbvdp_c	GUK1	Ribavirin metabolism	0		pubmed:15917509;pubmed:2159925
RBVNTD	5'-nucleotidase (Ribavirin monophosphate)	h2o_c + rbvmp_c --> pi_c + ribavirin_c	NT5C2	Ribavirin metabolism	0		pubmed:15917509;pubmed:2159925
RBVNTPP	Nucleoside triphosphate pyrophosphorylase (ITP)	h2o_c + rbvtp_c --> h_c + rbvmp_c + ppi_c	ITPA	Ribavirin metabolism	0		pubmed:15917509;pubmed:2159925
RBVPNP	Purine-nucleoside phosphorylase (ribavirin)	ribavirin_c + pi_c <=> triaz3crbxam_c + r1p_c	PNP	Ribavirin metabolism	0		pubmed:15917509;pubmed:2159925
RBVt	Transport of ribavirin	ribavirin_c <=> ribavirin_e	SLC29A1	"Transport, extracellular"	0		pubmed:15917509;pubmed:2159925;pubmed:9605565;pubmed:32996603
SERTHRex	L-serine/L-threonine exchange	ser__L_c + thr__L_e <=> ser__L_e + thr__L_c	(SLC7A5 and SLC3A2)	"Transport, extracellular"	0		pubmed:37976448;pubmed:36582828		MAR05509
SERTRPex	L-serine/L-tyrptophan exchange	ser__L_c + trp__L_e <=> ser__L_e + trp__L_c	(SLC7A5 and SLC3A2)	"Transport, extracellular"	0		pubmed:37976448;pubmed:36582828		MAR05501
SERTYRex	L-serine/L-tyrosine exchange	ser__L_c + tyr__L_e <=> ser__L_e + tyr__L_c	(SLC7A5 and SLC3A2)	"Transport, extracellular"	0		pubmed:37976448;pubmed:36582828		MAR05503
SERVALex	L-serine/L-valine exchange	ser__L_c + val__L_e <=> ser__L_e + val__L_c	(SLC7A5 and SLC3A2)	"Transport, extracellular"	0		pubmed:37976448;pubmed:36582828		MAR05508
THGDPK	Nucleoside-diphosphate kinase (ATP:6TGDP)	atp_c + thiogdp_c <=> adp_c + thiogtp_c	NME1 or (NME1 and NME2) or NME2	Azathioprine and 6-mercaptopurine metabolism	0		pubmed:20216118
THGMPABCte	ATP-binding Cassette (ABC) export of 6-thioguanosine monophosphate	thiogmp_c  + atp_c + h2o_c --> thiogmp_e + adp_c + h_c + pi_c	ABCC4 or ABCC5	"Transport, extracellular"	0		pubmed:32996603
THGMPK	Guanylate kinase (6-thioguanosine monophosphate)	atp_c + thiogmp_c <=> adp_c + thiogdp_c	GUK1	Azathioprine and 6-mercaptopurine metabolism	0		pubmed:211390;pubmed:197968
THIMPABCte	ATP-binding Cassette (ABC) export of 6-thioinosine monophosphate	thioimp_c  + atp_c + h2o_c --> thioimp_e + adp_c + h_c + pi_c	ABCC4 or ABCC5	"Transport, extracellular"	0		pubmed:32996603
THRTRPex	L-threonine/L-tyrptophan exchange	thr__L_c + trp__L_e <=> thr__L_e + trp__L_c	(SLC7A5 and SLC3A2)	"Transport, extracellular"	0		pubmed:37976448;pubmed:36582828		MAR05530
THRTYRex	L-threonine/L-tyrosine exchange	thr__L_c + tyr__L_e <=> thr__L_e + tyr__L_c	(SLC7A5 and SLC3A2)	"Transport, extracellular"	0		pubmed:37976448;pubmed:36582828		MAR05547
THRVALex	L-threonine/L-valine exchange	thr__L_c + val__L_e <=> thr__L_e + val__L_c	(SLC7A5 and SLC3A2)	"Transport, extracellular"	0		pubmed:37976448;pubmed:36582828		MAR05572
THXMPABCte	ATP-binding Cassette (ABC) export of 6-thioxanthine monophosphate	thioxmp_c  + atp_c + h2o_c --> thioxmp_e + adp_c + h_c + pi_c	ABCC4 or ABCC5	"Transport, extracellular"	0		pubmed:37976448;pubmed:36582828
TRPHLKYNR	3-hydroxy-L-kynurenine/L-tyrptophan exchange	hLkynr_e + trp__L_c <=> hLkynr_c + trp__L_e	(SLC7A5 and SLC3A2)	"Transport, extracellular"	0		pubmed:37976448;pubmed:36582828		MAR09736
TRPTYRex	L-tyrptophan/L-tyrosine exchange	trp__L_c + tyr__L_e <=> trp__L_e + tyr__L_c	(SLC7A5 and SLC3A2)	"Transport, extracellular"	0		pubmed:37976448;pubmed:36582828		MAR05524
TRPVALex	L-tyrptophan/L-valine exchange	trp__L_c + val__L_e <=> trp__L_e + val__L_c	(SLC7A5 and SLC3A2)	"Transport, extracellular"	0		pubmed:37976448;pubmed:36582828		MAR05529
TYRVALex	L-tyrosine/L-valine exchange	tyr__L_c + val__L_e <=> tyr__L_e + val__L_c	(SLC7A5 and SLC3A2)	"Transport, extracellular"	0		pubmed:37976448;pubmed:36582828		MAR05546
BILRUBABCte	ATP-binding Cassette (ABC) export of unconjugated billirubin	bilirub_c  + atp_c + h2o_c --> bilirub_e + adp_c + h_c + pi_c	ABCC4	"Transport, extracellular"	0
3MTPte	3-(methylsulfanyl)propanoate	3mtp_c <=> 3mtp_e		"Transport, extracellular"	0